ISO-10303-21;
HEADER;
/* Generated by software containing ST-Developer
 * from STEP Tools, Inc. (www.steptools.com) 
 */
/* OPTION: using custom renumber hook */

FILE_DESCRIPTION(
/* description */ ('STEP AP242 Edition 2',
'CAx-IF Rec.Pracs.---Representation and Presentation of Product Manufa
cturing Information (PMI)---4.0---2014-10-13',
'CAx-IF Rec.Pracs.---3D Tessellated Geometry---0.4---2014-09-14','2;1',
'CAx-IF Rec.Pracs.---User Defined Attributes---1.5---2016-08-15'),
/* implementation_level */ '2;1');

FILE_NAME(
/* name */ 'Part Studio 1',
/* time_stamp */ '2026-08-18T14:44:23Z',
/* author */ (''),
/* organization */ (''),
/* preprocessor_version */ 'ST-DEVELOPER v20',
/* originating_system */ 'ONSHAPE BY PTC INC, 1.219',
/* authorisation */ '  ');

FILE_SCHEMA (('AP242_MANAGED_MODEL_BASED_3D_ENGINEERING_MIM_LF { 1 0 10303 442 3 1 4 }'));
ENDSEC;

DATA;
#10=CIRCLE('',#635,0.156944989660864);
#11=CIRCLE('',#636,0.156944989660864);
#12=CIRCLE('',#638,0.0109934979169079);
#13=CIRCLE('',#639,0.0109934979169079);
#14=CIRCLE('',#640,0.0109934979169079);
#15=CIRCLE('',#644,0.00620789411050802);
#16=CIRCLE('',#645,0.00620789411050802);
#17=CIRCLE('',#651,0.00882472394519477);
#18=CIRCLE('',#652,0.00882472394519477);
#19=CIRCLE('',#653,0.00882472394519477);
#20=OVER_RIDING_STYLED_ITEM('',(#532),#515,#529);
#21=OVER_RIDING_STYLED_ITEM('',(#533),#516,#529);
#22=OVER_RIDING_STYLED_ITEM('',(#534),#517,#529);
#23=OVER_RIDING_STYLED_ITEM('',(#535),#518,#529);
#24=OVER_RIDING_STYLED_ITEM('',(#536),#519,#529);
#25=OVER_RIDING_STYLED_ITEM('',(#537),#520,#529);
#26=OVER_RIDING_STYLED_ITEM('',(#538),#521,#529);
#27=OVER_RIDING_STYLED_ITEM('',(#539),#522,#529);
#28=OVER_RIDING_STYLED_ITEM('',(#540),#523,#529);
#29=OVER_RIDING_STYLED_ITEM('',(#541),#524,#529);
#30=OVER_RIDING_STYLED_ITEM('',(#542),#525,#529);
#31=LINE('',#5518,#36);
#32=LINE('',#9039,#37);
#33=LINE('',#9044,#38);
#34=LINE('',#9067,#39);
#35=LINE('',#9072,#40);
#36=VECTOR('',#676,1.);
#37=VECTOR('',#695,1.);
#38=VECTOR('',#698,1.);
#39=VECTOR('',#723,1.);
#40=VECTOR('',#726,1.);
#41=CYLINDRICAL_SURFACE('',#625,7.68815733288422);
#42=CYLINDRICAL_SURFACE('',#634,0.156944989660864);
#43=CYLINDRICAL_SURFACE('',#637,0.0109934979169079);
#44=CYLINDRICAL_SURFACE('',#643,0.00620789411050802);
#45=CYLINDRICAL_SURFACE('',#650,0.00882472394519477);
#46=SHAPE_REPRESENTATION_RELATIONSHIP('','',#614,#48);
#47=SHAPE_REPRESENTATION_RELATIONSHIP('','',#615,#49);
#48=ADVANCED_BREP_SHAPE_REPRESENTATION('',(#610),#9083);
#49=ADVANCED_BREP_SHAPE_REPRESENTATION('',(#611),#9084);
#50=(
BOUNDED_SURFACE()
B_SPLINE_SURFACE(3,2,((#3513,#3514,#3515),(#3516,#3517,#3518),(#3519,#3520,
#3521),(#3522,#3523,#3524),(#3525,#3526,#3527),(#3528,#3529,#3530),(#3531,
#3532,#3533),(#3534,#3535,#3536),(#3537,#3538,#3539),(#3540,#3541,#3542),
(#3543,#3544,#3545),(#3546,#3547,#3548),(#3549,#3550,#3551),(#3552,#3553,
#3554),(#3555,#3556,#3557),(#3558,#3559,#3560),(#3561,#3562,#3563),(#3564,
#3565,#3566),(#3567,#3568,#3569),(#3570,#3571,#3572),(#3573,#3574,#3575),
(#3576,#3577,#3578),(#3579,#3580,#3581),(#3582,#3583,#3584),(#3585,#3586,
#3587),(#3588,#3589,#3590),(#3591,#3592,#3593),(#3594,#3595,#3596),(#3597,
#3598,#3599),(#3600,#3601,#3602),(#3603,#3604,#3605),(#3606,#3607,#3608),
(#3609,#3610,#3611),(#3612,#3613,#3614),(#3615,#3616,#3617),(#3618,#3619,
#3620),(#3621,#3622,#3623),(#3624,#3625,#3626),(#3627,#3628,#3629),(#3630,
#3631,#3632),(#3633,#3634,#3635),(#3636,#3637,#3638),(#3639,#3640,#3641),
(#3642,#3643,#3644),(#3645,#3646,#3647),(#3648,#3649,#3650),(#3651,#3652,
#3653),(#3654,#3655,#3656),(#3657,#3658,#3659),(#3660,#3661,#3662),(#3663,
#3664,#3665),(#3666,#3667,#3668),(#3669,#3670,#3671),(#3672,#3673,#3674),
(#3675,#3676,#3677),(#3678,#3679,#3680),(#3681,#3682,#3683),(#3684,#3685,
#3686),(#3687,#3688,#3689),(#3690,#3691,#3692),(#3693,#3694,#3695),(#3696,
#3697,#3698),(#3699,#3700,#3701),(#3702,#3703,#3704),(#3705,#3706,#3707),
(#3708,#3709,#3710),(#3711,#3712,#3713),(#3714,#3715,#3716),(#3717,#3718,
#3719),(#3720,#3721,#3722),(#3723,#3724,#3725),(#3726,#3727,#3728),(#3729,
#3730,#3731),(#3732,#3733,#3734),(#3735,#3736,#3737),(#3738,#3739,#3740),
(#3741,#3742,#3743),(#3744,#3745,#3746),(#3747,#3748,#3749),(#3750,#3751,
#3752),(#3753,#3754,#3755),(#3756,#3757,#3758),(#3759,#3760,#3761),(#3762,
#3763,#3764),(#3765,#3766,#3767),(#3768,#3769,#3770),(#3771,#3772,#3773),
(#3774,#3775,#3776),(#3777,#3778,#3779),(#3780,#3781,#3782),(#3783,#3784,
#3785),(#3786,#3787,#3788),(#3789,#3790,#3791),(#3792,#3793,#3794),(#3795,
#3796,#3797),(#3798,#3799,#3800),(#3801,#3802,#3803),(#3804,#3805,#3806),
(#3807,#3808,#3809),(#3810,#3811,#3812)),.UNSPECIFIED.,.F.,.F.,.F.)
B_SPLINE_SURFACE_WITH_KNOTS((4,1,1,1,1,1,1,1,1,1,1,1,1,1,1,1,1,1,1,1,1,
1,1,1,1,1,1,1,1,1,1,1,1,1,1,1,1,1,1,1,1,1,1,1,1,1,1,1,1,1,1,1,1,1,1,1,1,
1,1,1,1,1,1,1,1,1,1,1,1,1,1,1,1,1,1,1,1,1,1,1,1,1,1,1,1,1,1,1,1,1,1,1,1,
1,1,1,1,4),(3,3),(0.199573375181106,0.199708576713609,0.199843778246112,
0.199911379012363,0.199978979778615,0.200046580544866,0.200080380927992,
0.200114181311118,0.200131081502681,0.200147981694244,0.200156431790025,
0.200160656837916,0.200164881885807,0.200169106933697,0.200173331981588,
0.200181782077369,0.200198682268932,0.200215582460495,0.200249382843621,
0.200283183226747,0.200316983609873,0.200384584376124,0.200519785908627,
0.20065498744113,0.200790188973633,0.200925390506137,0.201195793571143,
0.201466196636149,0.201736599701155,0.202007002766161,0.202277405831167,
0.20281821196118,0.203899824221205,0.204981436481229,0.206063048741254,
0.207144661001279,0.208226273261303,0.209307885521328,0.210389497781353,
0.212552722301402,0.214715946821452,0.216879171341501,0.219042395861551,
0.2212056203816,0.225532069421699,0.229858518461798,0.234184967501897,0.238511416541996,
0.242837865582095,0.251490763662293,0.26014366174249,0.268796559822688,
0.277449457902886,0.286102355983084,0.294755254063282,0.299081703103381,
0.30340815214348,0.307734601183579,0.312061050223677,0.316387499263776,
0.318550723783826,0.320713948303875,0.322877172823925,0.325040397343974,
0.327203621864024,0.329366846384073,0.330448458644098,0.331530070904123,
0.332611683164147,0.333693295424172,0.334774907684197,0.335315713814209,
0.335586116879215,0.335856519944221,0.336126923009228,0.336397326074234,
0.33666772913924,0.336802930671743,0.336938132204246,0.337073333736749,
0.337208535269252,0.337276136035504,0.337343736801755,0.337377537184881,
0.337411337568007,0.33742823775957,0.337432462807461,0.337436687855351,
0.337445137951133,0.337462038142696,0.337478938334259,0.337512738717384,
0.33754653910051,0.337614139866762,0.337681740633013,0.337749341399265,
0.337884542931768,0.338019744464271),(0.,1.),.UNSPECIFIED.)
GEOMETRIC_REPRESENTATION_ITEM()
RATIONAL_B_SPLINE_SURFACE(((1.,0.807592712130374,1.),(1.,0.80762998705932,
1.),(1.,0.807704525375097,1.),(1.,0.807797667698993,1.),(1.,0.807872166219608,
1.),(1.,0.807928024879129,1.),(1.,0.807974586674583,1.),(1.,0.808011786172858,
1.),(1.,0.808035137638448,1.),(1.,0.808053580379148,1.),(1.,0.808065648127016,
1.),(1.,0.808073010079646,1.),(1.,0.80807891478305,1.),(1.,0.808078559513395,
1.),(1.,0.808103443877013,1.),(1.,0.80812708348895,1.),(1.,0.80817118422452,
1.),(1.,0.808228256981703,1.),(1.,0.808314034157824,1.),(1.,0.808410016545864,
1.),(1.,0.808512157571878,1.),(1.,0.808634197874636,1.),(1.,0.808817677133808,
1.),(1.,0.809019441450359,1.),(1.,0.809204386588518,1.),(1.,0.809349809096559,
1.),(1.,0.809505726882402,1.),(1.,0.809647678582377,1.),(1.,0.809765246448144,
1.),(1.,0.809845946995335,1.),(1.,0.809899997943716,1.),(1.,0.809944517318848,
1.),(1.,0.809966569466855,1.),(1.,0.809895534083612,1.),(1.,0.809725119043187,
1.),(1.,0.809505309913892,1.),(1.,0.809254999465799,1.),(1.,0.80898350092486,
1.),(1.,0.808697835902738,1.),(1.,0.808302326125288,1.),(1.,0.807788093881673,
1.),(1.,0.807151302278765,1.),(1.,0.806499184729724,1.),(1.,0.805840469485512,
1.),(1.,0.804959562550557,1.),(1.,0.803852156012168,1.),(1.,0.802514446665673,
1.),(1.,0.801164848092457,1.),(1.,0.799802571489404,1.),(1.,0.797962301396993,
1.),(1.,0.795647624712014,1.),(1.,0.792840244065671,1.),(1.,0.790014909721196,
1.),(1.,0.787217576098762,1.),(1.,0.784470344254448,1.),(1.,0.782315699050001,
1.),(1.,0.780721294348727,1.),(1.,0.779612041124268,1.),(1.,0.778617900674491,
1.),(1.,0.77778078271245,1.),(1.,0.777268097796996,1.),(1.,0.777026148868298,
1.),(1.,0.776946353715922,1.),(1.,0.776992426114714,1.),(1.,0.777198250345511,
1.),(1.,0.777614844925022,1.),(1.,0.778202823645715,1.),(1.,0.778891464912473,
1.),(1.,0.779541721297889,1.),(1.,0.780364230423903,1.),(1.,0.781422289511587,
1.),(1.,0.782587133221512,1.),(1.,0.783654342322237,1.),(1.,0.78436671492578,
1.),(1.,0.784959161685734,1.),(1.,0.785625789180503,1.),(1.,0.786385890654424,
1.),(1.,0.787126482020768,1.),(1.,0.787814282206895,1.),(1.,0.78839070717608,
1.),(1.,0.78904857300707,1.),(1.,0.789693955020371,1.),(1.,0.790301873751106,
1.),(1.,0.790733665707221,1.),(1.,0.791127176223896,1.),(1.,0.791394801808095,
1.),(1.,0.791591211210414,1.),(1.,0.79167905873639,1.),(1.,0.791754441992276,
1.),(1.,0.791727428427127,1.),(1.,0.791754822449171,1.),(1.,0.791761777238226,
1.),(1.,0.791783096562168,1.),(1.,0.791810149904777,1.),(1.,0.791846386277864,
1.),(1.,0.791888831219861,1.),(1.,0.791945783479994,1.),(1.,0.792016842856465,
1.),(1.,0.792073722204336,1.),(1.,0.792102155539753,1.)))
REPRESENTATION_ITEM('')
SURFACE()
);
#51=(
BOUNDED_SURFACE()
B_SPLINE_SURFACE(3,2,((#5519,#5520,#5521),(#5522,#5523,#5524),(#5525,#5526,
#5527),(#5528,#5529,#5530),(#5531,#5532,#5533),(#5534,#5535,#5536),(#5537,
#5538,#5539),(#5540,#5541,#5542),(#5543,#5544,#5545),(#5546,#5547,#5548),
(#5549,#5550,#5551),(#5552,#5553,#5554),(#5555,#5556,#5557),(#5558,#5559,
#5560),(#5561,#5562,#5563),(#5564,#5565,#5566),(#5567,#5568,#5569),(#5570,
#5571,#5572),(#5573,#5574,#5575),(#5576,#5577,#5578),(#5579,#5580,#5581),
(#5582,#5583,#5584),(#5585,#5586,#5587),(#5588,#5589,#5590),(#5591,#5592,
#5593),(#5594,#5595,#5596),(#5597,#5598,#5599),(#5600,#5601,#5602),(#5603,
#5604,#5605),(#5606,#5607,#5608),(#5609,#5610,#5611),(#5612,#5613,#5614),
(#5615,#5616,#5617),(#5618,#5619,#5620),(#5621,#5622,#5623),(#5624,#5625,
#5626),(#5627,#5628,#5629),(#5630,#5631,#5632),(#5633,#5634,#5635),(#5636,
#5637,#5638),(#5639,#5640,#5641),(#5642,#5643,#5644),(#5645,#5646,#5647),
(#5648,#5649,#5650),(#5651,#5652,#5653),(#5654,#5655,#5656),(#5657,#5658,
#5659),(#5660,#5661,#5662),(#5663,#5664,#5665),(#5666,#5667,#5668),(#5669,
#5670,#5671),(#5672,#5673,#5674),(#5675,#5676,#5677),(#5678,#5679,#5680),
(#5681,#5682,#5683),(#5684,#5685,#5686),(#5687,#5688,#5689),(#5690,#5691,
#5692),(#5693,#5694,#5695),(#5696,#5697,#5698),(#5699,#5700,#5701),(#5702,
#5703,#5704),(#5705,#5706,#5707),(#5708,#5709,#5710),(#5711,#5712,#5713),
(#5714,#5715,#5716),(#5717,#5718,#5719),(#5720,#5721,#5722),(#5723,#5724,
#5725),(#5726,#5727,#5728),(#5729,#5730,#5731),(#5732,#5733,#5734),(#5735,
#5736,#5737),(#5738,#5739,#5740),(#5741,#5742,#5743),(#5744,#5745,#5746),
(#5747,#5748,#5749),(#5750,#5751,#5752),(#5753,#5754,#5755),(#5756,#5757,
#5758),(#5759,#5760,#5761),(#5762,#5763,#5764),(#5765,#5766,#5767),(#5768,
#5769,#5770),(#5771,#5772,#5773),(#5774,#5775,#5776),(#5777,#5778,#5779),
(#5780,#5781,#5782),(#5783,#5784,#5785),(#5786,#5787,#5788),(#5789,#5790,
#5791),(#5792,#5793,#5794),(#5795,#5796,#5797),(#5798,#5799,#5800),(#5801,
#5802,#5803),(#5804,#5805,#5806),(#5807,#5808,#5809),(#5810,#5811,#5812),
(#5813,#5814,#5815)),.UNSPECIFIED.,.F.,.F.,.F.)
B_SPLINE_SURFACE_WITH_KNOTS((4,1,1,1,1,1,1,1,1,1,1,1,1,1,1,1,1,1,1,1,1,
1,1,1,1,1,1,1,1,1,1,1,1,1,1,1,1,1,1,1,1,1,1,1,1,1,1,1,1,1,1,1,1,1,1,1,1,
1,1,1,1,1,1,1,1,1,1,1,1,1,1,1,1,1,1,1,1,1,1,1,1,1,1,1,1,1,1,1,1,1,1,1,1,
1,1,1,4),(3,3),(0.199849976269721,0.199980388709943,0.200045594930053,0.200078198040109,
0.200110801150164,0.20014340426022,0.200159705815247,0.200176007370275,
0.200184158147789,0.200188233536546,0.200190271230924,0.200192308925303,
0.200200459702817,0.200208610480331,0.200224912035358,0.200241213590386,
0.200306419810497,0.200371626030608,0.200502038470829,0.200632450911051,
0.200762863351273,0.200893275791494,0.201154100671938,0.201414925552381,
0.201675750432824,0.201936575313268,0.202458225074154,0.202979874835041,
0.203501524595928,0.204023174356815,0.205066473878588,0.206109773400361,
0.207153072922135,0.208196372443908,0.209239671965682,0.210282971487455,
0.212369570531002,0.214456169574549,0.216542768618096,0.218629367661642,
0.220715966705189,0.224889164792283,0.229062362879376,0.23323556096647,
0.237408759053564,0.241581957140657,0.249928353314845,0.258274749489032,
0.266621145663219,0.274967541837407,0.283313938011594,0.291660334185781,
0.295833532272875,0.300006730359969,0.304179928447062,0.308353126534156,
0.31252632462125,0.314612923664796,0.316699522708343,0.31878612175189,0.320872720795437,
0.322959319838984,0.324002619360757,0.325045918882531,0.326089218404304,
0.327132517926077,0.328175817447851,0.329219116969624,0.330262416491398,
0.330784066252284,0.331044891132728,0.331305716013171,0.331566540893614,
0.331827365774058,0.332088190654501,0.332218603094723,0.332349015534944,
0.332479427975166,0.332609840415388,0.332675046635499,0.332740252855609,
0.332772855965665,0.33280545907572,0.332821760630748,0.332829911408262,
0.332833986797019,0.332838062185776,0.33284621296329,0.332854363740803,
0.332870665295831,0.332903268405887,0.332935871515942,0.333001077736053,
0.333066283956164,0.333131490176275,0.333261902616496,0.333392315056718),
(0.,1.),.UNSPECIFIED.)
GEOMETRIC_REPRESENTATION_ITEM()
RATIONAL_B_SPLINE_SURFACE(((1.,0.80780057471317,1.),(1.,0.807836501110682,
1.),(1.,0.807890386577102,1.),(1.,0.80795322348298,1.),(1.,0.807989147268788,
1.),(1.,0.80801602873496,1.),(1.,0.808038616984332,1.),(1.,0.808056263118447,
1.),(1.,0.808068255672467,1.),(1.,0.808074718124114,1.),(1.,0.808080594361759,
1.),(1.,0.808079693806469,1.),(1.,0.808102381823032,1.),(1.,0.80812713823396,
1.),(1.,0.80817544905601,1.),(1.,0.808230207941075,1.),(1.,0.808353929211649,
1.),(1.,0.808508966270146,1.),(1.,0.808732887356242,1.),(1.,0.808945395451764,
1.),(1.,0.809138847910712,1.),(1.,0.809291326832391,1.),(1.,0.809455608260626,
1.),(1.,0.809606391346578,1.),(1.,0.809733111684004,1.),(1.,0.809821721117546,
1.),(1.,0.80990303830864,1.),(1.,0.809951809649954,1.),(1.,0.809957601165047,
1.),(1.,0.809925799764796,1.),(1.,0.809847770706055,1.),(1.,0.809698452595928,
1.),(1.,0.80947410849325,1.),(1.,0.809220744764485,1.),(1.,0.808947297543563,
1.),(1.,0.808660098959584,1.),(1.,0.808263436321943,1.),(1.,0.807748162837199,
1.),(1.,0.807110781702249,1.),(1.,0.806458311766771,1.),(1.,0.805799498360183,
1.),(1.,0.804918518338747,1.),(1.,0.803811348766672,1.),(1.,0.802473872357166,
1.),(1.,0.801124714238977,1.),(1.,0.799762973724962,1.),(1.,0.797923404659279,
1.),(1.,0.795608538948312,1.),(1.,0.792798632255033,1.),(1.,0.789977326947192,
1.),(1.,0.787175753489683,1.),(1.,0.784437957298063,1.),(1.,0.782294488150671,
1.),(1.,0.780708159580443,1.),(1.,0.779604776915563,1.),(1.,0.778615767444656,
1.),(1.,0.777782971574978,1.),(1.,0.777271059593567,1.),(1.,0.77702602152051,
1.),(1.,0.776945944982284,1.),(1.,0.776993588786112,1.),(1.,0.777205099104404,
1.),(1.,0.777560350395671,1.),(1.,0.777990692688164,1.),(1.,0.778401690437152,
1.),(1.,0.778920332859512,1.),(1.,0.779575084982867,1.),(1.,0.780405354457578,
1.),(1.,0.781484742301018,1.),(1.,0.782662269792551,1.),(1.,0.783724620313032,
1.),(1.,0.784427121880822,1.),(1.,0.785012234392872,1.),(1.,0.785670572513252,
1.),(1.,0.786421562428451,1.),(1.,0.787153811715603,1.),(1.,0.787834107390629,
1.),(1.,0.788404529264563,1.),(1.,0.789055701298864,1.),(1.,0.789695099372343,
1.),(1.,0.790296624003676,1.),(1.,0.790725681442258,1.),(1.,0.791112277242692,
1.),(1.,0.791384615323881,1.),(1.,0.791580254566979,1.),(1.,0.791699899837348,
1.),(1.,0.791742650173999,1.),(1.,0.791736564246175,1.),(1.,0.79174567610307,
1.),(1.,0.791750924083261,1.),(1.,0.791764454812953,1.),(1.,0.791781516063192,
1.),(1.,0.791810080896769,1.),(1.,0.791845350610092,1.),(1.,0.791887858145502,
1.),(1.,0.791944466768193,1.),(1.,0.792015244303818,1.),(1.,0.792071853378747,
1.),(1.,0.792100157244445,1.)))
REPRESENTATION_ITEM('')
SURFACE()
);
#52=B_SPLINE_SURFACE_WITH_KNOTS('',3,1,((#798,#799),(#800,#801),(#802,#803),
(#804,#805),(#806,#807),(#808,#809),(#810,#811),(#812,#813),(#814,#815),
(#816,#817),(#818,#819),(#820,#821),(#822,#823),(#824,#825),(#826,#827),
(#828,#829),(#830,#831),(#832,#833),(#834,#835)),
 .SURF_OF_LINEAR_EXTRUSION.,.T.,.F.,.F.,(1,1,1,1,1,1,1,1,1,1,1,1,1,1,1,
1,1,1,1,1,1,1,1),(2,2),(-1.17809724509617,-0.785398163397448,-0.392699081698725,
0.,0.392699081698724,0.785398163397448,1.17809724509617,1.5707963267949,
1.96349540849362,2.35619449019234,2.74889357189107,3.14159265358979,3.53429173528852,
3.92699081698724,4.31968989868597,4.71238898038469,5.10508806208341,5.49778714378214,
5.89048622548086,6.28318530717959,6.67588438887831,7.06858347057703,7.46128255227576),
(0.,1.),.UNSPECIFIED.);
#53=B_SPLINE_SURFACE_WITH_KNOTS('',3,1,((#840,#841),(#842,#843),(#844,#845),
(#846,#847),(#848,#849),(#850,#851),(#852,#853),(#854,#855),(#856,#857),
(#858,#859),(#860,#861),(#862,#863),(#864,#865),(#866,#867),(#868,#869),
(#870,#871),(#872,#873),(#874,#875),(#876,#877),(#878,#879),(#880,#881),
(#882,#883),(#884,#885),(#886,#887),(#888,#889),(#890,#891),(#892,#893),
(#894,#895),(#896,#897),(#898,#899),(#900,#901),(#902,#903),(#904,#905),
(#906,#907),(#908,#909),(#910,#911),(#912,#913),(#914,#915),(#916,#917),
(#918,#919),(#920,#921),(#922,#923),(#924,#925),(#926,#927),(#928,#929),
(#930,#931),(#932,#933),(#934,#935),(#936,#937),(#938,#939),(#940,#941),
(#942,#943)),.SURF_OF_LINEAR_EXTRUSION.,.T.,.F.,.F.,(1,3,1,1,1,1,1,1,1,
1,1,1,1,1,1,1,1,1,1,1,1,1,1,1,1,1,1,1,1,1,1,1,1,1,1,1,1,1,1,1,1,1,1,1,1,
1,1,1,1,1,3,1),(2,2),(-0.0195525578239122,0.,0.017998896423442,0.0361773107431198,
0.051670250542326,0.0717912486088859,0.0880761260695172,0.105905274895454,
0.124522458649076,0.142967448041402,0.160521943881216,0.17960730194079,
0.203511479145254,0.23003118067719,0.252131663905598,0.277520118829527,
0.298644657936986,0.321161599058056,0.344958487251046,0.36878971447734,
0.393717930905651,0.41380340902724,0.439266974153423,0.454770546068436,
0.476598623806411,0.499527503647606,0.52024070516308,0.541237066099221,
0.558714275087261,0.583425156246728,0.602495822597903,0.622227915545744,
0.643134374639747,0.663623935267105,0.690176879057343,0.690177879056343,
0.710638123106387,0.729610428711314,0.749988081003502,0.773958419650336,
0.793375552569306,0.813849787707076,0.839503588318408,0.864574352058371,
0.885110799381201,0.910677519362099,0.925108929955251,0.939746477473078,
0.961308634703204,0.980447442176088,1.,1.01799889642344),(0.,1.),
 .UNSPECIFIED.);
#54=B_SPLINE_SURFACE_WITH_KNOTS('',3,1,((#1054,#1055,#1056),(#1057,#1058,
#1059),(#1060,#1061,#1062),(#1063,#1064,#1065),(#1066,#1067,#1068),(#1069,
#1070,#1071),(#1072,#1073,#1074),(#1075,#1076,#1077),(#1078,#1079,#1080),
(#1081,#1082,#1083),(#1084,#1085,#1086),(#1087,#1088,#1089),(#1090,#1091,
#1092),(#1093,#1094,#1095),(#1096,#1097,#1098),(#1099,#1100,#1101),(#1102,
#1103,#1104),(#1105,#1106,#1107),(#1108,#1109,#1110),(#1111,#1112,#1113),
(#1114,#1115,#1116),(#1117,#1118,#1119),(#1120,#1121,#1122),(#1123,#1124,
#1125),(#1126,#1127,#1128),(#1129,#1130,#1131),(#1132,#1133,#1134),(#1135,
#1136,#1137),(#1138,#1139,#1140),(#1141,#1142,#1143),(#1144,#1145,#1146),
(#1147,#1148,#1149),(#1150,#1151,#1152),(#1153,#1154,#1155),(#1156,#1157,
#1158),(#1159,#1160,#1161),(#1162,#1163,#1164),(#1165,#1166,#1167),(#1168,
#1169,#1170),(#1171,#1172,#1173),(#1174,#1175,#1176),(#1177,#1178,#1179),
(#1180,#1181,#1182),(#1183,#1184,#1185),(#1186,#1187,#1188),(#1189,#1190,
#1191),(#1192,#1193,#1194),(#1195,#1196,#1197),(#1198,#1199,#1200),(#1201,
#1202,#1203),(#1204,#1205,#1206),(#1207,#1208,#1209),(#1210,#1211,#1212),
(#1213,#1214,#1215),(#1216,#1217,#1218),(#1219,#1220,#1221),(#1222,#1223,
#1224),(#1225,#1226,#1227),(#1228,#1229,#1230),(#1231,#1232,#1233),(#1234,
#1235,#1236),(#1237,#1238,#1239),(#1240,#1241,#1242),(#1243,#1244,#1245),
(#1246,#1247,#1248),(#1249,#1250,#1251),(#1252,#1253,#1254),(#1255,#1256,
#1257),(#1258,#1259,#1260),(#1261,#1262,#1263),(#1264,#1265,#1266),(#1267,
#1268,#1269),(#1270,#1271,#1272),(#1273,#1274,#1275),(#1276,#1277,#1278),
(#1279,#1280,#1281),(#1282,#1283,#1284),(#1285,#1286,#1287),(#1288,#1289,
#1290),(#1291,#1292,#1293),(#1294,#1295,#1296),(#1297,#1298,#1299),(#1300,
#1301,#1302),(#1303,#1304,#1305),(#1306,#1307,#1308),(#1309,#1310,#1311),
(#1312,#1313,#1314),(#1315,#1316,#1317),(#1318,#1319,#1320),(#1321,#1322,
#1323),(#1324,#1325,#1326),(#1327,#1328,#1329),(#1330,#1331,#1332),(#1333,
#1334,#1335),(#1336,#1337,#1338),(#1339,#1340,#1341),(#1342,#1343,#1344),
(#1345,#1346,#1347),(#1348,#1349,#1350),(#1351,#1352,#1353),(#1354,#1355,
#1356),(#1357,#1358,#1359),(#1360,#1361,#1362),(#1363,#1364,#1365),(#1366,
#1367,#1368),(#1369,#1370,#1371),(#1372,#1373,#1374),(#1375,#1376,#1377),
(#1378,#1379,#1380),(#1381,#1382,#1383),(#1384,#1385,#1386),(#1387,#1388,
#1389),(#1390,#1391,#1392),(#1393,#1394,#1395),(#1396,#1397,#1398),(#1399,
#1400,#1401),(#1402,#1403,#1404),(#1405,#1406,#1407),(#1408,#1409,#1410),
(#1411,#1412,#1413),(#1414,#1415,#1416),(#1417,#1418,#1419),(#1420,#1421,
#1422),(#1423,#1424,#1425),(#1426,#1427,#1428),(#1429,#1430,#1431),(#1432,
#1433,#1434),(#1435,#1436,#1437),(#1438,#1439,#1440),(#1441,#1442,#1443),
(#1444,#1445,#1446),(#1447,#1448,#1449),(#1450,#1451,#1452),(#1453,#1454,
#1455),(#1456,#1457,#1458),(#1459,#1460,#1461),(#1462,#1463,#1464),(#1465,
#1466,#1467),(#1468,#1469,#1470),(#1471,#1472,#1473),(#1474,#1475,#1476),
(#1477,#1478,#1479),(#1480,#1481,#1482),(#1483,#1484,#1485),(#1486,#1487,
#1488),(#1489,#1490,#1491),(#1492,#1493,#1494),(#1495,#1496,#1497),(#1498,
#1499,#1500),(#1501,#1502,#1503),(#1504,#1505,#1506),(#1507,#1508,#1509),
(#1510,#1511,#1512),(#1513,#1514,#1515),(#1516,#1517,#1518),(#1519,#1520,
#1521),(#1522,#1523,#1524),(#1525,#1526,#1527),(#1528,#1529,#1530),(#1531,
#1532,#1533),(#1534,#1535,#1536),(#1537,#1538,#1539),(#1540,#1541,#1542),
(#1543,#1544,#1545),(#1546,#1547,#1548),(#1549,#1550,#1551),(#1552,#1553,
#1554),(#1555,#1556,#1557),(#1558,#1559,#1560),(#1561,#1562,#1563),(#1564,
#1565,#1566),(#1567,#1568,#1569),(#1570,#1571,#1572),(#1573,#1574,#1575),
(#1576,#1577,#1578),(#1579,#1580,#1581),(#1582,#1583,#1584),(#1585,#1586,
#1587),(#1588,#1589,#1590),(#1591,#1592,#1593),(#1594,#1595,#1596),(#1597,
#1598,#1599),(#1600,#1601,#1602),(#1603,#1604,#1605),(#1606,#1607,#1608),
(#1609,#1610,#1611),(#1612,#1613,#1614),(#1615,#1616,#1617),(#1618,#1619,
#1620),(#1621,#1622,#1623),(#1624,#1625,#1626),(#1627,#1628,#1629),(#1630,
#1631,#1632),(#1633,#1634,#1635),(#1636,#1637,#1638),(#1639,#1640,#1641),
(#1642,#1643,#1644),(#1645,#1646,#1647),(#1648,#1649,#1650),(#1651,#1652,
#1653),(#1654,#1655,#1656),(#1657,#1658,#1659),(#1660,#1661,#1662),(#1663,
#1664,#1665),(#1666,#1667,#1668),(#1669,#1670,#1671),(#1672,#1673,#1674),
(#1675,#1676,#1677),(#1678,#1679,#1680),(#1681,#1682,#1683),(#1684,#1685,
#1686),(#1687,#1688,#1689),(#1690,#1691,#1692),(#1693,#1694,#1695),(#1696,
#1697,#1698),(#1699,#1700,#1701),(#1702,#1703,#1704),(#1705,#1706,#1707),
(#1708,#1709,#1710),(#1711,#1712,#1713),(#1714,#1715,#1716),(#1717,#1718,
#1719),(#1720,#1721,#1722),(#1723,#1724,#1725),(#1726,#1727,#1728),(#1729,
#1730,#1731),(#1732,#1733,#1734),(#1735,#1736,#1737),(#1738,#1739,#1740),
(#1741,#1742,#1743),(#1744,#1745,#1746),(#1747,#1748,#1749),(#1750,#1751,
#1752),(#1753,#1754,#1755),(#1756,#1757,#1758),(#1759,#1760,#1761),(#1762,
#1763,#1764),(#1765,#1766,#1767),(#1768,#1769,#1770),(#1771,#1772,#1773),
(#1774,#1775,#1776),(#1777,#1778,#1779),(#1780,#1781,#1782),(#1783,#1784,
#1785),(#1786,#1787,#1788),(#1789,#1790,#1791),(#1792,#1793,#1794),(#1795,
#1796,#1797),(#1798,#1799,#1800),(#1801,#1802,#1803),(#1804,#1805,#1806),
(#1807,#1808,#1809),(#1810,#1811,#1812),(#1813,#1814,#1815),(#1816,#1817,
#1818),(#1819,#1820,#1821),(#1822,#1823,#1824),(#1825,#1826,#1827)),
 .RULED_SURF.,.T.,.F.,.F.,(2,2,2,2,2,2,2,2,2,2,2,2,2,2,2,2,2,2,2,2,2,2,
2,2,2,2,2,2,2,2,2,2,2,2,2,2,2,2,2,2,2,2,2,2,2,2,2,2,2,2,2,2,2,2,2,2,2,2,
2,2,2,2,2,2,2,2,2,2,2,2,2,2,2,2,2,2,2,2,2,2,2,2,2,2,2,2,2,2,2,2,2,2,2,2,
2,2,2,2,2,2,2,2,2,2,2,2,2,2,2,2,2,2,2,2,2,2,2,2,2,2,2,2,2,2,2,2,2,2,2,2,
2),(2,1,2),(-0.0078125,0.,0.0078125,0.015625,0.0234375,0.03125,0.0390625,
0.046875,0.0546875,0.0625,0.0703125,0.078125,0.0859375,0.09375,0.1015625,
0.109375,0.1171875,0.125,0.1328125,0.140625,0.1484375,0.15625,0.1640625,
0.171875,0.1796875,0.1875,0.1953125,0.203125,0.2109375,0.21875,0.2265625,
0.234375,0.2421875,0.25,0.2578125,0.265625,0.2734375,0.28125,0.2890625,
0.296875,0.3046875,0.3125,0.3203125,0.328125,0.3359375,0.34375,0.3515625,
0.359375,0.3671875,0.375,0.3828125,0.390625,0.3984375,0.40625,0.4140625,
0.421875,0.4296875,0.4375,0.4453125,0.453125,0.4609375,0.46875,0.4765625,
0.484375,0.4921875,0.5,0.5078125,0.515625,0.5234375,0.53125,0.5390625,0.546875,
0.5546875,0.5625,0.5703125,0.578125,0.5859375,0.59375,0.6015625,0.609375,
0.6171875,0.625,0.6328125,0.640625,0.6484375,0.65625,0.6640625,0.671875,
0.6796875,0.6875,0.6953125,0.703125,0.7109375,0.71875,0.7265625,0.734375,
0.7421875,0.75,0.7578125,0.765625,0.7734375,0.78125,0.7890625,0.796875,
0.8046875,0.8125,0.8203125,0.828125,0.8359375,0.84375,0.8515625,0.859375,
0.8671875,0.875,0.8828125,0.890625,0.8984375,0.90625,0.9140625,0.921875,
0.9296875,0.9375,0.9453125,0.953125,0.9609375,0.96875,0.9765625,0.984375,
0.9921875,1.,1.0078125),(0.693670356989538,1.,1.00182710574391),
 .UNSPECIFIED.);
#55=B_SPLINE_SURFACE_WITH_KNOTS('',3,3,((#1978,#1979,#1980,#1981,#1982,
#1983,#1984,#1985,#1986,#1987,#1988,#1989,#1990,#1991,#1992,#1993,#1994,
#1995,#1996,#1997,#1998,#1999,#2000,#2001,#2002,#2003),(#2004,#2005,#2006,
#2007,#2008,#2009,#2010,#2011,#2012,#2013,#2014,#2015,#2016,#2017,#2018,
#2019,#2020,#2021,#2022,#2023,#2024,#2025,#2026,#2027,#2028,#2029),(#2030,
#2031,#2032,#2033,#2034,#2035,#2036,#2037,#2038,#2039,#2040,#2041,#2042,
#2043,#2044,#2045,#2046,#2047,#2048,#2049,#2050,#2051,#2052,#2053,#2054,
#2055),(#2056,#2057,#2058,#2059,#2060,#2061,#2062,#2063,#2064,#2065,#2066,
#2067,#2068,#2069,#2070,#2071,#2072,#2073,#2074,#2075,#2076,#2077,#2078,
#2079,#2080,#2081),(#2082,#2083,#2084,#2085,#2086,#2087,#2088,#2089,#2090,
#2091,#2092,#2093,#2094,#2095,#2096,#2097,#2098,#2099,#2100,#2101,#2102,
#2103,#2104,#2105,#2106,#2107),(#2108,#2109,#2110,#2111,#2112,#2113,#2114,
#2115,#2116,#2117,#2118,#2119,#2120,#2121,#2122,#2123,#2124,#2125,#2126,
#2127,#2128,#2129,#2130,#2131,#2132,#2133),(#2134,#2135,#2136,#2137,#2138,
#2139,#2140,#2141,#2142,#2143,#2144,#2145,#2146,#2147,#2148,#2149,#2150,
#2151,#2152,#2153,#2154,#2155,#2156,#2157,#2158,#2159),(#2160,#2161,#2162,
#2163,#2164,#2165,#2166,#2167,#2168,#2169,#2170,#2171,#2172,#2173,#2174,
#2175,#2176,#2177,#2178,#2179,#2180,#2181,#2182,#2183,#2184,#2185),(#2186,
#2187,#2188,#2189,#2190,#2191,#2192,#2193,#2194,#2195,#2196,#2197,#2198,
#2199,#2200,#2201,#2202,#2203,#2204,#2205,#2206,#2207,#2208,#2209,#2210,
#2211),(#2212,#2213,#2214,#2215,#2216,#2217,#2218,#2219,#2220,#2221,#2222,
#2223,#2224,#2225,#2226,#2227,#2228,#2229,#2230,#2231,#2232,#2233,#2234,
#2235,#2236,#2237),(#2238,#2239,#2240,#2241,#2242,#2243,#2244,#2245,#2246,
#2247,#2248,#2249,#2250,#2251,#2252,#2253,#2254,#2255,#2256,#2257,#2258,
#2259,#2260,#2261,#2262,#2263),(#2264,#2265,#2266,#2267,#2268,#2269,#2270,
#2271,#2272,#2273,#2274,#2275,#2276,#2277,#2278,#2279,#2280,#2281,#2282,
#2283,#2284,#2285,#2286,#2287,#2288,#2289),(#2290,#2291,#2292,#2293,#2294,
#2295,#2296,#2297,#2298,#2299,#2300,#2301,#2302,#2303,#2304,#2305,#2306,
#2307,#2308,#2309,#2310,#2311,#2312,#2313,#2314,#2315),(#2316,#2317,#2318,
#2319,#2320,#2321,#2322,#2323,#2324,#2325,#2326,#2327,#2328,#2329,#2330,
#2331,#2332,#2333,#2334,#2335,#2336,#2337,#2338,#2339,#2340,#2341),(#2342,
#2343,#2344,#2345,#2346,#2347,#2348,#2349,#2350,#2351,#2352,#2353,#2354,
#2355,#2356,#2357,#2358,#2359,#2360,#2361,#2362,#2363,#2364,#2365,#2366,
#2367),(#2368,#2369,#2370,#2371,#2372,#2373,#2374,#2375,#2376,#2377,#2378,
#2379,#2380,#2381,#2382,#2383,#2384,#2385,#2386,#2387,#2388,#2389,#2390,
#2391,#2392,#2393),(#2394,#2395,#2396,#2397,#2398,#2399,#2400,#2401,#2402,
#2403,#2404,#2405,#2406,#2407,#2408,#2409,#2410,#2411,#2412,#2413,#2414,
#2415,#2416,#2417,#2418,#2419),(#2420,#2421,#2422,#2423,#2424,#2425,#2426,
#2427,#2428,#2429,#2430,#2431,#2432,#2433,#2434,#2435,#2436,#2437,#2438,
#2439,#2440,#2441,#2442,#2443,#2444,#2445),(#2446,#2447,#2448,#2449,#2450,
#2451,#2452,#2453,#2454,#2455,#2456,#2457,#2458,#2459,#2460,#2461,#2462,
#2463,#2464,#2465,#2466,#2467,#2468,#2469,#2470,#2471),(#2472,#2473,#2474,
#2475,#2476,#2477,#2478,#2479,#2480,#2481,#2482,#2483,#2484,#2485,#2486,
#2487,#2488,#2489,#2490,#2491,#2492,#2493,#2494,#2495,#2496,#2497),(#2498,
#2499,#2500,#2501,#2502,#2503,#2504,#2505,#2506,#2507,#2508,#2509,#2510,
#2511,#2512,#2513,#2514,#2515,#2516,#2517,#2518,#2519,#2520,#2521,#2522,
#2523),(#2524,#2525,#2526,#2527,#2528,#2529,#2530,#2531,#2532,#2533,#2534,
#2535,#2536,#2537,#2538,#2539,#2540,#2541,#2542,#2543,#2544,#2545,#2546,
#2547,#2548,#2549),(#2550,#2551,#2552,#2553,#2554,#2555,#2556,#2557,#2558,
#2559,#2560,#2561,#2562,#2563,#2564,#2565,#2566,#2567,#2568,#2569,#2570,
#2571,#2572,#2573,#2574,#2575),(#2576,#2577,#2578,#2579,#2580,#2581,#2582,
#2583,#2584,#2585,#2586,#2587,#2588,#2589,#2590,#2591,#2592,#2593,#2594,
#2595,#2596,#2597,#2598,#2599,#2600,#2601),(#2602,#2603,#2604,#2605,#2606,
#2607,#2608,#2609,#2610,#2611,#2612,#2613,#2614,#2615,#2616,#2617,#2618,
#2619,#2620,#2621,#2622,#2623,#2624,#2625,#2626,#2627),(#2628,#2629,#2630,
#2631,#2632,#2633,#2634,#2635,#2636,#2637,#2638,#2639,#2640,#2641,#2642,
#2643,#2644,#2645,#2646,#2647,#2648,#2649,#2650,#2651,#2652,#2653),(#2654,
#2655,#2656,#2657,#2658,#2659,#2660,#2661,#2662,#2663,#2664,#2665,#2666,
#2667,#2668,#2669,#2670,#2671,#2672,#2673,#2674,#2675,#2676,#2677,#2678,
#2679),(#2680,#2681,#2682,#2683,#2684,#2685,#2686,#2687,#2688,#2689,#2690,
#2691,#2692,#2693,#2694,#2695,#2696,#2697,#2698,#2699,#2700,#2701,#2702,
#2703,#2704,#2705),(#2706,#2707,#2708,#2709,#2710,#2711,#2712,#2713,#2714,
#2715,#2716,#2717,#2718,#2719,#2720,#2721,#2722,#2723,#2724,#2725,#2726,
#2727,#2728,#2729,#2730,#2731),(#2732,#2733,#2734,#2735,#2736,#2737,#2738,
#2739,#2740,#2741,#2742,#2743,#2744,#2745,#2746,#2747,#2748,#2749,#2750,
#2751,#2752,#2753,#2754,#2755,#2756,#2757),(#2758,#2759,#2760,#2761,#2762,
#2763,#2764,#2765,#2766,#2767,#2768,#2769,#2770,#2771,#2772,#2773,#2774,
#2775,#2776,#2777,#2778,#2779,#2780,#2781,#2782,#2783),(#2784,#2785,#2786,
#2787,#2788,#2789,#2790,#2791,#2792,#2793,#2794,#2795,#2796,#2797,#2798,
#2799,#2800,#2801,#2802,#2803,#2804,#2805,#2806,#2807,#2808,#2809),(#2810,
#2811,#2812,#2813,#2814,#2815,#2816,#2817,#2818,#2819,#2820,#2821,#2822,
#2823,#2824,#2825,#2826,#2827,#2828,#2829,#2830,#2831,#2832,#2833,#2834,
#2835),(#2836,#2837,#2838,#2839,#2840,#2841,#2842,#2843,#2844,#2845,#2846,
#2847,#2848,#2849,#2850,#2851,#2852,#2853,#2854,#2855,#2856,#2857,#2858,
#2859,#2860,#2861),(#2862,#2863,#2864,#2865,#2866,#2867,#2868,#2869,#2870,
#2871,#2872,#2873,#2874,#2875,#2876,#2877,#2878,#2879,#2880,#2881,#2882,
#2883,#2884,#2885,#2886,#2887),(#2888,#2889,#2890,#2891,#2892,#2893,#2894,
#2895,#2896,#2897,#2898,#2899,#2900,#2901,#2902,#2903,#2904,#2905,#2906,
#2907,#2908,#2909,#2910,#2911,#2912,#2913),(#2914,#2915,#2916,#2917,#2918,
#2919,#2920,#2921,#2922,#2923,#2924,#2925,#2926,#2927,#2928,#2929,#2930,
#2931,#2932,#2933,#2934,#2935,#2936,#2937,#2938,#2939),(#2940,#2941,#2942,
#2943,#2944,#2945,#2946,#2947,#2948,#2949,#2950,#2951,#2952,#2953,#2954,
#2955,#2956,#2957,#2958,#2959,#2960,#2961,#2962,#2963,#2964,#2965),(#2966,
#2967,#2968,#2969,#2970,#2971,#2972,#2973,#2974,#2975,#2976,#2977,#2978,
#2979,#2980,#2981,#2982,#2983,#2984,#2985,#2986,#2987,#2988,#2989,#2990,
#2991),(#2992,#2993,#2994,#2995,#2996,#2997,#2998,#2999,#3000,#3001,#3002,
#3003,#3004,#3005,#3006,#3007,#3008,#3009,#3010,#3011,#3012,#3013,#3014,
#3015,#3016,#3017),(#3018,#3019,#3020,#3021,#3022,#3023,#3024,#3025,#3026,
#3027,#3028,#3029,#3030,#3031,#3032,#3033,#3034,#3035,#3036,#3037,#3038,
#3039,#3040,#3041,#3042,#3043),(#3044,#3045,#3046,#3047,#3048,#3049,#3050,
#3051,#3052,#3053,#3054,#3055,#3056,#3057,#3058,#3059,#3060,#3061,#3062,
#3063,#3064,#3065,#3066,#3067,#3068,#3069),(#3070,#3071,#3072,#3073,#3074,
#3075,#3076,#3077,#3078,#3079,#3080,#3081,#3082,#3083,#3084,#3085,#3086,
#3087,#3088,#3089,#3090,#3091,#3092,#3093,#3094,#3095),(#3096,#3097,#3098,
#3099,#3100,#3101,#3102,#3103,#3104,#3105,#3106,#3107,#3108,#3109,#3110,
#3111,#3112,#3113,#3114,#3115,#3116,#3117,#3118,#3119,#3120,#3121),(#3122,
#3123,#3124,#3125,#3126,#3127,#3128,#3129,#3130,#3131,#3132,#3133,#3134,
#3135,#3136,#3137,#3138,#3139,#3140,#3141,#3142,#3143,#3144,#3145,#3146,
#3147),(#3148,#3149,#3150,#3151,#3152,#3153,#3154,#3155,#3156,#3157,#3158,
#3159,#3160,#3161,#3162,#3163,#3164,#3165,#3166,#3167,#3168,#3169,#3170,
#3171,#3172,#3173)),.UNSPECIFIED.,.F.,.F.,.F.,(4,2,2,2,2,2,2,2,2,2,2,2,
2,2,2,2,2,2,2,2,2,2,4),(4,2,2,2,2,2,2,2,2,2,2,2,4),(0.,0.03125,0.0625,0.125,
0.1875,0.203125,0.21875,0.25,0.375,0.4375,0.453125,0.46875,0.484375,0.5,
0.625,0.6875,0.71875,0.734375,0.75,0.875,0.9375,0.96875,1.),(0.,0.03125,
0.0625,0.125,0.25,0.375,0.5,0.625,0.75,0.875,0.9375,0.96875,1.),
 .UNSPECIFIED.);
#56=B_SPLINE_SURFACE_WITH_KNOTS('',3,3,((#3200,#3201,#3202,#3203,#3204,
#3205,#3206),(#3207,#3208,#3209,#3210,#3211,#3212,#3213),(#3214,#3215,#3216,
#3217,#3218,#3219,#3220),(#3221,#3222,#3223,#3224,#3225,#3226,#3227),(#3228,
#3229,#3230,#3231,#3232,#3233,#3234),(#3235,#3236,#3237,#3238,#3239,#3240,
#3241),(#3242,#3243,#3244,#3245,#3246,#3247,#3248),(#3249,#3250,#3251,#3252,
#3253,#3254,#3255),(#3256,#3257,#3258,#3259,#3260,#3261,#3262),(#3263,#3264,
#3265,#3266,#3267,#3268,#3269),(#3270,#3271,#3272,#3273,#3274,#3275,#3276),
(#3277,#3278,#3279,#3280,#3281,#3282,#3283),(#3284,#3285,#3286,#3287,#3288,
#3289,#3290),(#3291,#3292,#3293,#3294,#3295,#3296,#3297),(#3298,#3299,#3300,
#3301,#3302,#3303,#3304),(#3305,#3306,#3307,#3308,#3309,#3310,#3311),(#3312,
#3313,#3314,#3315,#3316,#3317,#3318),(#3319,#3320,#3321,#3322,#3323,#3324,
#3325),(#3326,#3327,#3328,#3329,#3330,#3331,#3332),(#3333,#3334,#3335,#3336,
#3337,#3338,#3339),(#3340,#3341,#3342,#3343,#3344,#3345,#3346),(#3347,#3348,
#3349,#3350,#3351,#3352,#3353),(#3354,#3355,#3356,#3357,#3358,#3359,#3360),
(#3361,#3362,#3363,#3364,#3365,#3366,#3367),(#3368,#3369,#3370,#3371,#3372,
#3373,#3374),(#3375,#3376,#3377,#3378,#3379,#3380,#3381),(#3382,#3383,#3384,
#3385,#3386,#3387,#3388),(#3389,#3390,#3391,#3392,#3393,#3394,#3395),(#3396,
#3397,#3398,#3399,#3400,#3401,#3402),(#3403,#3404,#3405,#3406,#3407,#3408,
#3409),(#3410,#3411,#3412,#3413,#3414,#3415,#3416),(#3417,#3418,#3419,#3420,
#3421,#3422,#3423),(#3424,#3425,#3426,#3427,#3428,#3429,#3430),(#3431,#3432,
#3433,#3434,#3435,#3436,#3437),(#3438,#3439,#3440,#3441,#3442,#3443,#3444),
(#3445,#3446,#3447,#3448,#3449,#3450,#3451),(#3452,#3453,#3454,#3455,#3456,
#3457,#3458),(#3459,#3460,#3461,#3462,#3463,#3464,#3465),(#3466,#3467,#3468,
#3469,#3470,#3471,#3472),(#3473,#3474,#3475,#3476,#3477,#3478,#3479),(#3480,
#3481,#3482,#3483,#3484,#3485,#3486),(#3487,#3488,#3489,#3490,#3491,#3492,
#3493),(#3494,#3495,#3496,#3497,#3498,#3499,#3500)),.UNSPECIFIED.,.F.,.F.,
 .F.,(4,1,1,1,1,1,1,1,1,1,1,1,1,1,1,1,1,1,1,1,1,1,1,1,1,1,1,1,1,1,1,1,1,
1,1,1,1,1,1,1,4),(4,1,1,1,4),(0.199627805893223,0.200150328683205,0.200182986357579,
0.200191150776172,0.200199315194766,0.200215644031953,0.200280959380701,
0.200411590078196,0.200672851473187,0.201195374263169,0.20171789705315,
0.202762942633114,0.203807988213077,0.205898079373004,0.207988170532931,
0.212168352852785,0.216348535172639,0.224708899812346,0.233069264452054,
0.249789993731469,0.266510723010885,0.2832314522903,0.299952181569715,0.308312546209423,
0.316672910849131,0.320853093168984,0.325033275488838,0.327123366648765,
0.329213457808692,0.330258503388655,0.331303548968619,0.331826071758601,
0.332348594548582,0.332609855943573,0.332740486641069,0.332805801989816,
0.332822130827003,0.332830295245597,0.33283845966419,0.332871117338564,
0.333393640128546),(0.,0.25,0.5,0.75,1.),.UNSPECIFIED.);
#57=B_SPLINE_SURFACE_WITH_KNOTS('',3,3,((#3827,#3828,#3829,#3830,#3831,
#3832,#3833,#3834,#3835,#3836,#3837,#3838,#3839,#3840,#3841,#3842,#3843,
#3844,#3845,#3846,#3847,#3848,#3849,#3850,#3851,#3852),(#3853,#3854,#3855,
#3856,#3857,#3858,#3859,#3860,#3861,#3862,#3863,#3864,#3865,#3866,#3867,
#3868,#3869,#3870,#3871,#3872,#3873,#3874,#3875,#3876,#3877,#3878),(#3879,
#3880,#3881,#3882,#3883,#3884,#3885,#3886,#3887,#3888,#3889,#3890,#3891,
#3892,#3893,#3894,#3895,#3896,#3897,#3898,#3899,#3900,#3901,#3902,#3903,
#3904),(#3905,#3906,#3907,#3908,#3909,#3910,#3911,#3912,#3913,#3914,#3915,
#3916,#3917,#3918,#3919,#3920,#3921,#3922,#3923,#3924,#3925,#3926,#3927,
#3928,#3929,#3930),(#3931,#3932,#3933,#3934,#3935,#3936,#3937,#3938,#3939,
#3940,#3941,#3942,#3943,#3944,#3945,#3946,#3947,#3948,#3949,#3950,#3951,
#3952,#3953,#3954,#3955,#3956),(#3957,#3958,#3959,#3960,#3961,#3962,#3963,
#3964,#3965,#3966,#3967,#3968,#3969,#3970,#3971,#3972,#3973,#3974,#3975,
#3976,#3977,#3978,#3979,#3980,#3981,#3982),(#3983,#3984,#3985,#3986,#3987,
#3988,#3989,#3990,#3991,#3992,#3993,#3994,#3995,#3996,#3997,#3998,#3999,
#4000,#4001,#4002,#4003,#4004,#4005,#4006,#4007,#4008),(#4009,#4010,#4011,
#4012,#4013,#4014,#4015,#4016,#4017,#4018,#4019,#4020,#4021,#4022,#4023,
#4024,#4025,#4026,#4027,#4028,#4029,#4030,#4031,#4032,#4033,#4034),(#4035,
#4036,#4037,#4038,#4039,#4040,#4041,#4042,#4043,#4044,#4045,#4046,#4047,
#4048,#4049,#4050,#4051,#4052,#4053,#4054,#4055,#4056,#4057,#4058,#4059,
#4060),(#4061,#4062,#4063,#4064,#4065,#4066,#4067,#4068,#4069,#4070,#4071,
#4072,#4073,#4074,#4075,#4076,#4077,#4078,#4079,#4080,#4081,#4082,#4083,
#4084,#4085,#4086),(#4087,#4088,#4089,#4090,#4091,#4092,#4093,#4094,#4095,
#4096,#4097,#4098,#4099,#4100,#4101,#4102,#4103,#4104,#4105,#4106,#4107,
#4108,#4109,#4110,#4111,#4112),(#4113,#4114,#4115,#4116,#4117,#4118,#4119,
#4120,#4121,#4122,#4123,#4124,#4125,#4126,#4127,#4128,#4129,#4130,#4131,
#4132,#4133,#4134,#4135,#4136,#4137,#4138),(#4139,#4140,#4141,#4142,#4143,
#4144,#4145,#4146,#4147,#4148,#4149,#4150,#4151,#4152,#4153,#4154,#4155,
#4156,#4157,#4158,#4159,#4160,#4161,#4162,#4163,#4164),(#4165,#4166,#4167,
#4168,#4169,#4170,#4171,#4172,#4173,#4174,#4175,#4176,#4177,#4178,#4179,
#4180,#4181,#4182,#4183,#4184,#4185,#4186,#4187,#4188,#4189,#4190),(#4191,
#4192,#4193,#4194,#4195,#4196,#4197,#4198,#4199,#4200,#4201,#4202,#4203,
#4204,#4205,#4206,#4207,#4208,#4209,#4210,#4211,#4212,#4213,#4214,#4215,
#4216),(#4217,#4218,#4219,#4220,#4221,#4222,#4223,#4224,#4225,#4226,#4227,
#4228,#4229,#4230,#4231,#4232,#4233,#4234,#4235,#4236,#4237,#4238,#4239,
#4240,#4241,#4242),(#4243,#4244,#4245,#4246,#4247,#4248,#4249,#4250,#4251,
#4252,#4253,#4254,#4255,#4256,#4257,#4258,#4259,#4260,#4261,#4262,#4263,
#4264,#4265,#4266,#4267,#4268),(#4269,#4270,#4271,#4272,#4273,#4274,#4275,
#4276,#4277,#4278,#4279,#4280,#4281,#4282,#4283,#4284,#4285,#4286,#4287,
#4288,#4289,#4290,#4291,#4292,#4293,#4294),(#4295,#4296,#4297,#4298,#4299,
#4300,#4301,#4302,#4303,#4304,#4305,#4306,#4307,#4308,#4309,#4310,#4311,
#4312,#4313,#4314,#4315,#4316,#4317,#4318,#4319,#4320),(#4321,#4322,#4323,
#4324,#4325,#4326,#4327,#4328,#4329,#4330,#4331,#4332,#4333,#4334,#4335,
#4336,#4337,#4338,#4339,#4340,#4341,#4342,#4343,#4344,#4345,#4346),(#4347,
#4348,#4349,#4350,#4351,#4352,#4353,#4354,#4355,#4356,#4357,#4358,#4359,
#4360,#4361,#4362,#4363,#4364,#4365,#4366,#4367,#4368,#4369,#4370,#4371,
#4372),(#4373,#4374,#4375,#4376,#4377,#4378,#4379,#4380,#4381,#4382,#4383,
#4384,#4385,#4386,#4387,#4388,#4389,#4390,#4391,#4392,#4393,#4394,#4395,
#4396,#4397,#4398),(#4399,#4400,#4401,#4402,#4403,#4404,#4405,#4406,#4407,
#4408,#4409,#4410,#4411,#4412,#4413,#4414,#4415,#4416,#4417,#4418,#4419,
#4420,#4421,#4422,#4423,#4424),(#4425,#4426,#4427,#4428,#4429,#4430,#4431,
#4432,#4433,#4434,#4435,#4436,#4437,#4438,#4439,#4440,#4441,#4442,#4443,
#4444,#4445,#4446,#4447,#4448,#4449,#4450),(#4451,#4452,#4453,#4454,#4455,
#4456,#4457,#4458,#4459,#4460,#4461,#4462,#4463,#4464,#4465,#4466,#4467,
#4468,#4469,#4470,#4471,#4472,#4473,#4474,#4475,#4476),(#4477,#4478,#4479,
#4480,#4481,#4482,#4483,#4484,#4485,#4486,#4487,#4488,#4489,#4490,#4491,
#4492,#4493,#4494,#4495,#4496,#4497,#4498,#4499,#4500,#4501,#4502),(#4503,
#4504,#4505,#4506,#4507,#4508,#4509,#4510,#4511,#4512,#4513,#4514,#4515,
#4516,#4517,#4518,#4519,#4520,#4521,#4522,#4523,#4524,#4525,#4526,#4527,
#4528),(#4529,#4530,#4531,#4532,#4533,#4534,#4535,#4536,#4537,#4538,#4539,
#4540,#4541,#4542,#4543,#4544,#4545,#4546,#4547,#4548,#4549,#4550,#4551,
#4552,#4553,#4554),(#4555,#4556,#4557,#4558,#4559,#4560,#4561,#4562,#4563,
#4564,#4565,#4566,#4567,#4568,#4569,#4570,#4571,#4572,#4573,#4574,#4575,
#4576,#4577,#4578,#4579,#4580),(#4581,#4582,#4583,#4584,#4585,#4586,#4587,
#4588,#4589,#4590,#4591,#4592,#4593,#4594,#4595,#4596,#4597,#4598,#4599,
#4600,#4601,#4602,#4603,#4604,#4605,#4606),(#4607,#4608,#4609,#4610,#4611,
#4612,#4613,#4614,#4615,#4616,#4617,#4618,#4619,#4620,#4621,#4622,#4623,
#4624,#4625,#4626,#4627,#4628,#4629,#4630,#4631,#4632),(#4633,#4634,#4635,
#4636,#4637,#4638,#4639,#4640,#4641,#4642,#4643,#4644,#4645,#4646,#4647,
#4648,#4649,#4650,#4651,#4652,#4653,#4654,#4655,#4656,#4657,#4658),(#4659,
#4660,#4661,#4662,#4663,#4664,#4665,#4666,#4667,#4668,#4669,#4670,#4671,
#4672,#4673,#4674,#4675,#4676,#4677,#4678,#4679,#4680,#4681,#4682,#4683,
#4684),(#4685,#4686,#4687,#4688,#4689,#4690,#4691,#4692,#4693,#4694,#4695,
#4696,#4697,#4698,#4699,#4700,#4701,#4702,#4703,#4704,#4705,#4706,#4707,
#4708,#4709,#4710),(#4711,#4712,#4713,#4714,#4715,#4716,#4717,#4718,#4719,
#4720,#4721,#4722,#4723,#4724,#4725,#4726,#4727,#4728,#4729,#4730,#4731,
#4732,#4733,#4734,#4735,#4736),(#4737,#4738,#4739,#4740,#4741,#4742,#4743,
#4744,#4745,#4746,#4747,#4748,#4749,#4750,#4751,#4752,#4753,#4754,#4755,
#4756,#4757,#4758,#4759,#4760,#4761,#4762),(#4763,#4764,#4765,#4766,#4767,
#4768,#4769,#4770,#4771,#4772,#4773,#4774,#4775,#4776,#4777,#4778,#4779,
#4780,#4781,#4782,#4783,#4784,#4785,#4786,#4787,#4788),(#4789,#4790,#4791,
#4792,#4793,#4794,#4795,#4796,#4797,#4798,#4799,#4800,#4801,#4802,#4803,
#4804,#4805,#4806,#4807,#4808,#4809,#4810,#4811,#4812,#4813,#4814),(#4815,
#4816,#4817,#4818,#4819,#4820,#4821,#4822,#4823,#4824,#4825,#4826,#4827,
#4828,#4829,#4830,#4831,#4832,#4833,#4834,#4835,#4836,#4837,#4838,#4839,
#4840),(#4841,#4842,#4843,#4844,#4845,#4846,#4847,#4848,#4849,#4850,#4851,
#4852,#4853,#4854,#4855,#4856,#4857,#4858,#4859,#4860,#4861,#4862,#4863,
#4864,#4865,#4866),(#4867,#4868,#4869,#4870,#4871,#4872,#4873,#4874,#4875,
#4876,#4877,#4878,#4879,#4880,#4881,#4882,#4883,#4884,#4885,#4886,#4887,
#4888,#4889,#4890,#4891,#4892),(#4893,#4894,#4895,#4896,#4897,#4898,#4899,
#4900,#4901,#4902,#4903,#4904,#4905,#4906,#4907,#4908,#4909,#4910,#4911,
#4912,#4913,#4914,#4915,#4916,#4917,#4918),(#4919,#4920,#4921,#4922,#4923,
#4924,#4925,#4926,#4927,#4928,#4929,#4930,#4931,#4932,#4933,#4934,#4935,
#4936,#4937,#4938,#4939,#4940,#4941,#4942,#4943,#4944),(#4945,#4946,#4947,
#4948,#4949,#4950,#4951,#4952,#4953,#4954,#4955,#4956,#4957,#4958,#4959,
#4960,#4961,#4962,#4963,#4964,#4965,#4966,#4967,#4968,#4969,#4970),(#4971,
#4972,#4973,#4974,#4975,#4976,#4977,#4978,#4979,#4980,#4981,#4982,#4983,
#4984,#4985,#4986,#4987,#4988,#4989,#4990,#4991,#4992,#4993,#4994,#4995,
#4996),(#4997,#4998,#4999,#5000,#5001,#5002,#5003,#5004,#5005,#5006,#5007,
#5008,#5009,#5010,#5011,#5012,#5013,#5014,#5015,#5016,#5017,#5018,#5019,
#5020,#5021,#5022)),.UNSPECIFIED.,.F.,.F.,.F.,(4,2,2,2,2,2,2,2,2,2,2,2,
2,2,2,2,2,2,2,2,2,2,4),(4,2,2,2,2,2,2,2,2,2,2,2,4),(0.,0.03125,0.0625,0.125,
0.1875,0.203125,0.21875,0.25,0.375,0.4375,0.453125,0.46875,0.484375,0.5,
0.625,0.6875,0.71875,0.734375,0.75,0.875,0.9375,0.96875,1.),(0.,0.03125,
0.0625,0.125,0.25,0.375,0.5,0.625,0.75,0.875,0.9375,0.96875,1.),
 .UNSPECIFIED.);
#58=B_SPLINE_SURFACE_WITH_KNOTS('',1,3,((#5024,#5025,#5026,#5027,#5028,
#5029,#5030,#5031,#5032,#5033,#5034,#5035,#5036,#5037,#5038,#5039,#5040,
#5041,#5042,#5043,#5044,#5045,#5046,#5047,#5048,#5049,#5050,#5051,#5052,
#5053,#5054,#5055,#5056,#5057,#5058,#5059,#5060,#5061,#5062,#5063,#5064,
#5065,#5066,#5067,#5068,#5069,#5070,#5071,#5072,#5073,#5074,#5075,#5076,
#5077,#5078,#5079,#5080,#5081,#5082,#5083,#5084,#5085,#5086,#5087,#5088,
#5089,#5090,#5091,#5092,#5093),(#5094,#5095,#5096,#5097,#5098,#5099,#5100,
#5101,#5102,#5103,#5104,#5105,#5106,#5107,#5108,#5109,#5110,#5111,#5112,
#5113,#5114,#5115,#5116,#5117,#5118,#5119,#5120,#5121,#5122,#5123,#5124,
#5125,#5126,#5127,#5128,#5129,#5130,#5131,#5132,#5133,#5134,#5135,#5136,
#5137,#5138,#5139,#5140,#5141,#5142,#5143,#5144,#5145,#5146,#5147,#5148,
#5149,#5150,#5151,#5152,#5153,#5154,#5155,#5156,#5157,#5158,#5159,#5160,
#5161,#5162,#5163),(#5164,#5165,#5166,#5167,#5168,#5169,#5170,#5171,#5172,
#5173,#5174,#5175,#5176,#5177,#5178,#5179,#5180,#5181,#5182,#5183,#5184,
#5185,#5186,#5187,#5188,#5189,#5190,#5191,#5192,#5193,#5194,#5195,#5196,
#5197,#5198,#5199,#5200,#5201,#5202,#5203,#5204,#5205,#5206,#5207,#5208,
#5209,#5210,#5211,#5212,#5213,#5214,#5215,#5216,#5217,#5218,#5219,#5220,
#5221,#5222,#5223,#5224,#5225,#5226,#5227,#5228,#5229,#5230,#5231,#5232,
#5233)),.RULED_SURF.,.F.,.F.,.F.,(2,1,2),(4,2,2,2,2,2,2,2,2,2,2,2,2,2,2,
2,2,2,2,2,2,2,2,2,2,2,2,2,2,2,2,2,2,2,4),(0.,1.,1.00655165936047),(0.,0.00695969527357181,
0.0139193905471436,0.0156593143655366,0.0173992381839295,0.0208790858207154,
0.0278387810942873,0.0347984763678591,0.038278324004645,0.0417581716414309,
0.0487178669150027,0.0556775621885745,0.0695969527357181,0.07655664800929,
0.0800364956460759,0.0835163432828618,0.0974357338300054,0.111355124377149,
0.125274514924293,0.132234210197864,0.13571405783465,0.139193905471436,
0.15311329601858,0.167032686565724,0.173992381839296,0.177472229476081,
0.180952077112867,0.187911772386439,0.194871467660011,0.198351315296796,
0.20009123911519,0.201831162933582,0.208790858207155,0.215750553480726,
0.222710248754298),.UNSPECIFIED.);
#59=B_SPLINE_SURFACE_WITH_KNOTS('',1,3,((#5313,#5314,#5315,#5316,#5317,
#5318,#5319,#5320,#5321,#5322,#5323,#5324,#5325,#5326,#5327,#5328,#5329,
#5330,#5331,#5332,#5333,#5334,#5335,#5336,#5337,#5338,#5339,#5340,#5341,
#5342,#5343,#5344,#5345,#5346,#5347,#5348,#5349),(#5350,#5351,#5352,#5353,
#5354,#5355,#5356,#5357,#5358,#5359,#5360,#5361,#5362,#5363,#5364,#5365,
#5366,#5367,#5368,#5369,#5370,#5371,#5372,#5373,#5374,#5375,#5376,#5377,
#5378,#5379,#5380,#5381,#5382,#5383,#5384,#5385,#5386),(#5387,#5388,#5389,
#5390,#5391,#5392,#5393,#5394,#5395,#5396,#5397,#5398,#5399,#5400,#5401,
#5402,#5403,#5404,#5405,#5406,#5407,#5408,#5409,#5410,#5411,#5412,#5413,
#5414,#5415,#5416,#5417,#5418,#5419,#5420,#5421,#5422,#5423)),
 .RULED_SURF.,.F.,.F.,.F.,(2,1,2),(4,2,2,2,2,2,2,2,2,2,2,2,2,2,2,2,3,4),
(0.,1.,1.00641759335513),(0.,0.125,0.1875,0.21875,0.25,0.375,0.4375,0.46875,
0.5,0.625,0.6875,0.71875,0.75,0.875,0.9375,0.96875,1.,1.00600002075665),
 .UNSPECIFIED.);
#60=B_SPLINE_SURFACE_WITH_KNOTS('',3,1,((#5453,#5454),(#5455,#5456),(#5457,
#5458),(#5459,#5460),(#5461,#5462),(#5463,#5464),(#5465,#5466),(#5467,#5468),
(#5469,#5470),(#5471,#5472),(#5473,#5474),(#5475,#5476),(#5477,#5478),(#5479,
#5480),(#5481,#5482),(#5483,#5484)),.SURF_OF_LINEAR_EXTRUSION.,.F.,.F.,
 .F.,(4,1,1,1,1,1,1,1,1,1,1,1,1,4),(2,2),(0.0495843872044029,0.0522656443434714,
0.0549469014825399,0.0576281586216084,0.060309415760677,0.065671930038814,
0.0710344443169511,0.0763969585950881,0.0817594728732251,0.0924845014294992,
0.103209529985773,0.113934558542047,0.124659587098322,0.135384615654596),
(0.,1.),.UNSPECIFIED.);
#61=B_SPLINE_SURFACE_WITH_KNOTS('',3,3,((#5906,#5907,#5908,#5909,#5910,
#5911,#5912),(#5913,#5914,#5915,#5916,#5917,#5918,#5919),(#5920,#5921,#5922,
#5923,#5924,#5925,#5926),(#5927,#5928,#5929,#5930,#5931,#5932,#5933),(#5934,
#5935,#5936,#5937,#5938,#5939,#5940),(#5941,#5942,#5943,#5944,#5945,#5946,
#5947),(#5948,#5949,#5950,#5951,#5952,#5953,#5954),(#5955,#5956,#5957,#5958,
#5959,#5960,#5961),(#5962,#5963,#5964,#5965,#5966,#5967,#5968),(#5969,#5970,
#5971,#5972,#5973,#5974,#5975),(#5976,#5977,#5978,#5979,#5980,#5981,#5982),
(#5983,#5984,#5985,#5986,#5987,#5988,#5989),(#5990,#5991,#5992,#5993,#5994,
#5995,#5996),(#5997,#5998,#5999,#6000,#6001,#6002,#6003),(#6004,#6005,#6006,
#6007,#6008,#6009,#6010),(#6011,#6012,#6013,#6014,#6015,#6016,#6017),(#6018,
#6019,#6020,#6021,#6022,#6023,#6024),(#6025,#6026,#6027,#6028,#6029,#6030,
#6031),(#6032,#6033,#6034,#6035,#6036,#6037,#6038),(#6039,#6040,#6041,#6042,
#6043,#6044,#6045),(#6046,#6047,#6048,#6049,#6050,#6051,#6052),(#6053,#6054,
#6055,#6056,#6057,#6058,#6059),(#6060,#6061,#6062,#6063,#6064,#6065,#6066),
(#6067,#6068,#6069,#6070,#6071,#6072,#6073),(#6074,#6075,#6076,#6077,#6078,
#6079,#6080),(#6081,#6082,#6083,#6084,#6085,#6086,#6087),(#6088,#6089,#6090,
#6091,#6092,#6093,#6094),(#6095,#6096,#6097,#6098,#6099,#6100,#6101),(#6102,
#6103,#6104,#6105,#6106,#6107,#6108),(#6109,#6110,#6111,#6112,#6113,#6114,
#6115),(#6116,#6117,#6118,#6119,#6120,#6121,#6122),(#6123,#6124,#6125,#6126,
#6127,#6128,#6129),(#6130,#6131,#6132,#6133,#6134,#6135,#6136),(#6137,#6138,
#6139,#6140,#6141,#6142,#6143),(#6144,#6145,#6146,#6147,#6148,#6149,#6150),
(#6151,#6152,#6153,#6154,#6155,#6156,#6157),(#6158,#6159,#6160,#6161,#6162,
#6163,#6164),(#6165,#6166,#6167,#6168,#6169,#6170,#6171),(#6172,#6173,#6174,
#6175,#6176,#6177,#6178),(#6179,#6180,#6181,#6182,#6183,#6184,#6185),(#6186,
#6187,#6188,#6189,#6190,#6191,#6192),(#6193,#6194,#6195,#6196,#6197,#6198,
#6199),(#6200,#6201,#6202,#6203,#6204,#6205,#6206),(#6207,#6208,#6209,#6210,
#6211,#6212,#6213),(#6214,#6215,#6216,#6217,#6218,#6219,#6220),(#6221,#6222,
#6223,#6224,#6225,#6226,#6227)),.UNSPECIFIED.,.F.,.F.,.F.,(4,1,1,1,1,1,
1,1,1,1,1,1,1,1,1,1,1,1,1,1,1,1,1,1,1,1,1,1,1,1,1,1,1,1,1,1,1,1,1,1,1,1,
1,4),(4,1,1,1,4),(0.199574705726415,0.200114635221106,0.200148380814525,
0.200156817212879,0.200161035412056,0.200165253611234,0.200182126407943,
0.200249617594779,0.200384599968452,0.200654564715798,0.201194494210489,
0.20173442370518,0.202814282694562,0.203894141683945,0.206053859662709,
0.208213577641474,0.212533013599003,0.216852449556533,0.225491321471591,
0.23413019338665,0.251407937216767,0.268685681046885,0.277324552961943,
0.285963424877002,0.303241168707119,0.311880040622178,0.320518912537237,
0.324838348494766,0.329157784452296,0.33131750243106,0.333477220409825,
0.334557079399207,0.33563693838859,0.336176867883281,0.336716797377972,
0.336986762125318,0.337256726872663,0.337391709246336,0.337425454839754,
0.337433891238109,0.337442327636463,0.337459200433172,0.337526691620009,
0.337796656367354),(-0.00600588376159053,0.245495587178807,0.496997058119205,
0.748498529059602,1.),.UNSPECIFIED.);
#62=B_SPLINE_SURFACE_WITH_KNOTS('',3,3,((#6329,#6330,#6331,#6332,#6333,
#6334,#6335,#6336,#6337,#6338,#6339,#6340,#6341,#6342,#6343,#6344,#6345,
#6346,#6347,#6348,#6349,#6350,#6351,#6352,#6353,#6354),(#6355,#6356,#6357,
#6358,#6359,#6360,#6361,#6362,#6363,#6364,#6365,#6366,#6367,#6368,#6369,
#6370,#6371,#6372,#6373,#6374,#6375,#6376,#6377,#6378,#6379,#6380),(#6381,
#6382,#6383,#6384,#6385,#6386,#6387,#6388,#6389,#6390,#6391,#6392,#6393,
#6394,#6395,#6396,#6397,#6398,#6399,#6400,#6401,#6402,#6403,#6404,#6405,
#6406),(#6407,#6408,#6409,#6410,#6411,#6412,#6413,#6414,#6415,#6416,#6417,
#6418,#6419,#6420,#6421,#6422,#6423,#6424,#6425,#6426,#6427,#6428,#6429,
#6430,#6431,#6432),(#6433,#6434,#6435,#6436,#6437,#6438,#6439,#6440,#6441,
#6442,#6443,#6444,#6445,#6446,#6447,#6448,#6449,#6450,#6451,#6452,#6453,
#6454,#6455,#6456,#6457,#6458),(#6459,#6460,#6461,#6462,#6463,#6464,#6465,
#6466,#6467,#6468,#6469,#6470,#6471,#6472,#6473,#6474,#6475,#6476,#6477,
#6478,#6479,#6480,#6481,#6482,#6483,#6484),(#6485,#6486,#6487,#6488,#6489,
#6490,#6491,#6492,#6493,#6494,#6495,#6496,#6497,#6498,#6499,#6500,#6501,
#6502,#6503,#6504,#6505,#6506,#6507,#6508,#6509,#6510),(#6511,#6512,#6513,
#6514,#6515,#6516,#6517,#6518,#6519,#6520,#6521,#6522,#6523,#6524,#6525,
#6526,#6527,#6528,#6529,#6530,#6531,#6532,#6533,#6534,#6535,#6536),(#6537,
#6538,#6539,#6540,#6541,#6542,#6543,#6544,#6545,#6546,#6547,#6548,#6549,
#6550,#6551,#6552,#6553,#6554,#6555,#6556,#6557,#6558,#6559,#6560,#6561,
#6562),(#6563,#6564,#6565,#6566,#6567,#6568,#6569,#6570,#6571,#6572,#6573,
#6574,#6575,#6576,#6577,#6578,#6579,#6580,#6581,#6582,#6583,#6584,#6585,
#6586,#6587,#6588),(#6589,#6590,#6591,#6592,#6593,#6594,#6595,#6596,#6597,
#6598,#6599,#6600,#6601,#6602,#6603,#6604,#6605,#6606,#6607,#6608,#6609,
#6610,#6611,#6612,#6613,#6614),(#6615,#6616,#6617,#6618,#6619,#6620,#6621,
#6622,#6623,#6624,#6625,#6626,#6627,#6628,#6629,#6630,#6631,#6632,#6633,
#6634,#6635,#6636,#6637,#6638,#6639,#6640)),.UNSPECIFIED.,.F.,.F.,.F.,(4,
2,2,2,2,4),(4,2,2,2,2,2,2,2,2,2,2,2,4),(0.,0.03125,0.0625,0.125,0.1875,
0.195402837680339),(0.,0.03125,0.0625,0.125,0.25,0.375,0.5,0.625,0.75,0.875,
0.9375,0.96875,1.),.UNSPECIFIED.);
#63=B_SPLINE_SURFACE_WITH_KNOTS('',3,1,((#6716,#6717),(#6718,#6719),(#6720,
#6721),(#6722,#6723),(#6724,#6725),(#6726,#6727),(#6728,#6729),(#6730,#6731),
(#6732,#6733),(#6734,#6735),(#6736,#6737),(#6738,#6739),(#6740,#6741),(#6742,
#6743),(#6744,#6745),(#6746,#6747),(#6748,#6749),(#6750,#6751),(#6752,#6753)),
 .SURF_OF_LINEAR_EXTRUSION.,.T.,.F.,.F.,(1,1,1,1,1,1,1,1,1,1,1,1,1,1,1,
1,1,1,1,1,1,1,1),(2,2),(-1.17809724509617,-0.785398163397448,-0.392699081698725,
0.,0.392699081698724,0.785398163397448,1.17809724509617,1.5707963267949,
1.96349540849362,2.35619449019234,2.74889357189107,3.14159265358979,3.53429173528852,
3.92699081698724,4.31968989868597,4.71238898038469,5.10508806208341,5.49778714378214,
5.89048622548086,6.28318530717959,6.67588438887831,7.06858347057703,7.46128255227576),
(0.,1.),.UNSPECIFIED.);
#64=B_SPLINE_SURFACE_WITH_KNOTS('',3,1,((#6758,#6759),(#6760,#6761),(#6762,
#6763),(#6764,#6765),(#6766,#6767),(#6768,#6769),(#6770,#6771),(#6772,#6773),
(#6774,#6775),(#6776,#6777),(#6778,#6779),(#6780,#6781),(#6782,#6783),(#6784,
#6785),(#6786,#6787),(#6788,#6789),(#6790,#6791),(#6792,#6793),(#6794,#6795),
(#6796,#6797),(#6798,#6799),(#6800,#6801),(#6802,#6803),(#6804,#6805),(#6806,
#6807),(#6808,#6809),(#6810,#6811),(#6812,#6813),(#6814,#6815),(#6816,#6817),
(#6818,#6819),(#6820,#6821),(#6822,#6823),(#6824,#6825),(#6826,#6827),(#6828,
#6829),(#6830,#6831),(#6832,#6833),(#6834,#6835),(#6836,#6837),(#6838,#6839),
(#6840,#6841),(#6842,#6843),(#6844,#6845),(#6846,#6847),(#6848,#6849),(#6850,
#6851),(#6852,#6853),(#6854,#6855),(#6856,#6857),(#6858,#6859),(#6860,#6861)),
 .SURF_OF_LINEAR_EXTRUSION.,.T.,.F.,.F.,(1,3,1,1,1,1,1,1,1,1,1,1,1,1,1,
1,1,1,1,1,1,1,1,1,1,1,1,1,1,1,1,1,1,1,1,1,1,1,1,1,1,1,1,1,1,1,1,1,1,1,3,
1),(2,2),(-0.0195525578239122,0.,0.017998896423442,0.0361773107431198,0.051670250542326,
0.0717912486088859,0.0880761260695172,0.105905274895454,0.124522458649076,
0.142967448041402,0.160521943881216,0.17960730194079,0.203511479145254,
0.23003118067719,0.252131663905598,0.277520118829527,0.298644657936986,
0.321161599058056,0.344958487251046,0.36878971447734,0.393717930905651,
0.41380340902724,0.439266974153423,0.454770546068436,0.476598623806411,
0.499527503647606,0.52024070516308,0.541237066099221,0.558714275087261,
0.583425156246728,0.602495822597903,0.622227915545744,0.643134374639747,
0.663623935267105,0.690176879057343,0.690177879056343,0.710638123106387,
0.729610428711314,0.749988081003502,0.773958419650336,0.793375552569306,
0.813849787707076,0.839503588318408,0.864574352058371,0.885110799381201,
0.910677519362099,0.925108929955251,0.939746477473078,0.961308634703204,
0.980447442176088,1.,1.01799889642344),(0.,1.),.UNSPECIFIED.);
#65=B_SPLINE_SURFACE_WITH_KNOTS('',3,1,((#6917,#6918,#6919),(#6920,#6921,
#6922),(#6923,#6924,#6925),(#6926,#6927,#6928),(#6929,#6930,#6931),(#6932,
#6933,#6934),(#6935,#6936,#6937),(#6938,#6939,#6940),(#6941,#6942,#6943),
(#6944,#6945,#6946),(#6947,#6948,#6949),(#6950,#6951,#6952),(#6953,#6954,
#6955),(#6956,#6957,#6958),(#6959,#6960,#6961),(#6962,#6963,#6964),(#6965,
#6966,#6967),(#6968,#6969,#6970),(#6971,#6972,#6973),(#6974,#6975,#6976),
(#6977,#6978,#6979),(#6980,#6981,#6982),(#6983,#6984,#6985),(#6986,#6987,
#6988),(#6989,#6990,#6991),(#6992,#6993,#6994),(#6995,#6996,#6997),(#6998,
#6999,#7000),(#7001,#7002,#7003),(#7004,#7005,#7006),(#7007,#7008,#7009),
(#7010,#7011,#7012),(#7013,#7014,#7015),(#7016,#7017,#7018),(#7019,#7020,
#7021),(#7022,#7023,#7024),(#7025,#7026,#7027),(#7028,#7029,#7030),(#7031,
#7032,#7033),(#7034,#7035,#7036),(#7037,#7038,#7039),(#7040,#7041,#7042),
(#7043,#7044,#7045),(#7046,#7047,#7048),(#7049,#7050,#7051),(#7052,#7053,
#7054),(#7055,#7056,#7057),(#7058,#7059,#7060),(#7061,#7062,#7063),(#7064,
#7065,#7066),(#7067,#7068,#7069),(#7070,#7071,#7072),(#7073,#7074,#7075),
(#7076,#7077,#7078),(#7079,#7080,#7081),(#7082,#7083,#7084),(#7085,#7086,
#7087),(#7088,#7089,#7090),(#7091,#7092,#7093),(#7094,#7095,#7096),(#7097,
#7098,#7099),(#7100,#7101,#7102),(#7103,#7104,#7105),(#7106,#7107,#7108),
(#7109,#7110,#7111),(#7112,#7113,#7114),(#7115,#7116,#7117),(#7118,#7119,
#7120),(#7121,#7122,#7123),(#7124,#7125,#7126),(#7127,#7128,#7129),(#7130,
#7131,#7132),(#7133,#7134,#7135),(#7136,#7137,#7138),(#7139,#7140,#7141),
(#7142,#7143,#7144),(#7145,#7146,#7147),(#7148,#7149,#7150),(#7151,#7152,
#7153),(#7154,#7155,#7156),(#7157,#7158,#7159),(#7160,#7161,#7162),(#7163,
#7164,#7165),(#7166,#7167,#7168),(#7169,#7170,#7171),(#7172,#7173,#7174),
(#7175,#7176,#7177),(#7178,#7179,#7180),(#7181,#7182,#7183),(#7184,#7185,
#7186),(#7187,#7188,#7189),(#7190,#7191,#7192),(#7193,#7194,#7195),(#7196,
#7197,#7198),(#7199,#7200,#7201),(#7202,#7203,#7204),(#7205,#7206,#7207),
(#7208,#7209,#7210),(#7211,#7212,#7213),(#7214,#7215,#7216),(#7217,#7218,
#7219),(#7220,#7221,#7222),(#7223,#7224,#7225),(#7226,#7227,#7228),(#7229,
#7230,#7231),(#7232,#7233,#7234),(#7235,#7236,#7237),(#7238,#7239,#7240),
(#7241,#7242,#7243),(#7244,#7245,#7246),(#7247,#7248,#7249),(#7250,#7251,
#7252),(#7253,#7254,#7255),(#7256,#7257,#7258),(#7259,#7260,#7261),(#7262,
#7263,#7264),(#7265,#7266,#7267),(#7268,#7269,#7270),(#7271,#7272,#7273),
(#7274,#7275,#7276),(#7277,#7278,#7279),(#7280,#7281,#7282),(#7283,#7284,
#7285),(#7286,#7287,#7288),(#7289,#7290,#7291),(#7292,#7293,#7294),(#7295,
#7296,#7297),(#7298,#7299,#7300),(#7301,#7302,#7303),(#7304,#7305,#7306),
(#7307,#7308,#7309),(#7310,#7311,#7312),(#7313,#7314,#7315),(#7316,#7317,
#7318),(#7319,#7320,#7321),(#7322,#7323,#7324),(#7325,#7326,#7327),(#7328,
#7329,#7330),(#7331,#7332,#7333),(#7334,#7335,#7336),(#7337,#7338,#7339),
(#7340,#7341,#7342),(#7343,#7344,#7345),(#7346,#7347,#7348),(#7349,#7350,
#7351),(#7352,#7353,#7354),(#7355,#7356,#7357),(#7358,#7359,#7360),(#7361,
#7362,#7363),(#7364,#7365,#7366),(#7367,#7368,#7369),(#7370,#7371,#7372),
(#7373,#7374,#7375),(#7376,#7377,#7378),(#7379,#7380,#7381),(#7382,#7383,
#7384),(#7385,#7386,#7387),(#7388,#7389,#7390),(#7391,#7392,#7393),(#7394,
#7395,#7396),(#7397,#7398,#7399),(#7400,#7401,#7402),(#7403,#7404,#7405),
(#7406,#7407,#7408),(#7409,#7410,#7411),(#7412,#7413,#7414),(#7415,#7416,
#7417),(#7418,#7419,#7420),(#7421,#7422,#7423),(#7424,#7425,#7426),(#7427,
#7428,#7429),(#7430,#7431,#7432),(#7433,#7434,#7435),(#7436,#7437,#7438),
(#7439,#7440,#7441),(#7442,#7443,#7444),(#7445,#7446,#7447),(#7448,#7449,
#7450),(#7451,#7452,#7453),(#7454,#7455,#7456),(#7457,#7458,#7459),(#7460,
#7461,#7462),(#7463,#7464,#7465),(#7466,#7467,#7468),(#7469,#7470,#7471),
(#7472,#7473,#7474),(#7475,#7476,#7477),(#7478,#7479,#7480),(#7481,#7482,
#7483),(#7484,#7485,#7486),(#7487,#7488,#7489),(#7490,#7491,#7492),(#7493,
#7494,#7495),(#7496,#7497,#7498),(#7499,#7500,#7501),(#7502,#7503,#7504),
(#7505,#7506,#7507),(#7508,#7509,#7510),(#7511,#7512,#7513),(#7514,#7515,
#7516),(#7517,#7518,#7519),(#7520,#7521,#7522),(#7523,#7524,#7525),(#7526,
#7527,#7528),(#7529,#7530,#7531),(#7532,#7533,#7534),(#7535,#7536,#7537),
(#7538,#7539,#7540),(#7541,#7542,#7543),(#7544,#7545,#7546),(#7547,#7548,
#7549),(#7550,#7551,#7552),(#7553,#7554,#7555),(#7556,#7557,#7558),(#7559,
#7560,#7561),(#7562,#7563,#7564),(#7565,#7566,#7567),(#7568,#7569,#7570),
(#7571,#7572,#7573),(#7574,#7575,#7576),(#7577,#7578,#7579),(#7580,#7581,
#7582),(#7583,#7584,#7585),(#7586,#7587,#7588),(#7589,#7590,#7591),(#7592,
#7593,#7594),(#7595,#7596,#7597),(#7598,#7599,#7600),(#7601,#7602,#7603),
(#7604,#7605,#7606),(#7607,#7608,#7609),(#7610,#7611,#7612),(#7613,#7614,
#7615),(#7616,#7617,#7618),(#7619,#7620,#7621),(#7622,#7623,#7624),(#7625,
#7626,#7627),(#7628,#7629,#7630),(#7631,#7632,#7633),(#7634,#7635,#7636),
(#7637,#7638,#7639),(#7640,#7641,#7642),(#7643,#7644,#7645),(#7646,#7647,
#7648),(#7649,#7650,#7651),(#7652,#7653,#7654),(#7655,#7656,#7657),(#7658,
#7659,#7660),(#7661,#7662,#7663),(#7664,#7665,#7666),(#7667,#7668,#7669),
(#7670,#7671,#7672),(#7673,#7674,#7675),(#7676,#7677,#7678),(#7679,#7680,
#7681),(#7682,#7683,#7684),(#7685,#7686,#7687),(#7688,#7689,#7690)),
 .RULED_SURF.,.T.,.F.,.F.,(2,2,2,2,2,2,2,2,2,2,2,2,2,2,2,2,2,2,2,2,2,2,
2,2,2,2,2,2,2,2,2,2,2,2,2,2,2,2,2,2,2,2,2,2,2,2,2,2,2,2,2,2,2,2,2,2,2,2,
2,2,2,2,2,2,2,2,2,2,2,2,2,2,2,2,2,2,2,2,2,2,2,2,2,2,2,2,2,2,2,2,2,2,2,2,
2,2,2,2,2,2,2,2,2,2,2,2,2,2,2,2,2,2,2,2,2,2,2,2,2,2,2,2,2,2,2,2,2,2,2,2,
2),(2,1,2),(-0.0078125,0.,0.0078125,0.015625,0.0234375,0.03125,0.0390625,
0.046875,0.0546875,0.0625,0.0703125,0.078125,0.0859375,0.09375,0.1015625,
0.109375,0.1171875,0.125,0.1328125,0.140625,0.1484375,0.15625,0.1640625,
0.171875,0.1796875,0.1875,0.1953125,0.203125,0.2109375,0.21875,0.2265625,
0.234375,0.2421875,0.25,0.2578125,0.265625,0.2734375,0.28125,0.2890625,
0.296875,0.3046875,0.3125,0.3203125,0.328125,0.3359375,0.34375,0.3515625,
0.359375,0.3671875,0.375,0.3828125,0.390625,0.3984375,0.40625,0.4140625,
0.421875,0.4296875,0.4375,0.4453125,0.453125,0.4609375,0.46875,0.4765625,
0.484375,0.4921875,0.5,0.5078125,0.515625,0.5234375,0.53125,0.5390625,0.546875,
0.5546875,0.5625,0.5703125,0.578125,0.5859375,0.59375,0.6015625,0.609375,
0.6171875,0.625,0.6328125,0.640625,0.6484375,0.65625,0.6640625,0.671875,
0.6796875,0.6875,0.6953125,0.703125,0.7109375,0.71875,0.7265625,0.734375,
0.7421875,0.75,0.7578125,0.765625,0.7734375,0.78125,0.7890625,0.796875,
0.8046875,0.8125,0.8203125,0.828125,0.8359375,0.84375,0.8515625,0.859375,
0.8671875,0.875,0.8828125,0.890625,0.8984375,0.90625,0.9140625,0.921875,
0.9296875,0.9375,0.9453125,0.953125,0.9609375,0.96875,0.9765625,0.984375,
0.9921875,1.,1.0078125),(0.693670359851664,1.,1.00182710572684),
 .UNSPECIFIED.);
#66=B_SPLINE_SURFACE_WITH_KNOTS('',3,3,((#7765,#7766,#7767,#7768,#7769,
#7770,#7771,#7772,#7773,#7774,#7775,#7776,#7777,#7778,#7779,#7780,#7781,
#7782,#7783,#7784,#7785,#7786,#7787,#7788,#7789,#7790),(#7791,#7792,#7793,
#7794,#7795,#7796,#7797,#7798,#7799,#7800,#7801,#7802,#7803,#7804,#7805,
#7806,#7807,#7808,#7809,#7810,#7811,#7812,#7813,#7814,#7815,#7816),(#7817,
#7818,#7819,#7820,#7821,#7822,#7823,#7824,#7825,#7826,#7827,#7828,#7829,
#7830,#7831,#7832,#7833,#7834,#7835,#7836,#7837,#7838,#7839,#7840,#7841,
#7842),(#7843,#7844,#7845,#7846,#7847,#7848,#7849,#7850,#7851,#7852,#7853,
#7854,#7855,#7856,#7857,#7858,#7859,#7860,#7861,#7862,#7863,#7864,#7865,
#7866,#7867,#7868),(#7869,#7870,#7871,#7872,#7873,#7874,#7875,#7876,#7877,
#7878,#7879,#7880,#7881,#7882,#7883,#7884,#7885,#7886,#7887,#7888,#7889,
#7890,#7891,#7892,#7893,#7894),(#7895,#7896,#7897,#7898,#7899,#7900,#7901,
#7902,#7903,#7904,#7905,#7906,#7907,#7908,#7909,#7910,#7911,#7912,#7913,
#7914,#7915,#7916,#7917,#7918,#7919,#7920),(#7921,#7922,#7923,#7924,#7925,
#7926,#7927,#7928,#7929,#7930,#7931,#7932,#7933,#7934,#7935,#7936,#7937,
#7938,#7939,#7940,#7941,#7942,#7943,#7944,#7945,#7946),(#7947,#7948,#7949,
#7950,#7951,#7952,#7953,#7954,#7955,#7956,#7957,#7958,#7959,#7960,#7961,
#7962,#7963,#7964,#7965,#7966,#7967,#7968,#7969,#7970,#7971,#7972),(#7973,
#7974,#7975,#7976,#7977,#7978,#7979,#7980,#7981,#7982,#7983,#7984,#7985,
#7986,#7987,#7988,#7989,#7990,#7991,#7992,#7993,#7994,#7995,#7996,#7997,
#7998),(#7999,#8000,#8001,#8002,#8003,#8004,#8005,#8006,#8007,#8008,#8009,
#8010,#8011,#8012,#8013,#8014,#8015,#8016,#8017,#8018,#8019,#8020,#8021,
#8022,#8023,#8024),(#8025,#8026,#8027,#8028,#8029,#8030,#8031,#8032,#8033,
#8034,#8035,#8036,#8037,#8038,#8039,#8040,#8041,#8042,#8043,#8044,#8045,
#8046,#8047,#8048,#8049,#8050),(#8051,#8052,#8053,#8054,#8055,#8056,#8057,
#8058,#8059,#8060,#8061,#8062,#8063,#8064,#8065,#8066,#8067,#8068,#8069,
#8070,#8071,#8072,#8073,#8074,#8075,#8076),(#8077,#8078,#8079,#8080,#8081,
#8082,#8083,#8084,#8085,#8086,#8087,#8088,#8089,#8090,#8091,#8092,#8093,
#8094,#8095,#8096,#8097,#8098,#8099,#8100,#8101,#8102),(#8103,#8104,#8105,
#8106,#8107,#8108,#8109,#8110,#8111,#8112,#8113,#8114,#8115,#8116,#8117,
#8118,#8119,#8120,#8121,#8122,#8123,#8124,#8125,#8126,#8127,#8128),(#8129,
#8130,#8131,#8132,#8133,#8134,#8135,#8136,#8137,#8138,#8139,#8140,#8141,
#8142,#8143,#8144,#8145,#8146,#8147,#8148,#8149,#8150,#8151,#8152,#8153,
#8154),(#8155,#8156,#8157,#8158,#8159,#8160,#8161,#8162,#8163,#8164,#8165,
#8166,#8167,#8168,#8169,#8170,#8171,#8172,#8173,#8174,#8175,#8176,#8177,
#8178,#8179,#8180),(#8181,#8182,#8183,#8184,#8185,#8186,#8187,#8188,#8189,
#8190,#8191,#8192,#8193,#8194,#8195,#8196,#8197,#8198,#8199,#8200,#8201,
#8202,#8203,#8204,#8205,#8206),(#8207,#8208,#8209,#8210,#8211,#8212,#8213,
#8214,#8215,#8216,#8217,#8218,#8219,#8220,#8221,#8222,#8223,#8224,#8225,
#8226,#8227,#8228,#8229,#8230,#8231,#8232),(#8233,#8234,#8235,#8236,#8237,
#8238,#8239,#8240,#8241,#8242,#8243,#8244,#8245,#8246,#8247,#8248,#8249,
#8250,#8251,#8252,#8253,#8254,#8255,#8256,#8257,#8258),(#8259,#8260,#8261,
#8262,#8263,#8264,#8265,#8266,#8267,#8268,#8269,#8270,#8271,#8272,#8273,
#8274,#8275,#8276,#8277,#8278,#8279,#8280,#8281,#8282,#8283,#8284),(#8285,
#8286,#8287,#8288,#8289,#8290,#8291,#8292,#8293,#8294,#8295,#8296,#8297,
#8298,#8299,#8300,#8301,#8302,#8303,#8304,#8305,#8306,#8307,#8308,#8309,
#8310),(#8311,#8312,#8313,#8314,#8315,#8316,#8317,#8318,#8319,#8320,#8321,
#8322,#8323,#8324,#8325,#8326,#8327,#8328,#8329,#8330,#8331,#8332,#8333,
#8334,#8335,#8336),(#8337,#8338,#8339,#8340,#8341,#8342,#8343,#8344,#8345,
#8346,#8347,#8348,#8349,#8350,#8351,#8352,#8353,#8354,#8355,#8356,#8357,
#8358,#8359,#8360,#8361,#8362),(#8363,#8364,#8365,#8366,#8367,#8368,#8369,
#8370,#8371,#8372,#8373,#8374,#8375,#8376,#8377,#8378,#8379,#8380,#8381,
#8382,#8383,#8384,#8385,#8386,#8387,#8388),(#8389,#8390,#8391,#8392,#8393,
#8394,#8395,#8396,#8397,#8398,#8399,#8400,#8401,#8402,#8403,#8404,#8405,
#8406,#8407,#8408,#8409,#8410,#8411,#8412,#8413,#8414),(#8415,#8416,#8417,
#8418,#8419,#8420,#8421,#8422,#8423,#8424,#8425,#8426,#8427,#8428,#8429,
#8430,#8431,#8432,#8433,#8434,#8435,#8436,#8437,#8438,#8439,#8440),(#8441,
#8442,#8443,#8444,#8445,#8446,#8447,#8448,#8449,#8450,#8451,#8452,#8453,
#8454,#8455,#8456,#8457,#8458,#8459,#8460,#8461,#8462,#8463,#8464,#8465,
#8466),(#8467,#8468,#8469,#8470,#8471,#8472,#8473,#8474,#8475,#8476,#8477,
#8478,#8479,#8480,#8481,#8482,#8483,#8484,#8485,#8486,#8487,#8488,#8489,
#8490,#8491,#8492),(#8493,#8494,#8495,#8496,#8497,#8498,#8499,#8500,#8501,
#8502,#8503,#8504,#8505,#8506,#8507,#8508,#8509,#8510,#8511,#8512,#8513,
#8514,#8515,#8516,#8517,#8518),(#8519,#8520,#8521,#8522,#8523,#8524,#8525,
#8526,#8527,#8528,#8529,#8530,#8531,#8532,#8533,#8534,#8535,#8536,#8537,
#8538,#8539,#8540,#8541,#8542,#8543,#8544),(#8545,#8546,#8547,#8548,#8549,
#8550,#8551,#8552,#8553,#8554,#8555,#8556,#8557,#8558,#8559,#8560,#8561,
#8562,#8563,#8564,#8565,#8566,#8567,#8568,#8569,#8570),(#8571,#8572,#8573,
#8574,#8575,#8576,#8577,#8578,#8579,#8580,#8581,#8582,#8583,#8584,#8585,
#8586,#8587,#8588,#8589,#8590,#8591,#8592,#8593,#8594,#8595,#8596),(#8597,
#8598,#8599,#8600,#8601,#8602,#8603,#8604,#8605,#8606,#8607,#8608,#8609,
#8610,#8611,#8612,#8613,#8614,#8615,#8616,#8617,#8618,#8619,#8620,#8621,
#8622),(#8623,#8624,#8625,#8626,#8627,#8628,#8629,#8630,#8631,#8632,#8633,
#8634,#8635,#8636,#8637,#8638,#8639,#8640,#8641,#8642,#8643,#8644,#8645,
#8646,#8647,#8648),(#8649,#8650,#8651,#8652,#8653,#8654,#8655,#8656,#8657,
#8658,#8659,#8660,#8661,#8662,#8663,#8664,#8665,#8666,#8667,#8668,#8669,
#8670,#8671,#8672,#8673,#8674),(#8675,#8676,#8677,#8678,#8679,#8680,#8681,
#8682,#8683,#8684,#8685,#8686,#8687,#8688,#8689,#8690,#8691,#8692,#8693,
#8694,#8695,#8696,#8697,#8698,#8699,#8700),(#8701,#8702,#8703,#8704,#8705,
#8706,#8707,#8708,#8709,#8710,#8711,#8712,#8713,#8714,#8715,#8716,#8717,
#8718,#8719,#8720,#8721,#8722,#8723,#8724,#8725,#8726),(#8727,#8728,#8729,
#8730,#8731,#8732,#8733,#8734,#8735,#8736,#8737,#8738,#8739,#8740,#8741,
#8742,#8743,#8744,#8745,#8746,#8747,#8748,#8749,#8750,#8751,#8752),(#8753,
#8754,#8755,#8756,#8757,#8758,#8759,#8760,#8761,#8762,#8763,#8764,#8765,
#8766,#8767,#8768,#8769,#8770,#8771,#8772,#8773,#8774,#8775,#8776,#8777,
#8778),(#8779,#8780,#8781,#8782,#8783,#8784,#8785,#8786,#8787,#8788,#8789,
#8790,#8791,#8792,#8793,#8794,#8795,#8796,#8797,#8798,#8799,#8800,#8801,
#8802,#8803,#8804),(#8805,#8806,#8807,#8808,#8809,#8810,#8811,#8812,#8813,
#8814,#8815,#8816,#8817,#8818,#8819,#8820,#8821,#8822,#8823,#8824,#8825,
#8826,#8827,#8828,#8829,#8830),(#8831,#8832,#8833,#8834,#8835,#8836,#8837,
#8838,#8839,#8840,#8841,#8842,#8843,#8844,#8845,#8846,#8847,#8848,#8849,
#8850,#8851,#8852,#8853,#8854,#8855,#8856),(#8857,#8858,#8859,#8860,#8861,
#8862,#8863,#8864,#8865,#8866,#8867,#8868,#8869,#8870,#8871,#8872,#8873,
#8874,#8875,#8876,#8877,#8878,#8879,#8880,#8881,#8882),(#8883,#8884,#8885,
#8886,#8887,#8888,#8889,#8890,#8891,#8892,#8893,#8894,#8895,#8896,#8897,
#8898,#8899,#8900,#8901,#8902,#8903,#8904,#8905,#8906,#8907,#8908),(#8909,
#8910,#8911,#8912,#8913,#8914,#8915,#8916,#8917,#8918,#8919,#8920,#8921,
#8922,#8923,#8924,#8925,#8926,#8927,#8928,#8929,#8930,#8931,#8932,#8933,
#8934),(#8935,#8936,#8937,#8938,#8939,#8940,#8941,#8942,#8943,#8944,#8945,
#8946,#8947,#8948,#8949,#8950,#8951,#8952,#8953,#8954,#8955,#8956,#8957,
#8958,#8959,#8960)),.UNSPECIFIED.,.F.,.F.,.F.,(4,2,2,2,2,2,2,2,2,2,2,2,
2,2,2,2,2,2,2,2,2,2,4),(4,2,2,2,2,2,2,2,2,2,2,2,4),(0.,0.03125,0.0625,0.125,
0.1875,0.203125,0.21875,0.25,0.375,0.4375,0.453125,0.46875,0.484375,0.5,
0.625,0.6875,0.71875,0.734375,0.75,0.875,0.9375,0.96875,1.),(0.,0.03125,
0.0625,0.125,0.25,0.375,0.5,0.625,0.75,0.875,0.9375,0.96875,1.),
 .UNSPECIFIED.);
#67=B_SPLINE_SURFACE_WITH_KNOTS('',3,1,((#8961,#8962),(#8963,#8964),(#8965,
#8966),(#8967,#8968),(#8969,#8970),(#8971,#8972),(#8973,#8974),(#8975,#8976),
(#8977,#8978),(#8979,#8980),(#8981,#8982),(#8983,#8984),(#8985,#8986),(#8987,
#8988),(#8989,#8990),(#8991,#8992),(#8993,#8994),(#8995,#8996),(#8997,#8998),
(#8999,#9000),(#9001,#9002),(#9003,#9004),(#9005,#9006),(#9007,#9008),(#9009,
#9010)),.SURF_OF_LINEAR_EXTRUSION.,.T.,.F.,.F.,(1,3,1,1,1,1,1,1,1,1,1,1,
1,1,1,1,1,1,1,1,1,1,1,3,1),(2,2),(-0.038027311821056,0.,0.047930313285569,
0.104436692768395,0.157441603408399,0.202044793662906,0.254809602093547,
0.292226106487621,0.337464301016926,0.389912863066426,0.441283587978505,
0.490778629485317,0.534594172771738,0.570984709692393,0.615448920286318,
0.654009274795493,0.69625435556638,0.742379232277396,0.795455507661194,
0.841332479153227,0.888208202763602,0.928258834627842,0.961972688178944,
1.,1.04793031328557),(0.,1.),.UNSPECIFIED.);
#68=B_SPLINE_SURFACE_WITH_KNOTS('',3,1,((#9059,#9060),(#9061,#9062),(#9063,
#9064),(#9065,#9066)),.SURF_OF_LINEAR_EXTRUSION.,.F.,.F.,.F.,(4,4),(2,2),
(1.9199672091234,2.03681964903095),(0.,1.),.PIECEWISE_BEZIER_KNOTS.);
#69=B_SPLINE_CURVE_WITH_KNOTS('',3,(#745,#746,#747,#748,#749,#750,#751,
#752,#753,#754,#755,#756,#757,#758,#759,#760,#761,#762,#763,#764,#765,#766,
#767,#768,#769,#770,#771,#772,#773,#774,#775,#776,#777,#778,#779,#780,#781,
#782,#783,#784,#785,#786,#787,#788,#789,#790,#791,#792,#793,#794,#795,#796),
 .UNSPECIFIED.,.T.,.F.,(1,3,1,1,1,1,1,1,1,1,1,1,1,1,1,1,1,1,1,1,1,1,1,1,
1,1,1,1,1,1,1,1,1,1,1,1,1,1,1,1,1,1,1,1,1,1,1,1,1,1,3,1),(-0.0195525578239122,
0.,0.017998896423442,0.0361773107431198,0.051670250542326,0.0717912486088859,
0.0880761260695172,0.105905274895454,0.124522458649076,0.142967448041402,
0.160521943881216,0.17960730194079,0.203511479145254,0.23003118067719,0.252131663905598,
0.277520118829527,0.298644657936986,0.321161599058056,0.344958487251046,
0.36878971447734,0.393717930905651,0.41380340902724,0.439266974153423,0.454770546068436,
0.476598623806411,0.499527503647606,0.52024070516308,0.541237066099221,
0.558714275087261,0.583425156246728,0.602495822597903,0.622227915545744,
0.643134374639747,0.663623935267105,0.690176879057343,0.690177879056343,
0.710638123106387,0.729610428711314,0.749988081003502,0.773958419650336,
0.793375552569306,0.813849787707076,0.839503588318408,0.864574352058371,
0.885110799381201,0.910677519362099,0.925108929955251,0.939746477473078,
0.961308634703204,0.980447442176088,1.,1.01799889642344),.UNSPECIFIED.);
#70=B_SPLINE_CURVE_WITH_KNOTS('',3,(#944,#945,#946,#947,#948,#949,#950,
#951,#952,#953,#954,#955,#956,#957,#958,#959,#960,#961,#962,#963,#964,#965,
#966,#967,#968,#969,#970,#971,#972,#973,#974,#975,#976,#977,#978,#979,#980,
#981,#982,#983,#984,#985,#986,#987,#988,#989,#990,#991,#992,#993,#994,#995),
 .UNSPECIFIED.,.T.,.F.,(1,3,1,1,1,1,1,1,1,1,1,1,1,1,1,1,1,1,1,1,1,1,1,1,
1,1,1,1,1,1,1,1,1,1,1,1,1,1,1,1,1,1,1,1,1,1,1,1,1,1,3,1),(-0.0195525578239122,
0.,0.017998896423442,0.0361773107431198,0.051670250542326,0.0717912486088859,
0.0880761260695172,0.105905274895454,0.124522458649076,0.142967448041402,
0.160521943881216,0.17960730194079,0.203511479145254,0.23003118067719,0.252131663905598,
0.277520118829527,0.298644657936986,0.321161599058056,0.344958487251046,
0.36878971447734,0.393717930905651,0.41380340902724,0.439266974153423,0.454770546068436,
0.476598623806411,0.499527503647606,0.52024070516308,0.541237066099221,
0.558714275087261,0.583425156246728,0.602495822597903,0.622227915545744,
0.643134374639747,0.663623935267105,0.690176879057343,0.690177879056343,
0.710638123106387,0.729610428711314,0.749988081003502,0.773958419650336,
0.793375552569306,0.813849787707076,0.839503588318408,0.864574352058371,
0.885110799381201,0.910677519362099,0.925108929955251,0.939746477473078,
0.961308634703204,0.980447442176088,1.,1.01799889642344),.UNSPECIFIED.);
#71=B_SPLINE_CURVE_WITH_KNOTS('',3,(#1000,#1001,#1002,#1003,#1004,#1005,
#1006,#1007,#1008,#1009,#1010,#1011,#1012,#1013,#1014,#1015,#1016,#1017,
#1018,#1019,#1020,#1021,#1022,#1023,#1024,#1025),.UNSPECIFIED.,.F.,.F.,
(4,1,1,1,1,1,1,1,1,1,1,1,1,1,1,1,1,1,1,1,1,1,1,4),(0.,0.00214909912878266,
0.00429819825756532,0.00859639651513064,0.012894594772696,0.0171927930302613,
0.0214909912878266,0.0257891895453919,0.0343855860605225,0.0429819825756532,
0.0515783790907838,0.0601747756059145,0.0687711721210451,0.0773675686361757,
0.0859639651513064,0.094560361666437,0.103156758181568,0.111753154696698,
0.120349551211829,0.124647749469394,0.12894594772696,0.133244145984525,
0.135393245113308,0.13754234424209),.UNSPECIFIED.);
#72=B_SPLINE_CURVE_WITH_KNOTS('',3,(#1028,#1029,#1030,#1031,#1032,#1033,
#1034,#1035,#1036,#1037,#1038,#1039,#1040,#1041,#1042,#1043,#1044,#1045,
#1046,#1047,#1048,#1049,#1050,#1051,#1052,#1053),.UNSPECIFIED.,.F.,.F.,
(4,1,1,1,1,1,1,1,1,1,1,1,1,1,1,1,1,1,1,1,1,1,1,4),(0.,0.00211538461960307,
0.00423076923920614,0.00846153847841229,0.0126923077176184,0.0169230769568246,
0.0211538461960307,0.0253846154352369,0.0338461539136492,0.0423076923920614,
0.0507692308704737,0.059230769348886,0.0676923078272983,0.0846153847841229,
0.0930769232625352,0.101538461740947,0.11000000021936,0.114230769458566,
0.118461538697772,0.122692307936978,0.126923077176184,0.13115384641539,
0.133269231034994,0.135384615654597),.UNSPECIFIED.);
#73=B_SPLINE_CURVE_WITH_KNOTS('',3,(#1828,#1829,#1830,#1831,#1832,#1833,
#1834,#1835,#1836,#1837,#1838,#1839,#1840,#1841,#1842,#1843,#1844,#1845,
#1846,#1847,#1848,#1849,#1850,#1851,#1852,#1853),.UNSPECIFIED.,.F.,.F.,
(4,1,1,1,1,1,1,1,1,1,1,1,1,1,1,1,1,1,1,1,1,1,1,4),(0.,0.00695983185160969,
0.0139196637032194,0.0208794955548291,0.0278393274064388,0.0347991592580484,
0.0417589911096581,0.0487188229612678,0.0556786548128775,0.0695983185160969,
0.0765581503677066,0.0835179822193163,0.0974376459225356,0.111357309625755,
0.125276973328974,0.132236805180584,0.139196637032194,0.153116300735413,
0.167035964438633,0.173995796290242,0.180955628141852,0.194875291845071,
0.208794955548291,0.22271461925151),.UNSPECIFIED.);
#74=B_SPLINE_CURVE_WITH_KNOTS('',3,(#1856,#1857,#1858,#1859,#1860,#1861,
#1862,#1863,#1864,#1865,#1866,#1867,#1868,#1869,#1870,#1871,#1872,#1873,
#1874,#1875,#1876,#1877,#1878,#1879,#1880,#1881,#1882,#1883,#1884,#1885,
#1886,#1887,#1888,#1889,#1890,#1891,#1892,#1893,#1894,#1895,#1896,#1897,
#1898,#1899,#1900,#1901,#1902,#1903),.UNSPECIFIED.,.F.,.F.,(4,1,1,1,1,1,
1,1,1,1,1,1,1,1,1,1,1,1,1,1,1,1,1,1,1,1,1,1,1,1,1,1,1,1,1,1,1,1,1,1,1,1,
1,1,1,4),(0.,0.125,0.1875,0.25,0.3125,0.375,0.4375,0.46875,0.484375,0.5,
0.515625,0.53125,0.5625,0.59375,0.609375,0.6171875,0.625,0.6328125,0.640625,
0.65625,0.6875,0.703125,0.71875,0.734375,0.7421875,0.74609375,0.75,0.75390625,
0.7578125,0.765625,0.78125,0.796875,0.8125,0.828125,0.84375,0.859375,0.8671875,
0.87109375,0.875,0.87890625,0.8828125,0.890625,0.90625,0.921875,0.9375,
1.),.UNSPECIFIED.);
#75=B_SPLINE_CURVE_WITH_KNOTS('',3,(#1905,#1906,#1907,#1908,#1909,#1910,
#1911,#1912,#1913,#1914,#1915,#1916,#1917,#1918,#1919,#1920,#1921,#1922,
#1923,#1924,#1925,#1926,#1927,#1928,#1929,#1930),.UNSPECIFIED.,.F.,.F.,
(4,1,1,1,1,1,1,1,1,1,1,1,1,1,1,1,1,1,1,1,1,1,1,4),(0.,0.00695969527357181,
0.0139193905471436,0.0208790858207154,0.0278387810942873,0.0347984763678591,
0.0417581716414309,0.0487178669150027,0.0556775621885745,0.0695969527357181,
0.0765566480092899,0.0835163432828618,0.0974357338300054,0.111355124377149,
0.125274514924293,0.132234210197864,0.139193905471436,0.15311329601858,
0.167032686565724,0.173992381839295,0.180952077112867,0.194871467660011,
0.208790858207154,0.222710248754298),.UNSPECIFIED.);
#76=B_SPLINE_CURVE_WITH_KNOTS('',3,(#1932,#1933,#1934,#1935,#1936,#1937,
#1938,#1939,#1940,#1941,#1942,#1943,#1944,#1945,#1946,#1947,#1948,#1949,
#1950,#1951,#1952,#1953,#1954,#1955,#1956,#1957,#1958,#1959,#1960,#1961,
#1962,#1963,#1964,#1965,#1966,#1967,#1968,#1969,#1970,#1971,#1972,#1973,
#1974,#1975,#1976,#1977),.UNSPECIFIED.,.F.,.F.,(4,1,1,1,1,1,1,1,1,1,1,1,
1,1,1,1,1,1,1,1,1,1,1,1,1,1,1,1,1,1,1,1,1,1,1,1,1,1,1,1,1,1,1,4),(0.,0.125,
0.1875,0.25,0.3125,0.375,0.4375,0.46875,0.484375,0.5,0.515625,0.53125,0.5625,
0.59375,0.609375,0.625,0.640625,0.65625,0.671875,0.6875,0.703125,0.7109375,
0.71875,0.720703125,0.72265625,0.7265625,0.734375,0.75,0.765625,0.78125,
0.796875,0.8125,0.828125,0.84375,0.859375,0.875,0.890625,0.8984375,0.90625,
0.9140625,0.921875,0.9375,0.96875,1.),.UNSPECIFIED.);
#77=B_SPLINE_CURVE_WITH_KNOTS('',3,(#3174,#3175,#3176,#3177,#3178,#3179,
#3180,#3181,#3182,#3183,#3184,#3185),.UNSPECIFIED.,.F.,.F.,(4,1,1,1,1,1,
1,1,1,4),(0.,0.125,0.25,0.375,0.5,0.625,0.6875,0.75,0.875,1.),
 .UNSPECIFIED.);
#78=B_SPLINE_CURVE_WITH_KNOTS('',3,(#3186,#3187,#3188,#3189,#3190,#3191,
#3192,#3193,#3194,#3195,#3196,#3197,#3198,#3199),.UNSPECIFIED.,.F.,.F.,
(4,1,1,1,1,1,1,1,1,1,1,4),(0.,0.125,0.1875,0.25,0.375,0.4375,0.5,0.625,
0.6875,0.75,0.875,1.),.UNSPECIFIED.);
#79=B_SPLINE_CURVE_WITH_KNOTS('',3,(#3501,#3502,#3503,#3504,#3505,#3506,
#3507,#3508,#3509,#3510,#3511,#3512),.UNSPECIFIED.,.F.,.F.,(4,1,1,1,1,1,
1,1,1,4),(0.,0.125,0.25,0.375,0.5,0.625,0.6875,0.75,0.875,1.),
 .UNSPECIFIED.);
#80=B_SPLINE_CURVE_WITH_KNOTS('',3,(#3813,#3814,#3815,#3816,#3817,#3818,
#3819,#3820,#3821,#3822,#3823,#3824,#3825,#3826),.UNSPECIFIED.,.F.,.F.,
(4,1,1,1,1,1,1,1,1,1,1,4),(0.,0.125,0.1875,0.25,0.375,0.4375,0.5,0.625,
0.6875,0.75,0.875,1.),.UNSPECIFIED.);
#81=B_SPLINE_CURVE_WITH_KNOTS('',3,(#5234,#5235,#5236,#5237,#5238,#5239,
#5240,#5241,#5242,#5243,#5244,#5245,#5246,#5247,#5248,#5249,#5250,#5251,
#5252,#5253,#5254,#5255,#5256,#5257,#5258,#5259),.UNSPECIFIED.,.F.,.F.,
(4,1,1,1,1,1,1,1,1,1,1,1,1,1,1,1,1,1,1,1,1,1,1,4),(0.,0.00695969527357181,
0.0139193905471436,0.0208790858207154,0.0278387810942873,0.0347984763678591,
0.0417581716414309,0.0487178669150027,0.0556775621885745,0.0695969527357181,
0.0765566480092899,0.0835163432828618,0.0974357338300054,0.111355124377149,
0.125274514924293,0.132234210197864,0.139193905471436,0.15311329601858,
0.167032686565724,0.173992381839295,0.180952077112867,0.194871467660011,
0.208790858207154,0.222710248754298),.UNSPECIFIED.);
#82=B_SPLINE_CURVE_WITH_KNOTS('',3,(#5262,#5263,#5264,#5265),
 .UNSPECIFIED.,.F.,.F.,(4,4),(0.00158897301549932,0.00285897301549937),
 .UNSPECIFIED.);
#83=B_SPLINE_CURVE_WITH_KNOTS('',3,(#5267,#5268,#5269,#5270,#5271,#5272,
#5273,#5274,#5275,#5276,#5277,#5278,#5279,#5280,#5281,#5282,#5283,#5284,
#5285,#5286,#5287,#5288,#5289,#5290,#5291,#5292),.UNSPECIFIED.,.F.,.F.,
(4,1,1,1,1,1,1,1,1,1,1,1,1,1,1,1,1,1,1,1,1,1,1,4),(0.0307892769705362,0.037745385038241,
0.0447014931059457,0.0516576011736505,0.0586137092413552,0.06556981730906,
0.0725259253767647,0.0864381415121742,0.0933942495798789,0.100350357647584,
0.114262573782993,0.128174789918403,0.142087006053812,0.149043114121517,
0.155999222189222,0.169911438324631,0.183823654460041,0.19773587059545,
0.21164808673086,0.225560302866269,0.232516410933974,0.239472519001679,
0.246428627069383,0.253384735137088),.UNSPECIFIED.);
#84=B_SPLINE_CURVE_WITH_KNOTS('',3,(#5294,#5295,#5296,#5297),
 .UNSPECIFIED.,.F.,.F.,(4,4),(0.00158944877539564,0.00285944877539568),
 .UNSPECIFIED.);
#85=B_SPLINE_CURVE_WITH_KNOTS('',3,(#5299,#5300,#5301,#5302),
 .UNSPECIFIED.,.F.,.F.,(4,4),(0.,1.),.UNSPECIFIED.);
#86=B_SPLINE_CURVE_WITH_KNOTS('',3,(#5304,#5305,#5306,#5307),
 .UNSPECIFIED.,.F.,.F.,(4,4),(0.00567751566745111,0.0084644881397026),
 .UNSPECIFIED.);
#87=B_SPLINE_CURVE_WITH_KNOTS('',3,(#5309,#5310,#5311,#5312),
 .UNSPECIFIED.,.F.,.F.,(4,4),(0.0228356870146565,0.030643578305032),
 .UNSPECIFIED.);
#88=B_SPLINE_CURVE_WITH_KNOTS('',3,(#5424,#5425,#5426,#5427,#5428,#5429,
#5430,#5431,#5432,#5433,#5434,#5435),.UNSPECIFIED.,.F.,.F.,(4,1,1,1,1,1,
1,1,1,4),(0.,0.125,0.25,0.3125,0.375,0.5,0.625,0.75,0.875,1.),
 .UNSPECIFIED.);
#89=B_SPLINE_CURVE_WITH_KNOTS('',3,(#5437,#5438,#5439,#5440,#5441,#5442,
#5443,#5444,#5445,#5446,#5447),.UNSPECIFIED.,.F.,.F.,(4,1,1,1,1,1,1,1,4),
(0.0203870562956552,0.0329931286829846,0.0392961648766493,0.045599201070314,
0.0487507191671463,0.0519022372639787,0.0582052734576434,0.0645083096513081,
0.0708113458449728),.UNSPECIFIED.);
#90=B_SPLINE_CURVE_WITH_KNOTS('',3,(#5449,#5450,#5451,#5452),
 .UNSPECIFIED.,.F.,.F.,(4,4),(0.00514350000000177,0.00641350000000175),
 .UNSPECIFIED.);
#91=B_SPLINE_CURVE_WITH_KNOTS('',3,(#5485,#5486,#5487,#5488,#5489,#5490,
#5491,#5492,#5493,#5494,#5495,#5496,#5497,#5498,#5499,#5500),
 .UNSPECIFIED.,.F.,.F.,(4,1,1,1,1,1,1,1,1,1,1,1,1,4),(0.0495843872044039,
0.060309415760678,0.0710344443169521,0.0817594728732262,0.0924845014295003,
0.103209529985774,0.108572044263911,0.113934558542048,0.119297072820185,
0.124659587098323,0.127340844237391,0.13002210137646,0.132703358515528,
0.135384615654597),.UNSPECIFIED.);
#92=B_SPLINE_CURVE_WITH_KNOTS('',3,(#5502,#5503,#5504,#5505,#5506,#5507,
#5508,#5509,#5510,#5511,#5512,#5513,#5514,#5515,#5516),.UNSPECIFIED.,.F.,
 .F.,(4,1,1,1,1,1,1,1,1,1,1,1,4),(0.,0.0212454078352357,0.0318681117528536,
0.0424908156704714,0.0531135195880893,0.0584248715468982,0.0637362235057071,
0.0690475754645161,0.074358927423325,0.0770146034027294,0.0796702793821339,
0.0823259553615384,0.0849816313409428),.UNSPECIFIED.);
#93=B_SPLINE_CURVE_WITH_KNOTS('',3,(#5816,#5817,#5818,#5819,#5820,#5821,
#5822,#5823,#5824,#5825,#5826,#5827,#5828,#5829,#5830,#5831,#5832,#5833,
#5834,#5835,#5836,#5837,#5838,#5839,#5840,#5841,#5842,#5843,#5844,#5845,
#5846,#5847,#5848,#5849,#5850,#5851,#5852,#5853,#5854,#5855,#5856,#5857,
#5858),.UNSPECIFIED.,.F.,.F.,(4,1,1,1,1,1,1,1,1,1,1,1,1,1,1,1,1,1,1,1,1,
1,1,1,1,1,1,1,1,1,1,1,1,1,1,1,1,1,1,1,4),(1.86656568454134E-15,0.0115170696379533,
0.017275604456929,0.0230341392759047,0.0287926740948804,0.0345512089138561,
0.037430476323344,0.0403097437328319,0.0431890111423197,0.0460682785518076,
0.0489475459612954,0.0503871796660394,0.0518268133707833,0.0532664470755272,
0.0547060807802711,0.0561457144850151,0.057585348189759,0.0590249818945029,
0.0604646155992468,0.0633438830087347,0.0662231504182225,0.0691024178277104,
0.0748609526466861,0.077740220056174,0.0806194874656618,0.0863780222846375,
0.0921365571036133,0.097895091922589,0.103653626741565,0.115170696379516,
0.126687766017468,0.132446300836443,0.138204835655419,0.143963370474395,
0.14972190529337,0.155480440112346,0.161238974931322,0.166997509750298,
0.172756044569273,0.178514579388249,0.184273114207225),.UNSPECIFIED.);
#94=B_SPLINE_CURVE_WITH_KNOTS('',3,(#5860,#5861,#5862,#5863),
 .UNSPECIFIED.,.F.,.F.,(4,4),(0.,1.),.UNSPECIFIED.);
#95=B_SPLINE_CURVE_WITH_KNOTS('',3,(#5865,#5866,#5867,#5868,#5869,#5870,
#5871,#5872,#5873,#5874,#5875,#5876,#5877,#5878,#5879,#5880,#5881,#5882,
#5883,#5884,#5885,#5886,#5887,#5888,#5889,#5890),.UNSPECIFIED.,.F.,.F.,
(4,1,1,1,1,1,1,1,1,1,1,1,1,1,1,1,1,1,1,1,1,1,1,4),(2.22829265085925E-17,
0.00695983185160968,0.0139196637032193,0.020879495554829,0.0278393274064387,
0.0347991592580483,0.041758991109658,0.0487188229612676,0.0556786548128773,
0.0695983185160966,0.0765581503677062,0.0835179822193159,0.0974376459225352,
0.111357309625755,0.125276973328974,0.132236805180584,0.139196637032193,
0.153116300735412,0.167035964438632,0.173995796290241,0.180955628141851,
0.19487529184507,0.20879495554829,0.222714619251509),.UNSPECIFIED.);
#96=B_SPLINE_CURVE_WITH_KNOTS('',3,(#5892,#5893,#5894,#5895,#5896,#5897,
#5898,#5899,#5900,#5901,#5902,#5903,#5904,#5905),.UNSPECIFIED.,.F.,.F.,
(4,1,1,1,1,1,1,1,1,1,1,4),(0.,0.125,0.1875,0.25,0.375,0.4375,0.5,0.625,
0.6875,0.75,0.875,1.),.UNSPECIFIED.);
#97=B_SPLINE_CURVE_WITH_KNOTS('',3,(#6228,#6229,#6230,#6231,#6232,#6233,
#6234,#6235),.UNSPECIFIED.,.F.,.F.,(4,1,1,1,1,4),(2.05753122916912E-16,
0.00242362962076362,0.00484725924152703,0.00969451848305386,0.0145417777245807,
0.0193890369661075),.UNSPECIFIED.);
#98=B_SPLINE_CURVE_WITH_KNOTS('',3,(#6238,#6239,#6240,#6241),
 .UNSPECIFIED.,.F.,.F.,(4,4),(0.00286834646201517,0.0182927550474332),
 .UNSPECIFIED.);
#99=B_SPLINE_CURVE_WITH_KNOTS('',3,(#6242,#6243,#6244,#6245,#6246,#6247,
#6248),.UNSPECIFIED.,.F.,.F.,(4,1,1,1,4),(2.19454518458457E-16,0.00233534046484208,
0.00467068092968394,0.0070060213945258,0.00934136185936765),
 .UNSPECIFIED.);
#100=B_SPLINE_CURVE_WITH_KNOTS('',3,(#6251,#6252,#6253,#6254),
 .UNSPECIFIED.,.F.,.F.,(4,4),(0.000265869694002474,0.00860982469558632),
 .UNSPECIFIED.);
#101=B_SPLINE_CURVE_WITH_KNOTS('',3,(#6255,#6256,#6257,#6258,#6259,#6260,
#6261,#6262,#6263,#6264,#6265),.UNSPECIFIED.,.F.,.F.,(4,1,1,1,1,1,1,1,4),
(6.60437728647173E-16,0.00330286250856576,0.00660572501713086,0.00990858752569595,
0.0132114500342611,0.0165143125428261,0.0198171750513912,0.0231200375599563,
0.0264229000685214),.UNSPECIFIED.);
#102=B_SPLINE_CURVE_WITH_KNOTS('',3,(#6268,#6269,#6270,#6271),
 .UNSPECIFIED.,.F.,.F.,(4,4),(0.0010769363141612,0.0212579093112973),
 .UNSPECIFIED.);
#103=B_SPLINE_CURVE_WITH_KNOTS('',3,(#6272,#6273,#6274,#6275,#6276,#6277,
#6278,#6279,#6280,#6281,#6282,#6283,#6284,#6285,#6286,#6287,#6288,#6289,
#6290,#6291,#6292,#6293,#6294,#6295,#6296,#6297,#6298,#6299,#6300,#6301,
#6302,#6303,#6304,#6305,#6306,#6307,#6308,#6309),.UNSPECIFIED.,.F.,.F.,
(4,1,1,1,1,1,1,1,1,1,1,1,1,1,1,1,1,1,1,1,1,1,1,1,1,1,1,1,1,1,1,1,1,1,1,
4),(0.0477522815207757,0.0522314823880329,0.0567106832552901,0.0611898841225473,
0.0634294845561758,0.0656690849898044,0.0701482858570616,0.0746274867243188,
0.079106687591576,0.0835858884588332,0.0880650893260904,0.0903046897597189,
0.0925442901933475,0.0947838906269761,0.0970234910606047,0.098143291277419,
0.0992630914942333,0.101502691927862,0.10374229236149,0.105981892795119,
0.108221493228748,0.110461093662376,0.114940294529633,0.119419495396891,
0.123898696264148,0.128377897131405,0.132857097998662,0.137336298865919,
0.141815499733177,0.146294700600434,0.155253102334948,0.164211504069462,
0.16869070493672,0.173169905803977,0.182128307538491,0.191086709273006),
 .UNSPECIFIED.);
#104=B_SPLINE_CURVE_WITH_KNOTS('',3,(#6311,#6312,#6313,#6314,#6315,#6316,
#6317,#6318,#6319,#6320,#6321,#6322,#6323,#6324,#6325,#6326,#6327,#6328),
 .UNSPECIFIED.,.F.,.F.,(4,1,1,1,1,1,1,1,1,1,1,1,1,1,1,4),(0.455131530316276,
0.467389337753733,0.479647145191189,0.491904952628646,0.498033856347374,
0.504162760066102,0.516420567503559,0.522549471222287,0.528678374941016,
0.534807278659744,0.540936182378472,0.544000634237837,0.547065086097201,
0.550129537956565,0.551661763886247,0.553193989815929),.UNSPECIFIED.);
#105=B_SPLINE_CURVE_WITH_KNOTS('',3,(#6641,#6642,#6643,#6644,#6645,#6646,
#6647,#6648,#6649,#6650,#6651,#6652),.UNSPECIFIED.,.F.,.F.,(4,1,1,1,1,1,
1,1,1,4),(0.,0.00415454520428677,0.00830909040857355,0.0103863630107169,
0.0124636356128603,0.0145409082150037,0.0166181808171471,0.0207727260214339,
0.0249272712257206,0.0332363616342942),.UNSPECIFIED.);
#106=B_SPLINE_CURVE_WITH_KNOTS('',3,(#6653,#6654,#6655,#6656,#6657,#6658,
#6659),.UNSPECIFIED.,.F.,.F.,(4,1,1,1,4),(0.,0.25,0.5,0.75,1.),
 .UNSPECIFIED.);
#107=B_SPLINE_CURVE_WITH_KNOTS('',3,(#6663,#6664,#6665,#6666,#6667,#6668,
#6669,#6670,#6671,#6672,#6673,#6674,#6675,#6676,#6677,#6678,#6679,#6680,
#6681,#6682,#6683,#6684,#6685,#6686,#6687,#6688,#6689,#6690,#6691,#6692,
#6693,#6694,#6695,#6696,#6697,#6698,#6699,#6700,#6701,#6702,#6703,#6704,
#6705,#6706,#6707,#6708,#6709,#6710,#6711,#6712,#6713,#6714),
 .UNSPECIFIED.,.T.,.F.,(1,3,1,1,1,1,1,1,1,1,1,1,1,1,1,1,1,1,1,1,1,1,1,1,
1,1,1,1,1,1,1,1,1,1,1,1,1,1,1,1,1,1,1,1,1,1,1,1,1,1,3,1),(-0.0195525578239122,
0.,0.017998896423442,0.0361773107431198,0.051670250542326,0.0717912486088859,
0.0880761260695172,0.105905274895454,0.124522458649076,0.142967448041402,
0.160521943881216,0.17960730194079,0.203511479145254,0.23003118067719,0.252131663905598,
0.277520118829527,0.298644657936986,0.321161599058056,0.344958487251046,
0.36878971447734,0.393717930905651,0.41380340902724,0.439266974153423,0.454770546068436,
0.476598623806411,0.499527503647606,0.52024070516308,0.541237066099221,
0.558714275087261,0.583425156246728,0.602495822597903,0.622227915545744,
0.643134374639747,0.663623935267105,0.690176879057343,0.690177879056343,
0.710638123106387,0.729610428711314,0.749988081003502,0.773958419650336,
0.793375552569306,0.813849787707076,0.839503588318408,0.864574352058371,
0.885110799381201,0.910677519362099,0.925108929955251,0.939746477473078,
0.961308634703204,0.980447442176088,1.,1.01799889642344),.UNSPECIFIED.);
#108=B_SPLINE_CURVE_WITH_KNOTS('',3,(#6862,#6863,#6864,#6865,#6866,#6867,
#6868,#6869,#6870,#6871,#6872,#6873,#6874,#6875,#6876,#6877,#6878,#6879,
#6880,#6881,#6882,#6883,#6884,#6885,#6886,#6887,#6888,#6889,#6890,#6891,
#6892,#6893,#6894,#6895,#6896,#6897,#6898,#6899,#6900,#6901,#6902,#6903,
#6904,#6905,#6906,#6907,#6908,#6909,#6910,#6911,#6912,#6913),
 .UNSPECIFIED.,.T.,.F.,(1,3,1,1,1,1,1,1,1,1,1,1,1,1,1,1,1,1,1,1,1,1,1,1,
1,1,1,1,1,1,1,1,1,1,1,1,1,1,1,1,1,1,1,1,1,1,1,1,1,1,3,1),(-0.0195525578239122,
0.,0.017998896423442,0.0361773107431198,0.051670250542326,0.0717912486088859,
0.0880761260695172,0.105905274895454,0.124522458649076,0.142967448041402,
0.160521943881216,0.17960730194079,0.203511479145254,0.23003118067719,0.252131663905598,
0.277520118829527,0.298644657936986,0.321161599058056,0.344958487251046,
0.36878971447734,0.393717930905651,0.41380340902724,0.439266974153423,0.454770546068436,
0.476598623806411,0.499527503647606,0.52024070516308,0.541237066099221,
0.558714275087261,0.583425156246728,0.602495822597903,0.622227915545744,
0.643134374639747,0.663623935267105,0.690176879057343,0.690177879056343,
0.710638123106387,0.729610428711314,0.749988081003502,0.773958419650336,
0.793375552569306,0.813849787707076,0.839503588318408,0.864574352058371,
0.885110799381201,0.910677519362099,0.925108929955251,0.939746477473078,
0.961308634703204,0.980447442176088,1.,1.01799889642344),.UNSPECIFIED.);
#109=B_SPLINE_CURVE_WITH_KNOTS('',3,(#7691,#7692,#7693,#7694,#7695,#7696,
#7697,#7698,#7699,#7700,#7701,#7702,#7703,#7704,#7705,#7706,#7707,#7708,
#7709,#7710,#7711,#7712,#7713,#7714,#7715,#7716,#7717,#7718,#7719,#7720,
#7721,#7722,#7723,#7724,#7725,#7726,#7727,#7728,#7729,#7730,#7731,#7732,
#7733,#7734,#7735,#7736,#7737,#7738),.UNSPECIFIED.,.F.,.F.,(4,1,1,1,1,1,
1,1,1,1,1,1,1,1,1,1,1,1,1,1,1,1,1,1,1,1,1,1,1,1,1,1,1,1,1,1,1,1,1,1,1,1,
1,1,1,4),(0.,0.125,0.1875,0.25,0.3125,0.375,0.4375,0.46875,0.484375,0.5,
0.515625,0.53125,0.5625,0.59375,0.609375,0.6171875,0.625,0.6328125,0.640625,
0.65625,0.6875,0.703125,0.71875,0.734375,0.7421875,0.74609375,0.75,0.75390625,
0.7578125,0.765625,0.78125,0.796875,0.8125,0.828125,0.84375,0.859375,0.8671875,
0.87109375,0.875,0.87890625,0.8828125,0.890625,0.90625,0.921875,0.9375,
1.),.UNSPECIFIED.);
#110=B_SPLINE_CURVE_WITH_KNOTS('',3,(#7740,#7741,#7742,#7743,#7744,#7745,
#7746,#7747,#7748,#7749,#7750,#7751,#7752,#7753,#7754,#7755,#7756,#7757,
#7758,#7759,#7760,#7761,#7762,#7763,#7764),.UNSPECIFIED.,.T.,.F.,(1,3,1,
1,1,1,1,1,1,1,1,1,1,1,1,1,1,1,1,1,1,1,1,3,1),(-0.038027311821056,0.,0.047930313285569,
0.104436692768395,0.157441603408399,0.202044793662906,0.254809602093547,
0.292226106487621,0.337464301016926,0.389912863066426,0.441283587978505,
0.490778629485317,0.534594172771738,0.570984709692393,0.615448920286318,
0.654009274795493,0.69625435556638,0.742379232277396,0.795455507661194,
0.841332479153227,0.888208202763602,0.928258834627842,0.961972688178944,
1.,1.04793031328557),.UNSPECIFIED.);
#111=B_SPLINE_CURVE_WITH_KNOTS('',3,(#9011,#9012,#9013,#9014,#9015,#9016,
#9017,#9018,#9019,#9020,#9021,#9022,#9023,#9024,#9025,#9026,#9027,#9028,
#9029,#9030,#9031,#9032,#9033,#9034,#9035),.UNSPECIFIED.,.T.,.F.,(1,3,1,
1,1,1,1,1,1,1,1,1,1,1,1,1,1,1,1,1,1,1,1,3,1),(-0.038027311821056,0.,0.047930313285569,
0.104436692768395,0.157441603408399,0.202044793662906,0.254809602093547,
0.292226106487621,0.337464301016926,0.389912863066426,0.441283587978505,
0.490778629485317,0.534594172771738,0.570984709692393,0.615448920286318,
0.654009274795493,0.69625435556638,0.742379232277396,0.795455507661194,
0.841332479153227,0.888208202763602,0.928258834627842,0.961972688178944,
1.,1.04793031328557),.UNSPECIFIED.);
#112=ORIENTED_EDGE('',*,*,#244,.F.);
#113=ORIENTED_EDGE('',*,*,#245,.F.);
#114=ORIENTED_EDGE('',*,*,#246,.F.);
#115=ORIENTED_EDGE('',*,*,#247,.T.);
#116=ORIENTED_EDGE('',*,*,#248,.F.);
#117=ORIENTED_EDGE('',*,*,#245,.T.);
#118=ORIENTED_EDGE('',*,*,#246,.T.);
#119=ORIENTED_EDGE('',*,*,#248,.T.);
#120=ORIENTED_EDGE('',*,*,#247,.F.);
#121=ORIENTED_EDGE('',*,*,#249,.F.);
#122=ORIENTED_EDGE('',*,*,#250,.F.);
#123=ORIENTED_EDGE('',*,*,#251,.F.);
#124=ORIENTED_EDGE('',*,*,#252,.F.);
#125=ORIENTED_EDGE('',*,*,#253,.F.);
#126=ORIENTED_EDGE('',*,*,#254,.F.);
#127=ORIENTED_EDGE('',*,*,#244,.T.);
#128=ORIENTED_EDGE('',*,*,#255,.T.);
#129=ORIENTED_EDGE('',*,*,#252,.T.);
#130=ORIENTED_EDGE('',*,*,#256,.T.);
#131=ORIENTED_EDGE('',*,*,#256,.F.);
#132=ORIENTED_EDGE('',*,*,#251,.T.);
#133=ORIENTED_EDGE('',*,*,#257,.T.);
#134=ORIENTED_EDGE('',*,*,#250,.T.);
#135=ORIENTED_EDGE('',*,*,#255,.F.);
#136=ORIENTED_EDGE('',*,*,#249,.T.);
#137=ORIENTED_EDGE('',*,*,#258,.T.);
#138=ORIENTED_EDGE('',*,*,#253,.T.);
#139=ORIENTED_EDGE('',*,*,#254,.T.);
#140=ORIENTED_EDGE('',*,*,#258,.F.);
#141=ORIENTED_EDGE('',*,*,#257,.F.);
#142=ORIENTED_EDGE('',*,*,#259,.F.);
#143=ORIENTED_EDGE('',*,*,#260,.F.);
#144=ORIENTED_EDGE('',*,*,#261,.T.);
#145=ORIENTED_EDGE('',*,*,#262,.T.);
#146=ORIENTED_EDGE('',*,*,#263,.F.);
#147=ORIENTED_EDGE('',*,*,#264,.F.);
#148=ORIENTED_EDGE('',*,*,#265,.T.);
#149=ORIENTED_EDGE('',*,*,#260,.T.);
#150=ORIENTED_EDGE('',*,*,#266,.T.);
#151=ORIENTED_EDGE('',*,*,#262,.F.);
#152=ORIENTED_EDGE('',*,*,#267,.F.);
#153=ORIENTED_EDGE('',*,*,#268,.T.);
#154=ORIENTED_EDGE('',*,*,#269,.T.);
#155=ORIENTED_EDGE('',*,*,#268,.F.);
#156=ORIENTED_EDGE('',*,*,#270,.F.);
#157=ORIENTED_EDGE('',*,*,#271,.T.);
#158=ORIENTED_EDGE('',*,*,#269,.F.);
#159=ORIENTED_EDGE('',*,*,#272,.T.);
#160=ORIENTED_EDGE('',*,*,#273,.F.);
#161=ORIENTED_EDGE('',*,*,#274,.F.);
#162=ORIENTED_EDGE('',*,*,#275,.T.);
#163=ORIENTED_EDGE('',*,*,#276,.F.);
#164=ORIENTED_EDGE('',*,*,#277,.F.);
#165=ORIENTED_EDGE('',*,*,#278,.F.);
#166=ORIENTED_EDGE('',*,*,#279,.F.);
#167=ORIENTED_EDGE('',*,*,#280,.F.);
#168=ORIENTED_EDGE('',*,*,#281,.F.);
#169=ORIENTED_EDGE('',*,*,#265,.F.);
#170=ORIENTED_EDGE('',*,*,#282,.T.);
#171=ORIENTED_EDGE('',*,*,#283,.F.);
#172=ORIENTED_EDGE('',*,*,#267,.T.);
#173=ORIENTED_EDGE('',*,*,#261,.F.);
#174=ORIENTED_EDGE('',*,*,#273,.T.);
#175=ORIENTED_EDGE('',*,*,#284,.T.);
#176=ORIENTED_EDGE('',*,*,#263,.T.);
#177=ORIENTED_EDGE('',*,*,#285,.F.);
#178=ORIENTED_EDGE('',*,*,#286,.T.);
#179=ORIENTED_EDGE('',*,*,#287,.T.);
#180=ORIENTED_EDGE('',*,*,#288,.T.);
#181=ORIENTED_EDGE('',*,*,#289,.F.);
#182=ORIENTED_EDGE('',*,*,#290,.T.);
#183=ORIENTED_EDGE('',*,*,#287,.F.);
#184=ORIENTED_EDGE('',*,*,#288,.F.);
#185=ORIENTED_EDGE('',*,*,#290,.F.);
#186=ORIENTED_EDGE('',*,*,#289,.T.);
#187=ORIENTED_EDGE('',*,*,#274,.T.);
#188=ORIENTED_EDGE('',*,*,#285,.T.);
#189=ORIENTED_EDGE('',*,*,#259,.T.);
#190=ORIENTED_EDGE('',*,*,#291,.T.);
#191=ORIENTED_EDGE('',*,*,#286,.F.);
#192=ORIENTED_EDGE('',*,*,#283,.T.);
#193=ORIENTED_EDGE('',*,*,#292,.T.);
#194=ORIENTED_EDGE('',*,*,#270,.T.);
#195=ORIENTED_EDGE('',*,*,#266,.F.);
#196=ORIENTED_EDGE('',*,*,#275,.F.);
#197=ORIENTED_EDGE('',*,*,#291,.F.);
#198=ORIENTED_EDGE('',*,*,#292,.F.);
#199=ORIENTED_EDGE('',*,*,#282,.F.);
#200=ORIENTED_EDGE('',*,*,#264,.T.);
#201=ORIENTED_EDGE('',*,*,#284,.F.);
#202=ORIENTED_EDGE('',*,*,#272,.F.);
#203=ORIENTED_EDGE('',*,*,#271,.F.);
#204=ORIENTED_EDGE('',*,*,#293,.T.);
#205=ORIENTED_EDGE('',*,*,#293,.F.);
#206=ORIENTED_EDGE('',*,*,#294,.F.);
#207=ORIENTED_EDGE('',*,*,#295,.T.);
#208=ORIENTED_EDGE('',*,*,#296,.T.);
#209=ORIENTED_EDGE('',*,*,#297,.F.);
#210=ORIENTED_EDGE('',*,*,#298,.F.);
#211=ORIENTED_EDGE('',*,*,#280,.T.);
#212=ORIENTED_EDGE('',*,*,#299,.F.);
#213=ORIENTED_EDGE('',*,*,#296,.F.);
#214=ORIENTED_EDGE('',*,*,#300,.T.);
#215=ORIENTED_EDGE('',*,*,#294,.T.);
#216=ORIENTED_EDGE('',*,*,#299,.T.);
#217=ORIENTED_EDGE('',*,*,#281,.T.);
#218=ORIENTED_EDGE('',*,*,#298,.T.);
#219=ORIENTED_EDGE('',*,*,#297,.T.);
#220=ORIENTED_EDGE('',*,*,#295,.F.);
#221=ORIENTED_EDGE('',*,*,#300,.F.);
#222=ORIENTED_EDGE('',*,*,#301,.F.);
#223=ORIENTED_EDGE('',*,*,#278,.T.);
#224=ORIENTED_EDGE('',*,*,#302,.T.);
#225=ORIENTED_EDGE('',*,*,#301,.T.);
#226=ORIENTED_EDGE('',*,*,#279,.T.);
#227=ORIENTED_EDGE('',*,*,#302,.F.);
#228=ORIENTED_EDGE('',*,*,#303,.F.);
#229=ORIENTED_EDGE('',*,*,#304,.T.);
#230=ORIENTED_EDGE('',*,*,#305,.T.);
#231=ORIENTED_EDGE('',*,*,#306,.F.);
#232=ORIENTED_EDGE('',*,*,#307,.F.);
#233=ORIENTED_EDGE('',*,*,#276,.T.);
#234=ORIENTED_EDGE('',*,*,#308,.F.);
#235=ORIENTED_EDGE('',*,*,#305,.F.);
#236=ORIENTED_EDGE('',*,*,#309,.T.);
#237=ORIENTED_EDGE('',*,*,#303,.T.);
#238=ORIENTED_EDGE('',*,*,#308,.T.);
#239=ORIENTED_EDGE('',*,*,#277,.T.);
#240=ORIENTED_EDGE('',*,*,#307,.T.);
#241=ORIENTED_EDGE('',*,*,#306,.T.);
#242=ORIENTED_EDGE('',*,*,#304,.F.);
#243=ORIENTED_EDGE('',*,*,#309,.F.);
#244=EDGE_CURVE('',#310,#310,#356,.T.);
#245=EDGE_CURVE('',#311,#311,#69,.T.);
#246=EDGE_CURVE('',#312,#312,#357,.T.);
#247=EDGE_CURVE('',#313,#313,#358,.T.);
#248=EDGE_CURVE('',#314,#314,#70,.T.);
#249=EDGE_CURVE('',#315,#316,#71,.T.);
#250=EDGE_CURVE('',#316,#315,#72,.T.);
#251=EDGE_CURVE('',#317,#318,#73,.T.);
#252=EDGE_CURVE('',#319,#317,#74,.T.);
#253=EDGE_CURVE('',#320,#319,#75,.T.);
#254=EDGE_CURVE('',#318,#320,#76,.T.);
#255=EDGE_CURVE('',#315,#319,#77,.F.);
#256=EDGE_CURVE('',#317,#315,#78,.T.);
#257=EDGE_CURVE('',#318,#316,#79,.T.);
#258=EDGE_CURVE('',#316,#320,#80,.F.);
#259=EDGE_CURVE('',#321,#322,#81,.T.);
#260=EDGE_CURVE('',#323,#321,#82,.F.);
#261=EDGE_CURVE('',#323,#324,#83,.T.);
#262=EDGE_CURVE('',#324,#322,#84,.F.);
#263=EDGE_CURVE('',#325,#321,#85,.F.);
#264=EDGE_CURVE('',#326,#325,#86,.F.);
#265=EDGE_CURVE('',#326,#323,#87,.T.);
#266=EDGE_CURVE('',#327,#322,#88,.T.);
#267=EDGE_CURVE('',#328,#324,#89,.F.);
#268=EDGE_CURVE('',#328,#327,#90,.T.);
#269=EDGE_CURVE('',#329,#327,#91,.T.);
#270=EDGE_CURVE('',#330,#328,#92,.T.);
#271=EDGE_CURVE('',#330,#329,#31,.F.);
#272=EDGE_CURVE('',#329,#331,#93,.T.);
#273=EDGE_CURVE('',#332,#331,#94,.T.);
#274=EDGE_CURVE('',#333,#332,#95,.T.);
#275=EDGE_CURVE('',#333,#327,#96,.T.);
#276=EDGE_CURVE('',#334,#335,#97,.T.);
#277=EDGE_CURVE('',#335,#334,#98,.T.);
#278=EDGE_CURVE('',#336,#337,#99,.T.);
#279=EDGE_CURVE('',#337,#336,#100,.T.);
#280=EDGE_CURVE('',#338,#339,#101,.T.);
#281=EDGE_CURVE('',#339,#338,#102,.T.);
#282=EDGE_CURVE('',#326,#340,#103,.F.);
#283=EDGE_CURVE('',#328,#340,#104,.F.);
#284=EDGE_CURVE('',#331,#325,#105,.T.);
#285=EDGE_CURVE('',#332,#321,#106,.F.);
#286=EDGE_CURVE('',#341,#341,#359,.T.);
#287=EDGE_CURVE('',#342,#342,#107,.T.);
#288=EDGE_CURVE('',#343,#343,#360,.T.);
#289=EDGE_CURVE('',#344,#344,#361,.T.);
#290=EDGE_CURVE('',#345,#345,#108,.T.);
#291=EDGE_CURVE('',#322,#333,#109,.T.);
#292=EDGE_CURVE('',#340,#330,#110,.T.);
#293=EDGE_CURVE('',#346,#346,#111,.T.);
#294=EDGE_CURVE('',#347,#348,#32,.T.);
#295=EDGE_CURVE('',#347,#349,#10,.T.);
#296=EDGE_CURVE('',#349,#350,#33,.T.);
#297=EDGE_CURVE('',#348,#350,#11,.T.);
#298=EDGE_CURVE('',#338,#348,#12,.T.);
#299=EDGE_CURVE('',#350,#339,#13,.T.);
#300=EDGE_CURVE('',#349,#347,#14,.T.);
#301=EDGE_CURVE('',#336,#337,#15,.T.);
#302=EDGE_CURVE('',#351,#351,#16,.T.);
#303=EDGE_CURVE('',#352,#353,#34,.T.);
#304=EDGE_CURVE('',#352,#354,#362,.T.);
#305=EDGE_CURVE('',#354,#355,#35,.T.);
#306=EDGE_CURVE('',#353,#355,#363,.T.);
#307=EDGE_CURVE('',#334,#353,#17,.T.);
#308=EDGE_CURVE('',#355,#335,#18,.T.);
#309=EDGE_CURVE('',#354,#352,#19,.T.);
#310=VERTEX_POINT('',#744);
#311=VERTEX_POINT('',#797);
#312=VERTEX_POINT('',#837);
#313=VERTEX_POINT('',#839);
#314=VERTEX_POINT('',#996);
#315=VERTEX_POINT('',#1026);
#316=VERTEX_POINT('',#1027);
#317=VERTEX_POINT('',#1854);
#318=VERTEX_POINT('',#1855);
#319=VERTEX_POINT('',#1904);
#320=VERTEX_POINT('',#1931);
#321=VERTEX_POINT('',#5260);
#322=VERTEX_POINT('',#5261);
#323=VERTEX_POINT('',#5266);
#324=VERTEX_POINT('',#5293);
#325=VERTEX_POINT('',#5303);
#326=VERTEX_POINT('',#5308);
#327=VERTEX_POINT('',#5436);
#328=VERTEX_POINT('',#5448);
#329=VERTEX_POINT('',#5501);
#330=VERTEX_POINT('',#5517);
#331=VERTEX_POINT('',#5859);
#332=VERTEX_POINT('',#5864);
#333=VERTEX_POINT('',#5891);
#334=VERTEX_POINT('',#6236);
#335=VERTEX_POINT('',#6237);
#336=VERTEX_POINT('',#6249);
#337=VERTEX_POINT('',#6250);
#338=VERTEX_POINT('',#6266);
#339=VERTEX_POINT('',#6267);
#340=VERTEX_POINT('',#6310);
#341=VERTEX_POINT('',#6662);
#342=VERTEX_POINT('',#6715);
#343=VERTEX_POINT('',#6755);
#344=VERTEX_POINT('',#6757);
#345=VERTEX_POINT('',#6914);
#346=VERTEX_POINT('',#9036);
#347=VERTEX_POINT('',#9040);
#348=VERTEX_POINT('',#9041);
#349=VERTEX_POINT('',#9043);
#350=VERTEX_POINT('',#9045);
#351=VERTEX_POINT('',#9056);
#352=VERTEX_POINT('',#9068);
#353=VERTEX_POINT('',#9069);
#354=VERTEX_POINT('',#9071);
#355=VERTEX_POINT('',#9073);
#356=ELLIPSE('',#618,0.104008040132567,0.0643205263597856);
#357=ELLIPSE('',#619,0.104008040132567,0.0643205263597856);
#358=ELLIPSE('',#620,0.104008040132567,0.0643205263597856);
#359=ELLIPSE('',#627,0.104008040132567,0.0643205263597856);
#360=ELLIPSE('',#628,0.104008040132567,0.0643205263597856);
#361=ELLIPSE('',#629,0.104008040132567,0.0643205263597856);
#362=ELLIPSE('',#648,0.0920617804424262,0.0538289473128564);
#363=ELLIPSE('',#649,0.0920617804424262,0.0538289473128564);
#364=EDGE_LOOP('',(#112));
#365=EDGE_LOOP('',(#113));
#366=EDGE_LOOP('',(#114));
#367=EDGE_LOOP('',(#115));
#368=EDGE_LOOP('',(#116));
#369=EDGE_LOOP('',(#117));
#370=EDGE_LOOP('',(#118));
#371=EDGE_LOOP('',(#119));
#372=EDGE_LOOP('',(#120));
#373=EDGE_LOOP('',(#121,#122));
#374=EDGE_LOOP('',(#123,#124,#125,#126));
#375=EDGE_LOOP('',(#127));
#376=EDGE_LOOP('',(#128,#129,#130));
#377=EDGE_LOOP('',(#131,#132,#133,#134));
#378=EDGE_LOOP('',(#135,#136,#137,#138));
#379=EDGE_LOOP('',(#139,#140,#141));
#380=EDGE_LOOP('',(#142,#143,#144,#145));
#381=EDGE_LOOP('',(#146,#147,#148,#149));
#382=EDGE_LOOP('',(#150,#151,#152,#153));
#383=EDGE_LOOP('',(#154,#155,#156,#157));
#384=EDGE_LOOP('',(#158,#159,#160,#161,#162));
#385=EDGE_LOOP('',(#163,#164));
#386=EDGE_LOOP('',(#165,#166));
#387=EDGE_LOOP('',(#167,#168));
#388=EDGE_LOOP('',(#169,#170,#171,#172,#173));
#389=EDGE_LOOP('',(#174,#175,#176,#177));
#390=EDGE_LOOP('',(#178));
#391=EDGE_LOOP('',(#179));
#392=EDGE_LOOP('',(#180));
#393=EDGE_LOOP('',(#181));
#394=EDGE_LOOP('',(#182));
#395=EDGE_LOOP('',(#183));
#396=EDGE_LOOP('',(#184));
#397=EDGE_LOOP('',(#185));
#398=EDGE_LOOP('',(#186));
#399=EDGE_LOOP('',(#187,#188,#189,#190));
#400=EDGE_LOOP('',(#191));
#401=EDGE_LOOP('',(#192,#193,#194));
#402=EDGE_LOOP('',(#195,#196,#197));
#403=EDGE_LOOP('',(#198,#199,#200,#201,#202,#203));
#404=EDGE_LOOP('',(#204));
#405=EDGE_LOOP('',(#205));
#406=EDGE_LOOP('',(#206,#207,#208,#209));
#407=EDGE_LOOP('',(#210,#211,#212,#213,#214,#215));
#408=EDGE_LOOP('',(#216,#217,#218,#219));
#409=EDGE_LOOP('',(#220,#221));
#410=EDGE_LOOP('',(#222,#223));
#411=EDGE_LOOP('',(#224));
#412=EDGE_LOOP('',(#225,#226));
#413=EDGE_LOOP('',(#227));
#414=EDGE_LOOP('',(#228,#229,#230,#231));
#415=EDGE_LOOP('',(#232,#233,#234,#235,#236,#237));
#416=EDGE_LOOP('',(#238,#239,#240,#241));
#417=EDGE_LOOP('',(#242,#243));
#418=FACE_BOUND('',#364,.T.);
#419=FACE_BOUND('',#365,.T.);
#420=FACE_BOUND('',#366,.T.);
#421=FACE_BOUND('',#367,.T.);
#422=FACE_BOUND('',#368,.T.);
#423=FACE_BOUND('',#369,.T.);
#424=FACE_BOUND('',#370,.T.);
#425=FACE_BOUND('',#371,.T.);
#426=FACE_BOUND('',#372,.T.);
#427=FACE_BOUND('',#373,.T.);
#428=FACE_BOUND('',#374,.T.);
#429=FACE_BOUND('',#375,.T.);
#430=FACE_BOUND('',#376,.T.);
#431=FACE_BOUND('',#377,.T.);
#432=FACE_BOUND('',#378,.T.);
#433=FACE_BOUND('',#379,.T.);
#434=FACE_BOUND('',#380,.T.);
#435=FACE_BOUND('',#381,.T.);
#436=FACE_BOUND('',#382,.T.);
#437=FACE_BOUND('',#383,.T.);
#438=FACE_BOUND('',#384,.T.);
#439=FACE_BOUND('',#385,.T.);
#440=FACE_BOUND('',#386,.T.);
#441=FACE_BOUND('',#387,.T.);
#442=FACE_BOUND('',#388,.T.);
#443=FACE_BOUND('',#389,.T.);
#444=FACE_BOUND('',#390,.T.);
#445=FACE_BOUND('',#391,.T.);
#446=FACE_BOUND('',#392,.T.);
#447=FACE_BOUND('',#393,.T.);
#448=FACE_BOUND('',#394,.T.);
#449=FACE_BOUND('',#395,.T.);
#450=FACE_BOUND('',#396,.T.);
#451=FACE_BOUND('',#397,.T.);
#452=FACE_BOUND('',#398,.T.);
#453=FACE_BOUND('',#399,.T.);
#454=FACE_BOUND('',#400,.T.);
#455=FACE_BOUND('',#401,.T.);
#456=FACE_BOUND('',#402,.T.);
#457=FACE_BOUND('',#403,.T.);
#458=FACE_BOUND('',#404,.T.);
#459=FACE_BOUND('',#405,.T.);
#460=FACE_BOUND('',#406,.T.);
#461=FACE_BOUND('',#407,.T.);
#462=FACE_BOUND('',#408,.T.);
#463=FACE_BOUND('',#409,.T.);
#464=FACE_BOUND('',#410,.T.);
#465=FACE_BOUND('',#411,.T.);
#466=FACE_BOUND('',#412,.T.);
#467=FACE_BOUND('',#413,.T.);
#468=FACE_BOUND('',#414,.T.);
#469=FACE_BOUND('',#415,.T.);
#470=FACE_BOUND('',#416,.T.);
#471=FACE_BOUND('',#417,.T.);
#472=PLANE('',#617);
#473=PLANE('',#621);
#474=PLANE('',#622);
#475=PLANE('',#623);
#476=PLANE('',#626);
#477=PLANE('',#630);
#478=PLANE('',#631);
#479=PLANE('',#632);
#480=PLANE('',#633);
#481=PLANE('',#641);
#482=PLANE('',#642);
#483=PLANE('',#646);
#484=PLANE('',#647);
#485=PLANE('',#654);
#486=PLANE('',#655);
#487=ADVANCED_FACE('Face appearance 1',(#418,#419),#472,.F.);
#488=ADVANCED_FACE('',(#420,#421),#52,.F.);
#489=ADVANCED_FACE('Face appearance 1',(#422,#423),#53,.F.);
#490=ADVANCED_FACE('Face appearance 1',(#424,#425),#473,.T.);
#491=ADVANCED_FACE('Face appearance 3',(#426),#474,.T.);
#492=ADVANCED_FACE('Face appearance 4',(#427),#475,.F.);
#493=ADVANCED_FACE('Face appearance 4',(#428,#429),#54,.F.);
#494=ADVANCED_FACE('Face appearance 4',(#430),#55,.F.);
#495=ADVANCED_FACE('Face appearance 4',(#431),#56,.T.);
#496=ADVANCED_FACE('Face appearance 4',(#432),#50,.T.);
#497=ADVANCED_FACE('Face appearance 4',(#433),#57,.F.);
#498=ADVANCED_FACE('',(#434),#58,.T.);
#499=ADVANCED_FACE('',(#435),#41,.T.);
#500=ADVANCED_FACE('',(#436),#59,.T.);
#501=ADVANCED_FACE('',(#437),#60,.T.);
#502=ADVANCED_FACE('Face appearance 4',(#438),#51,.T.);
#503=ADVANCED_FACE('Face appearance 4',(#439,#440,#441,#442),#61,.T.);
#504=ADVANCED_FACE('Face appearance 4',(#443),#62,.T.);
#505=ADVANCED_FACE('Face appearance 1',(#444,#445),#476,.F.);
#506=ADVANCED_FACE('',(#446,#447),#63,.T.);
#507=ADVANCED_FACE('Face appearance 1',(#448,#449),#64,.T.);
#508=ADVANCED_FACE('Face appearance 1',(#450,#451),#477,.T.);
#509=ADVANCED_FACE('',(#452),#478,.T.);
#510=ADVANCED_FACE('Face appearance 4',(#453,#454),#65,.T.);
#511=ADVANCED_FACE('Face appearance 4',(#455),#479,.F.);
#512=ADVANCED_FACE('Face appearance 4',(#456),#66,.T.);
#513=ADVANCED_FACE('Face appearance 4',(#457,#458),#67,.T.);
#514=ADVANCED_FACE('',(#459),#480,.F.);
#515=ADVANCED_FACE('Face appearance 6',(#460),#42,.T.);
#516=ADVANCED_FACE('Face appearance 6',(#461),#43,.T.);
#517=ADVANCED_FACE('Face appearance 6',(#462),#481,.T.);
#518=ADVANCED_FACE('Face appearance 6',(#463),#482,.F.);
#519=ADVANCED_FACE('Face appearance 6',(#464,#465),#44,.T.);
#520=ADVANCED_FACE('Face appearance 6',(#466),#483,.T.);
#521=ADVANCED_FACE('Face appearance 6',(#467),#484,.F.);
#522=ADVANCED_FACE('Face appearance 6',(#468),#68,.T.);
#523=ADVANCED_FACE('Face appearance 6',(#469),#45,.T.);
#524=ADVANCED_FACE('Face appearance 6',(#470),#485,.T.);
#525=ADVANCED_FACE('Face appearance 6',(#471),#486,.F.);
#526=CLOSED_SHELL('',(#487,#488,#489,#490,#491,#492,#493,#494,#495,#496,
#497));
#527=CLOSED_SHELL('',(#498,#499,#500,#501,#502,#503,#504,#505,#506,#507,
#508,#509,#510,#511,#512,#513,#514,#515,#516,#517,#518,#519,#520,#521,#522,
#523,#524,#525));
#528=STYLED_ITEM('',(#530),#610);
#529=STYLED_ITEM('',(#531),#611);
#530=PRESENTATION_STYLE_ASSIGNMENT((#543));
#531=PRESENTATION_STYLE_ASSIGNMENT((#544));
#532=PRESENTATION_STYLE_ASSIGNMENT((#545));
#533=PRESENTATION_STYLE_ASSIGNMENT((#546));
#534=PRESENTATION_STYLE_ASSIGNMENT((#547));
#535=PRESENTATION_STYLE_ASSIGNMENT((#548));
#536=PRESENTATION_STYLE_ASSIGNMENT((#549));
#537=PRESENTATION_STYLE_ASSIGNMENT((#550));
#538=PRESENTATION_STYLE_ASSIGNMENT((#551));
#539=PRESENTATION_STYLE_ASSIGNMENT((#552));
#540=PRESENTATION_STYLE_ASSIGNMENT((#553));
#541=PRESENTATION_STYLE_ASSIGNMENT((#554));
#542=PRESENTATION_STYLE_ASSIGNMENT((#555));
#543=SURFACE_STYLE_USAGE(.BOTH.,#556);
#544=SURFACE_STYLE_USAGE(.BOTH.,#557);
#545=SURFACE_STYLE_USAGE(.BOTH.,#558);
#546=SURFACE_STYLE_USAGE(.BOTH.,#559);
#547=SURFACE_STYLE_USAGE(.BOTH.,#560);
#548=SURFACE_STYLE_USAGE(.BOTH.,#561);
#549=SURFACE_STYLE_USAGE(.BOTH.,#562);
#550=SURFACE_STYLE_USAGE(.BOTH.,#563);
#551=SURFACE_STYLE_USAGE(.BOTH.,#564);
#552=SURFACE_STYLE_USAGE(.BOTH.,#565);
#553=SURFACE_STYLE_USAGE(.BOTH.,#566);
#554=SURFACE_STYLE_USAGE(.BOTH.,#567);
#555=SURFACE_STYLE_USAGE(.BOTH.,#568);
#556=SURFACE_SIDE_STYLE('',(#569));
#557=SURFACE_SIDE_STYLE('',(#570));
#558=SURFACE_SIDE_STYLE('',(#571));
#559=SURFACE_SIDE_STYLE('',(#572));
#560=SURFACE_SIDE_STYLE('',(#573));
#561=SURFACE_SIDE_STYLE('',(#574));
#562=SURFACE_SIDE_STYLE('',(#575));
#563=SURFACE_SIDE_STYLE('',(#576));
#564=SURFACE_SIDE_STYLE('',(#577));
#565=SURFACE_SIDE_STYLE('',(#578));
#566=SURFACE_SIDE_STYLE('',(#579));
#567=SURFACE_SIDE_STYLE('',(#580));
#568=SURFACE_SIDE_STYLE('',(#581));
#569=SURFACE_STYLE_FILL_AREA(#582);
#570=SURFACE_STYLE_FILL_AREA(#583);
#571=SURFACE_STYLE_FILL_AREA(#584);
#572=SURFACE_STYLE_FILL_AREA(#585);
#573=SURFACE_STYLE_FILL_AREA(#586);
#574=SURFACE_STYLE_FILL_AREA(#587);
#575=SURFACE_STYLE_FILL_AREA(#588);
#576=SURFACE_STYLE_FILL_AREA(#589);
#577=SURFACE_STYLE_FILL_AREA(#590);
#578=SURFACE_STYLE_FILL_AREA(#591);
#579=SURFACE_STYLE_FILL_AREA(#592);
#580=SURFACE_STYLE_FILL_AREA(#593);
#581=SURFACE_STYLE_FILL_AREA(#594);
#582=FILL_AREA_STYLE('',(#595));
#583=FILL_AREA_STYLE('',(#596));
#584=FILL_AREA_STYLE('',(#597));
#585=FILL_AREA_STYLE('',(#598));
#586=FILL_AREA_STYLE('',(#599));
#587=FILL_AREA_STYLE('',(#600));
#588=FILL_AREA_STYLE('',(#601));
#589=FILL_AREA_STYLE('',(#602));
#590=FILL_AREA_STYLE('',(#603));
#591=FILL_AREA_STYLE('',(#604));
#592=FILL_AREA_STYLE('',(#605));
#593=FILL_AREA_STYLE('',(#606));
#594=FILL_AREA_STYLE('',(#607));
#595=FILL_AREA_STYLE_COLOUR('',#608);
#596=FILL_AREA_STYLE_COLOUR('',#608);
#597=FILL_AREA_STYLE_COLOUR('',#609);
#598=FILL_AREA_STYLE_COLOUR('',#609);
#599=FILL_AREA_STYLE_COLOUR('',#609);
#600=FILL_AREA_STYLE_COLOUR('',#609);
#601=FILL_AREA_STYLE_COLOUR('',#609);
#602=FILL_AREA_STYLE_COLOUR('',#609);
#603=FILL_AREA_STYLE_COLOUR('',#609);
#604=FILL_AREA_STYLE_COLOUR('',#609);
#605=FILL_AREA_STYLE_COLOUR('',#609);
#606=FILL_AREA_STYLE_COLOUR('',#609);
#607=FILL_AREA_STYLE_COLOUR('',#609);
#608=COLOUR_RGB('',0.513725490196078,0.415686274509804,0.733333333333333);
#609=COLOUR_RGB('',0.811764705882353,0.858823529411765,0.898039215686275);
#610=MANIFOLD_SOLID_BREP('Part 2',#526);
#611=MANIFOLD_SOLID_BREP('Part 1',#527);
#612=SHAPE_DEFINITION_REPRESENTATION(#9093,#614);
#613=SHAPE_DEFINITION_REPRESENTATION(#9094,#615);
#614=SHAPE_REPRESENTATION('Part 2',(#616),#9083);
#615=SHAPE_REPRESENTATION('Part 1',(#624),#9084);
#616=AXIS2_PLACEMENT_3D('',#741,#656,#657);
#617=AXIS2_PLACEMENT_3D('',#742,#658,#659);
#618=AXIS2_PLACEMENT_3D('',#743,#660,#661);
#619=AXIS2_PLACEMENT_3D('',#836,#662,#663);
#620=AXIS2_PLACEMENT_3D('',#838,#664,#665);
#621=AXIS2_PLACEMENT_3D('',#997,#666,#667);
#622=AXIS2_PLACEMENT_3D('',#998,#668,#669);
#623=AXIS2_PLACEMENT_3D('',#999,#670,#671);
#624=AXIS2_PLACEMENT_3D('',#5023,#672,#673);
#625=AXIS2_PLACEMENT_3D('',#5298,#674,#675);
#626=AXIS2_PLACEMENT_3D('',#6660,#677,#678);
#627=AXIS2_PLACEMENT_3D('',#6661,#679,#680);
#628=AXIS2_PLACEMENT_3D('',#6754,#681,#682);
#629=AXIS2_PLACEMENT_3D('',#6756,#683,#684);
#630=AXIS2_PLACEMENT_3D('',#6915,#685,#686);
#631=AXIS2_PLACEMENT_3D('',#6916,#687,#688);
#632=AXIS2_PLACEMENT_3D('',#7739,#689,#690);
#633=AXIS2_PLACEMENT_3D('',#9037,#691,#692);
#634=AXIS2_PLACEMENT_3D('',#9038,#693,#694);
#635=AXIS2_PLACEMENT_3D('',#9042,#696,#697);
#636=AXIS2_PLACEMENT_3D('',#9046,#699,#700);
#637=AXIS2_PLACEMENT_3D('',#9047,#701,#702);
#638=AXIS2_PLACEMENT_3D('',#9048,#703,#704);
#639=AXIS2_PLACEMENT_3D('',#9049,#705,#706);
#640=AXIS2_PLACEMENT_3D('',#9050,#707,#708);
#641=AXIS2_PLACEMENT_3D('',#9051,#709,#710);
#642=AXIS2_PLACEMENT_3D('',#9052,#711,#712);
#643=AXIS2_PLACEMENT_3D('',#9053,#713,#714);
#644=AXIS2_PLACEMENT_3D('',#9054,#715,#716);
#645=AXIS2_PLACEMENT_3D('',#9055,#717,#718);
#646=AXIS2_PLACEMENT_3D('',#9057,#719,#720);
#647=AXIS2_PLACEMENT_3D('',#9058,#721,#722);
#648=AXIS2_PLACEMENT_3D('',#9070,#724,#725);
#649=AXIS2_PLACEMENT_3D('',#9074,#727,#728);
#650=AXIS2_PLACEMENT_3D('',#9075,#729,#730);
#651=AXIS2_PLACEMENT_3D('',#9076,#731,#732);
#652=AXIS2_PLACEMENT_3D('',#9077,#733,#734);
#653=AXIS2_PLACEMENT_3D('',#9078,#735,#736);
#654=AXIS2_PLACEMENT_3D('',#9079,#737,#738);
#655=AXIS2_PLACEMENT_3D('',#9080,#739,#740);
#656=DIRECTION('',(0.,0.,1.));
#657=DIRECTION('',(1.,0.,0.));
#658=DIRECTION('',(0.,1.,0.));
#659=DIRECTION('',(1.,0.,0.));
#660=DIRECTION('',(0.,-1.,0.));
#661=DIRECTION('',(1.22464679914735E-16,0.,-1.));
#662=DIRECTION('',(0.,-1.,0.));
#663=DIRECTION('',(1.22464679914735E-16,0.,-1.));
#664=DIRECTION('',(0.,-1.,0.));
#665=DIRECTION('',(1.22464679914735E-16,0.,-1.));
#666=DIRECTION('',(0.,1.,0.));
#667=DIRECTION('',(1.,0.,0.));
#668=DIRECTION('',(0.,1.,0.));
#669=DIRECTION('',(1.,0.,0.));
#670=DIRECTION('',(0.,1.,0.));
#671=DIRECTION('',(1.,0.,0.));
#672=DIRECTION('',(0.,0.,1.));
#673=DIRECTION('',(1.,0.,0.));
#674=DIRECTION('',(0.421806601623158,-0.417793823251481,-0.804690941964698));
#675=DIRECTION('',(-0.885284723762327,0.00191229906154781,-0.46504548270611));
#676=DIRECTION('',(2.73184799366427E-15,-1.,-8.19554398099279E-15));
#677=DIRECTION('',(0.,-1.,0.));
#678=DIRECTION('',(1.,0.,0.));
#679=DIRECTION('',(0.,-1.,0.));
#680=DIRECTION('',(1.22464679914735E-16,0.,-1.));
#681=DIRECTION('',(0.,-1.,0.));
#682=DIRECTION('',(1.22464679914735E-16,0.,-1.));
#683=DIRECTION('',(0.,-1.,0.));
#684=DIRECTION('',(1.22464679914735E-16,0.,-1.));
#685=DIRECTION('',(0.,-1.,0.));
#686=DIRECTION('',(1.,0.,0.));
#687=DIRECTION('',(0.,-1.,0.));
#688=DIRECTION('',(1.,0.,0.));
#689=DIRECTION('',(0.,-1.,0.));
#690=DIRECTION('',(1.,0.,0.));
#691=DIRECTION('',(0.,-1.,0.));
#692=DIRECTION('',(1.,0.,0.));
#693=DIRECTION('',(0.,-1.,0.));
#694=DIRECTION('',(0.,0.,-1.));
#695=DIRECTION('',(0.,-1.,0.));
#696=DIRECTION('',(0.,-1.,0.));
#697=DIRECTION('',(0.,0.,-1.));
#698=DIRECTION('',(0.,-1.,0.));
#699=DIRECTION('',(0.,-1.,0.));
#700=DIRECTION('',(0.,0.,-1.));
#701=DIRECTION('',(0.,-1.,0.));
#702=DIRECTION('',(0.,0.,-1.));
#703=DIRECTION('',(0.,-1.,0.));
#704=DIRECTION('',(0.,0.,-1.));
#705=DIRECTION('',(0.,-1.,0.));
#706=DIRECTION('',(0.,0.,-1.));
#707=DIRECTION('',(0.,-1.,0.));
#708=DIRECTION('',(0.,0.,-1.));
#709=DIRECTION('',(0.,-1.,0.));
#710=DIRECTION('',(1.,0.,0.));
#711=DIRECTION('',(0.,-1.,0.));
#712=DIRECTION('',(1.,0.,0.));
#713=DIRECTION('',(0.,-1.,0.));
#714=DIRECTION('',(0.,0.,-1.));
#715=DIRECTION('',(0.,-1.,0.));
#716=DIRECTION('',(0.,0.,-1.));
#717=DIRECTION('',(0.,-1.,0.));
#718=DIRECTION('',(0.,0.,-1.));
#719=DIRECTION('',(0.,-1.,0.));
#720=DIRECTION('',(1.,0.,0.));
#721=DIRECTION('',(0.,-1.,0.));
#722=DIRECTION('',(1.,0.,0.));
#723=DIRECTION('',(0.,-1.,0.));
#724=DIRECTION('',(0.,-1.,0.));
#725=DIRECTION('',(-0.0557884878213602,0.,0.998442609580844));
#726=DIRECTION('',(0.,-1.,0.));
#727=DIRECTION('',(0.,-1.,0.));
#728=DIRECTION('',(-0.0557884878213602,0.,0.998442609580844));
#729=DIRECTION('',(0.,-1.,0.));
#730=DIRECTION('',(0.,0.,-1.));
#731=DIRECTION('',(0.,-1.,0.));
#732=DIRECTION('',(0.,0.,-1.));
#733=DIRECTION('',(0.,-1.,0.));
#734=DIRECTION('',(0.,0.,-1.));
#735=DIRECTION('',(0.,-1.,0.));
#736=DIRECTION('',(0.,0.,-1.));
#737=DIRECTION('',(0.,-1.,0.));
#738=DIRECTION('',(1.,0.,0.));
#739=DIRECTION('',(0.,-1.,0.));
#740=DIRECTION('',(1.,0.,0.));
#741=CARTESIAN_POINT('',(0.,0.,0.));
#742=CARTESIAN_POINT('',(0.00912042556795528,-0.52832,0.0120274525370933));
#743=CARTESIAN_POINT('',(0.,-0.52832,0.));
#744=CARTESIAN_POINT('',(1.27373113433937E-17,-0.52832,-0.104008040132567));
#745=CARTESIAN_POINT('',(-0.0814829960399713,-0.52832,0.0370867175251153));
#746=CARTESIAN_POINT('',(-0.0795476537360781,-0.52832,0.0403901202524205));
#747=CARTESIAN_POINT('',(-0.0758582564188679,-0.52832,0.0475411751639181));
#748=CARTESIAN_POINT('',(-0.0677488475745164,-0.52832,0.0572484515760037));
#749=CARTESIAN_POINT('',(-0.0638269421216177,-0.52832,0.0648150901477362));
#750=CARTESIAN_POINT('',(-0.0554749028200979,-0.52832,0.0778378371882484));
#751=CARTESIAN_POINT('',(-0.0492655664418763,-0.52832,0.084912707224006));
#752=CARTESIAN_POINT('',(-0.0417768440811137,-0.52832,0.0945705359443639));
#753=CARTESIAN_POINT('',(-0.031174044394552,-0.52832,0.101629130505805));
#754=CARTESIAN_POINT('',(-0.0205764444228624,-0.52832,0.108326723790317));
#755=CARTESIAN_POINT('',(-0.0120561644686894,-0.52832,0.117027323789839));
#756=CARTESIAN_POINT('',(-0.00468674326690645,-0.52832,0.125979666779296));
#757=CARTESIAN_POINT('',(-0.00540404154508748,-0.52832,0.16435217754521));
#758=CARTESIAN_POINT('',(-0.00142867752061684,-0.52832,0.120367415523027));
#759=CARTESIAN_POINT('',(0.00869831795105684,-0.52832,0.108556052237257));
#760=CARTESIAN_POINT('',(0.032769257554848,-0.52832,0.0996511236936843));
#761=CARTESIAN_POINT('',(0.0444020278156547,-0.52832,0.0881743176779636));
#762=CARTESIAN_POINT('',(0.0569882180608328,-0.52832,0.0737311512379387));
#763=CARTESIAN_POINT('',(0.0671392087574052,-0.52832,0.0549827868609351));
#764=CARTESIAN_POINT('',(0.0703313589088535,-0.52832,0.0344367625526273));
#765=CARTESIAN_POINT('',(0.0767614059087971,-0.52832,0.0126244172957181));
#766=CARTESIAN_POINT('',(0.0810896214618742,-0.52832,-0.00446916203916303));
#767=CARTESIAN_POINT('',(0.117608933749254,-0.52832,0.00253834619364969));
#768=CARTESIAN_POINT('',(0.0994587657440471,-0.52832,-0.00486085680912137));
#769=CARTESIAN_POINT('',(0.0837398948827898,-0.52832,-0.00886219269082425));
#770=CARTESIAN_POINT('',(0.075772879221537,-0.52832,-0.0287059783195714));
#771=CARTESIAN_POINT('',(0.0712981818870722,-0.52832,-0.0429082862254326));
#772=CARTESIAN_POINT('',(0.0646880372080357,-0.52832,-0.0589126595610303));
#773=CARTESIAN_POINT('',(0.059805983603847,-0.52832,-0.0683280355970955));
#774=CARTESIAN_POINT('',(0.0471466280477889,-0.52832,-0.0879206610173161));
#775=CARTESIAN_POINT('',(0.0380146274823005,-0.52832,-0.0971209726175112));
#776=CARTESIAN_POINT('',(0.0270464975087177,-0.52832,-0.106837001689097));
#777=CARTESIAN_POINT('',(0.0114584711220666,-0.52832,-0.114746300913702));
#778=CARTESIAN_POINT('',(0.00216979832698906,-0.52832,-0.121530261953406));
#779=CARTESIAN_POINT('',(-0.0200682150487396,-0.52832,-0.14029724978958));
#780=CARTESIAN_POINT('',(-0.0200681804504485,-0.52832,-0.140297272471023));
#781=CARTESIAN_POINT('',(-0.00748579605887242,-0.52832,-0.127007855129973));
#782=CARTESIAN_POINT('',(-0.0121536153074756,-0.52832,-0.112804367216957));
#783=CARTESIAN_POINT('',(-0.0269126744890178,-0.52832,-0.106655355359587));
#784=CARTESIAN_POINT('',(-0.0421397852881935,-0.52832,-0.0915995608038448));
#785=CARTESIAN_POINT('',(-0.0508382752602033,-0.52832,-0.0806681068918513));
#786=CARTESIAN_POINT('',(-0.0588859643408744,-0.52832,-0.0667741451012777));
#787=CARTESIAN_POINT('',(-0.0670075206878497,-0.52832,-0.0442950559967185));
#788=CARTESIAN_POINT('',(-0.0705245955720599,-0.52832,-0.020803805235471));
#789=CARTESIAN_POINT('',(-0.072428683922903,-0.52832,-0.00626186126255457));
#790=CARTESIAN_POINT('',(-0.0719877603128706,-0.52832,0.0179827760452028));
#791=CARTESIAN_POINT('',(-0.0734554408391825,-0.52832,0.0273751715201983));
#792=CARTESIAN_POINT('',(-0.0832578766068986,-0.52832,0.0273522820729745));
#793=CARTESIAN_POINT('',(-0.0993680826133435,-0.52832,0.00483212780450821));
#794=CARTESIAN_POINT('',(-0.0879787570948592,-0.52832,0.0269910352582023));
#795=CARTESIAN_POINT('',(-0.0835853967325298,-0.52832,0.0334981656871714));
#796=CARTESIAN_POINT('',(-0.0814829960399713,-0.52832,0.0370867175251153));
#797=CARTESIAN_POINT('',(-0.0814829960399713,-0.52832,0.0370867175251153));
#798=CARTESIAN_POINT('',(-0.0252552126637218,-0.484378,-0.0985925361424446));
#799=CARTESIAN_POINT('',(-0.0252552126637218,-0.49022,-0.0985925361424446));
#800=CARTESIAN_POINT('',(1.69135538907739E-17,-0.484378,-0.106715792127628));
#801=CARTESIAN_POINT('',(1.69135538907739E-17,-0.49022,-0.106715792127628));
#802=CARTESIAN_POINT('',(0.0252552126637218,-0.484378,-0.0985925361424445));
#803=CARTESIAN_POINT('',(0.0252552126637218,-0.49022,-0.0985925361424445));
#804=CARTESIAN_POINT('',(0.0466655481384648,-0.484378,-0.0754594602731397));
#805=CARTESIAN_POINT('',(0.0466655481384648,-0.49022,-0.0754594602731397));
#806=CARTESIAN_POINT('',(0.0609714769333739,-0.484378,-0.04083836561896));
#807=CARTESIAN_POINT('',(0.0609714769333739,-0.49022,-0.04083836561896));
#808=CARTESIAN_POINT('',(0.0659950510729914,-0.484378,-2.81892564846231E-17));
#809=CARTESIAN_POINT('',(0.0659950510729914,-0.49022,-2.81892564846231E-17));
#810=CARTESIAN_POINT('',(0.0609714769333739,-0.484378,0.0408383656189601));
#811=CARTESIAN_POINT('',(0.0609714769333739,-0.49022,0.0408383656189601));
#812=CARTESIAN_POINT('',(0.0466655481384647,-0.484378,0.0754594602731398));
#813=CARTESIAN_POINT('',(0.0466655481384647,-0.49022,0.0754594602731398));
#814=CARTESIAN_POINT('',(0.0252552126637219,-0.484378,0.0985925361424444));
#815=CARTESIAN_POINT('',(0.0252552126637219,-0.49022,0.0985925361424444));
#816=CARTESIAN_POINT('',(-8.90696436894075E-17,-0.484378,0.106715792127628));
#817=CARTESIAN_POINT('',(-8.90696436894075E-17,-0.49022,0.106715792127628));
#818=CARTESIAN_POINT('',(-0.0252552126637216,-0.484378,0.0985925361424447));
#819=CARTESIAN_POINT('',(-0.0252552126637216,-0.49022,0.0985925361424447));
#820=CARTESIAN_POINT('',(-0.0466655481384649,-0.484378,0.0754594602731395));
#821=CARTESIAN_POINT('',(-0.0466655481384649,-0.49022,0.0754594602731395));
#822=CARTESIAN_POINT('',(-0.0609714769333738,-0.484378,0.0408383656189604));
#823=CARTESIAN_POINT('',(-0.0609714769333738,-0.49022,0.0408383656189604));
#824=CARTESIAN_POINT('',(-0.0659950510729915,-0.484378,-4.08527378592538E-16));
#825=CARTESIAN_POINT('',(-0.0659950510729915,-0.49022,-4.08527378592538E-16));
#826=CARTESIAN_POINT('',(-0.0609714769333739,-0.484378,-0.0408383656189598));
#827=CARTESIAN_POINT('',(-0.0609714769333739,-0.49022,-0.0408383656189598));
#828=CARTESIAN_POINT('',(-0.046665548138465,-0.484378,-0.0754594602731394));
#829=CARTESIAN_POINT('',(-0.046665548138465,-0.49022,-0.0754594602731394));
#830=CARTESIAN_POINT('',(-0.0252552126637218,-0.484378,-0.0985925361424446));
#831=CARTESIAN_POINT('',(-0.0252552126637218,-0.49022,-0.0985925361424446));
#832=CARTESIAN_POINT('',(1.69135538907739E-17,-0.484378,-0.106715792127628));
#833=CARTESIAN_POINT('',(1.69135538907739E-17,-0.49022,-0.106715792127628));
#834=CARTESIAN_POINT('',(0.0252552126637218,-0.484378,-0.0985925361424445));
#835=CARTESIAN_POINT('',(0.0252552126637218,-0.49022,-0.0985925361424445));
#836=CARTESIAN_POINT('',(0.,-0.484378,0.));
#837=CARTESIAN_POINT('',(1.27373113433937E-17,-0.484378,-0.104008040132567));
#838=CARTESIAN_POINT('',(0.,-0.49022,0.));
#839=CARTESIAN_POINT('',(1.27373113433937E-17,-0.49022,-0.104008040132567));
#840=CARTESIAN_POINT('',(-0.0814829960399713,-0.484378,0.0370867175251153));
#841=CARTESIAN_POINT('',(-0.0814829960399713,-0.528319999999999,0.0370867175251153));
#842=CARTESIAN_POINT('',(-0.0795476537360781,-0.484378,0.0403901202524205));
#843=CARTESIAN_POINT('',(-0.0795476537360781,-0.528319999999999,0.0403901202524205));
#844=CARTESIAN_POINT('',(-0.0758582564188679,-0.484378,0.0475411751639181));
#845=CARTESIAN_POINT('',(-0.0758582564188679,-0.528319999999999,0.0475411751639181));
#846=CARTESIAN_POINT('',(-0.0677488475745164,-0.484378,0.0572484515760037));
#847=CARTESIAN_POINT('',(-0.0677488475745164,-0.528319999999999,0.0572484515760037));
#848=CARTESIAN_POINT('',(-0.0638269421216177,-0.484378,0.0648150901477362));
#849=CARTESIAN_POINT('',(-0.0638269421216177,-0.528319999999999,0.0648150901477362));
#850=CARTESIAN_POINT('',(-0.0554749028200979,-0.484378,0.0778378371882484));
#851=CARTESIAN_POINT('',(-0.0554749028200979,-0.528319999999999,0.0778378371882484));
#852=CARTESIAN_POINT('',(-0.0492655664418763,-0.484378,0.084912707224006));
#853=CARTESIAN_POINT('',(-0.0492655664418763,-0.528319999999999,0.084912707224006));
#854=CARTESIAN_POINT('',(-0.0417768440811137,-0.484378,0.0945705359443639));
#855=CARTESIAN_POINT('',(-0.0417768440811137,-0.528319999999999,0.0945705359443639));
#856=CARTESIAN_POINT('',(-0.031174044394552,-0.484378,0.101629130505805));
#857=CARTESIAN_POINT('',(-0.031174044394552,-0.528319999999999,0.101629130505805));
#858=CARTESIAN_POINT('',(-0.0205764444228624,-0.484378,0.108326723790317));
#859=CARTESIAN_POINT('',(-0.0205764444228624,-0.528319999999999,0.108326723790317));
#860=CARTESIAN_POINT('',(-0.0120561644686894,-0.484378,0.117027323789839));
#861=CARTESIAN_POINT('',(-0.0120561644686894,-0.528319999999999,0.117027323789839));
#862=CARTESIAN_POINT('',(-0.00468674326690645,-0.484378,0.125979666779296));
#863=CARTESIAN_POINT('',(-0.00468674326690645,-0.528319999999999,0.125979666779296));
#864=CARTESIAN_POINT('',(-0.00540404154508748,-0.484378,0.16435217754521));
#865=CARTESIAN_POINT('',(-0.00540404154508748,-0.528319999999999,0.16435217754521));
#866=CARTESIAN_POINT('',(-0.00142867752061684,-0.484378,0.120367415523027));
#867=CARTESIAN_POINT('',(-0.00142867752061684,-0.528319999999999,0.120367415523027));
#868=CARTESIAN_POINT('',(0.00869831795105684,-0.484378,0.108556052237257));
#869=CARTESIAN_POINT('',(0.00869831795105684,-0.528319999999999,0.108556052237257));
#870=CARTESIAN_POINT('',(0.032769257554848,-0.484378,0.0996511236936843));
#871=CARTESIAN_POINT('',(0.032769257554848,-0.528319999999999,0.0996511236936843));
#872=CARTESIAN_POINT('',(0.0444020278156547,-0.484378,0.0881743176779636));
#873=CARTESIAN_POINT('',(0.0444020278156547,-0.528319999999999,0.0881743176779636));
#874=CARTESIAN_POINT('',(0.0569882180608328,-0.484378,0.0737311512379387));
#875=CARTESIAN_POINT('',(0.0569882180608328,-0.528319999999999,0.0737311512379387));
#876=CARTESIAN_POINT('',(0.0671392087574052,-0.484378,0.0549827868609351));
#877=CARTESIAN_POINT('',(0.0671392087574052,-0.528319999999999,0.0549827868609351));
#878=CARTESIAN_POINT('',(0.0703313589088535,-0.484378,0.0344367625526273));
#879=CARTESIAN_POINT('',(0.0703313589088535,-0.528319999999999,0.0344367625526273));
#880=CARTESIAN_POINT('',(0.0767614059087971,-0.484378,0.0126244172957181));
#881=CARTESIAN_POINT('',(0.0767614059087971,-0.528319999999999,0.0126244172957181));
#882=CARTESIAN_POINT('',(0.0810896214618742,-0.484378,-0.00446916203916303));
#883=CARTESIAN_POINT('',(0.0810896214618742,-0.528319999999999,-0.00446916203916303));
#884=CARTESIAN_POINT('',(0.117608933749254,-0.484378,0.00253834619364969));
#885=CARTESIAN_POINT('',(0.117608933749254,-0.528319999999999,0.00253834619364969));
#886=CARTESIAN_POINT('',(0.0994587657440471,-0.484378,-0.00486085680912137));
#887=CARTESIAN_POINT('',(0.0994587657440471,-0.528319999999999,-0.00486085680912137));
#888=CARTESIAN_POINT('',(0.0837398948827898,-0.484378,-0.00886219269082425));
#889=CARTESIAN_POINT('',(0.0837398948827898,-0.528319999999999,-0.00886219269082425));
#890=CARTESIAN_POINT('',(0.075772879221537,-0.484378,-0.0287059783195714));
#891=CARTESIAN_POINT('',(0.075772879221537,-0.528319999999999,-0.0287059783195714));
#892=CARTESIAN_POINT('',(0.0712981818870722,-0.484378,-0.0429082862254326));
#893=CARTESIAN_POINT('',(0.0712981818870722,-0.528319999999999,-0.0429082862254326));
#894=CARTESIAN_POINT('',(0.0646880372080357,-0.484378,-0.0589126595610303));
#895=CARTESIAN_POINT('',(0.0646880372080357,-0.528319999999999,-0.0589126595610303));
#896=CARTESIAN_POINT('',(0.059805983603847,-0.484378,-0.0683280355970955));
#897=CARTESIAN_POINT('',(0.059805983603847,-0.528319999999999,-0.0683280355970955));
#898=CARTESIAN_POINT('',(0.0471466280477889,-0.484378,-0.0879206610173161));
#899=CARTESIAN_POINT('',(0.0471466280477889,-0.528319999999999,-0.0879206610173161));
#900=CARTESIAN_POINT('',(0.0380146274823005,-0.484378,-0.0971209726175112));
#901=CARTESIAN_POINT('',(0.0380146274823005,-0.528319999999999,-0.0971209726175112));
#902=CARTESIAN_POINT('',(0.0270464975087177,-0.484378,-0.106837001689097));
#903=CARTESIAN_POINT('',(0.0270464975087177,-0.528319999999999,-0.106837001689097));
#904=CARTESIAN_POINT('',(0.0114584711220666,-0.484378,-0.114746300913702));
#905=CARTESIAN_POINT('',(0.0114584711220666,-0.528319999999999,-0.114746300913702));
#906=CARTESIAN_POINT('',(0.00216979832698906,-0.484378,-0.121530261953406));
#907=CARTESIAN_POINT('',(0.00216979832698906,-0.528319999999999,-0.121530261953406));
#908=CARTESIAN_POINT('',(-0.0200682150487396,-0.484378,-0.14029724978958));
#909=CARTESIAN_POINT('',(-0.0200682150487396,-0.528319999999999,-0.14029724978958));
#910=CARTESIAN_POINT('',(-0.0200681804504485,-0.484378,-0.140297272471023));
#911=CARTESIAN_POINT('',(-0.0200681804504485,-0.528319999999999,-0.140297272471023));
#912=CARTESIAN_POINT('',(-0.00748579605887242,-0.484378,-0.127007855129973));
#913=CARTESIAN_POINT('',(-0.00748579605887242,-0.528319999999999,-0.127007855129973));
#914=CARTESIAN_POINT('',(-0.0121536153074756,-0.484378,-0.112804367216957));
#915=CARTESIAN_POINT('',(-0.0121536153074756,-0.528319999999999,-0.112804367216957));
#916=CARTESIAN_POINT('',(-0.0269126744890178,-0.484378,-0.106655355359587));
#917=CARTESIAN_POINT('',(-0.0269126744890178,-0.528319999999999,-0.106655355359587));
#918=CARTESIAN_POINT('',(-0.0421397852881935,-0.484378,-0.0915995608038448));
#919=CARTESIAN_POINT('',(-0.0421397852881935,-0.528319999999999,-0.0915995608038448));
#920=CARTESIAN_POINT('',(-0.0508382752602033,-0.484378,-0.0806681068918513));
#921=CARTESIAN_POINT('',(-0.0508382752602033,-0.528319999999999,-0.0806681068918513));
#922=CARTESIAN_POINT('',(-0.0588859643408744,-0.484378,-0.0667741451012777));
#923=CARTESIAN_POINT('',(-0.0588859643408744,-0.528319999999999,-0.0667741451012777));
#924=CARTESIAN_POINT('',(-0.0670075206878497,-0.484378,-0.0442950559967185));
#925=CARTESIAN_POINT('',(-0.0670075206878497,-0.528319999999999,-0.0442950559967185));
#926=CARTESIAN_POINT('',(-0.0705245955720599,-0.484378,-0.020803805235471));
#927=CARTESIAN_POINT('',(-0.0705245955720599,-0.528319999999999,-0.020803805235471));
#928=CARTESIAN_POINT('',(-0.072428683922903,-0.484378,-0.00626186126255457));
#929=CARTESIAN_POINT('',(-0.072428683922903,-0.528319999999999,-0.00626186126255457));
#930=CARTESIAN_POINT('',(-0.0719877603128706,-0.484378,0.0179827760452028));
#931=CARTESIAN_POINT('',(-0.0719877603128706,-0.528319999999999,0.0179827760452028));
#932=CARTESIAN_POINT('',(-0.0734554408391825,-0.484378,0.0273751715201983));
#933=CARTESIAN_POINT('',(-0.0734554408391825,-0.528319999999999,0.0273751715201983));
#934=CARTESIAN_POINT('',(-0.0832578766068986,-0.484378,0.0273522820729745));
#935=CARTESIAN_POINT('',(-0.0832578766068986,-0.528319999999999,0.0273522820729745));
#936=CARTESIAN_POINT('',(-0.0993680826133435,-0.484378,0.00483212780450821));
#937=CARTESIAN_POINT('',(-0.0993680826133435,-0.528319999999999,0.00483212780450821));
#938=CARTESIAN_POINT('',(-0.0879787570948592,-0.484378,0.0269910352582023));
#939=CARTESIAN_POINT('',(-0.0879787570948592,-0.528319999999999,0.0269910352582023));
#940=CARTESIAN_POINT('',(-0.0835853967325298,-0.484378,0.0334981656871714));
#941=CARTESIAN_POINT('',(-0.0835853967325298,-0.528319999999999,0.0334981656871714));
#942=CARTESIAN_POINT('',(-0.0814829960399713,-0.484378,0.0370867175251153));
#943=CARTESIAN_POINT('',(-0.0814829960399713,-0.528319999999999,0.0370867175251153));
#944=CARTESIAN_POINT('',(-0.0814829960399713,-0.484378,0.0370867175251153));
#945=CARTESIAN_POINT('',(-0.0795476537360781,-0.484378,0.0403901202524205));
#946=CARTESIAN_POINT('',(-0.0758582564188679,-0.484378,0.0475411751639181));
#947=CARTESIAN_POINT('',(-0.0677488475745164,-0.484378,0.0572484515760037));
#948=CARTESIAN_POINT('',(-0.0638269421216177,-0.484378,0.0648150901477362));
#949=CARTESIAN_POINT('',(-0.0554749028200979,-0.484378,0.0778378371882484));
#950=CARTESIAN_POINT('',(-0.0492655664418763,-0.484378,0.084912707224006));
#951=CARTESIAN_POINT('',(-0.0417768440811137,-0.484378,0.0945705359443639));
#952=CARTESIAN_POINT('',(-0.031174044394552,-0.484378,0.101629130505805));
#953=CARTESIAN_POINT('',(-0.0205764444228624,-0.484378,0.108326723790317));
#954=CARTESIAN_POINT('',(-0.0120561644686894,-0.484378,0.117027323789839));
#955=CARTESIAN_POINT('',(-0.00468674326690645,-0.484378,0.125979666779296));
#956=CARTESIAN_POINT('',(-0.00540404154508748,-0.484378,0.16435217754521));
#957=CARTESIAN_POINT('',(-0.00142867752061684,-0.484378,0.120367415523027));
#958=CARTESIAN_POINT('',(0.00869831795105684,-0.484378,0.108556052237257));
#959=CARTESIAN_POINT('',(0.032769257554848,-0.484378,0.0996511236936843));
#960=CARTESIAN_POINT('',(0.0444020278156547,-0.484378,0.0881743176779636));
#961=CARTESIAN_POINT('',(0.0569882180608328,-0.484378,0.0737311512379387));
#962=CARTESIAN_POINT('',(0.0671392087574052,-0.484378,0.0549827868609351));
#963=CARTESIAN_POINT('',(0.0703313589088535,-0.484378,0.0344367625526273));
#964=CARTESIAN_POINT('',(0.0767614059087971,-0.484378,0.0126244172957181));
#965=CARTESIAN_POINT('',(0.0810896214618742,-0.484378,-0.00446916203916303));
#966=CARTESIAN_POINT('',(0.117608933749254,-0.484378,0.00253834619364969));
#967=CARTESIAN_POINT('',(0.0994587657440471,-0.484378,-0.00486085680912137));
#968=CARTESIAN_POINT('',(0.0837398948827898,-0.484378,-0.00886219269082425));
#969=CARTESIAN_POINT('',(0.075772879221537,-0.484378,-0.0287059783195714));
#970=CARTESIAN_POINT('',(0.0712981818870722,-0.484378,-0.0429082862254326));
#971=CARTESIAN_POINT('',(0.0646880372080357,-0.484378,-0.0589126595610303));
#972=CARTESIAN_POINT('',(0.059805983603847,-0.484378,-0.0683280355970955));
#973=CARTESIAN_POINT('',(0.0471466280477889,-0.484378,-0.0879206610173161));
#974=CARTESIAN_POINT('',(0.0380146274823005,-0.484378,-0.0971209726175112));
#975=CARTESIAN_POINT('',(0.0270464975087177,-0.484378,-0.106837001689097));
#976=CARTESIAN_POINT('',(0.0114584711220666,-0.484378,-0.114746300913702));
#977=CARTESIAN_POINT('',(0.00216979832698906,-0.484378,-0.121530261953406));
#978=CARTESIAN_POINT('',(-0.0200682150487396,-0.484378,-0.14029724978958));
#979=CARTESIAN_POINT('',(-0.0200681804504485,-0.484378,-0.140297272471023));
#980=CARTESIAN_POINT('',(-0.00748579605887242,-0.484378,-0.127007855129973));
#981=CARTESIAN_POINT('',(-0.0121536153074756,-0.484378,-0.112804367216957));
#982=CARTESIAN_POINT('',(-0.0269126744890178,-0.484378,-0.106655355359587));
#983=CARTESIAN_POINT('',(-0.0421397852881935,-0.484378,-0.0915995608038448));
#984=CARTESIAN_POINT('',(-0.0508382752602033,-0.484378,-0.0806681068918513));
#985=CARTESIAN_POINT('',(-0.0588859643408744,-0.484378,-0.0667741451012777));
#986=CARTESIAN_POINT('',(-0.0670075206878497,-0.484378,-0.0442950559967185));
#987=CARTESIAN_POINT('',(-0.0705245955720599,-0.484378,-0.020803805235471));
#988=CARTESIAN_POINT('',(-0.072428683922903,-0.484378,-0.00626186126255457));
#989=CARTESIAN_POINT('',(-0.0719877603128706,-0.484378,0.0179827760452028));
#990=CARTESIAN_POINT('',(-0.0734554408391825,-0.484378,0.0273751715201983));
#991=CARTESIAN_POINT('',(-0.0832578766068986,-0.484378,0.0273522820729745));
#992=CARTESIAN_POINT('',(-0.0993680826133435,-0.484378,0.00483212780450821));
#993=CARTESIAN_POINT('',(-0.0879787570948592,-0.484378,0.0269910352582023));
#994=CARTESIAN_POINT('',(-0.0835853967325298,-0.484378,0.0334981656871714));
#995=CARTESIAN_POINT('',(-0.0814829960399713,-0.484378,0.0370867175251153));
#996=CARTESIAN_POINT('',(-0.0814829960399713,-0.484378,0.0370867175251153));
#997=CARTESIAN_POINT('',(0.00912042556795528,-0.484378,0.0120274525370933));
#998=CARTESIAN_POINT('',(0.00912042556795528,-0.49022,0.0120274525370933));
#999=CARTESIAN_POINT('',(0.,-0.56896,0.));
#1000=CARTESIAN_POINT('',(0.000932048380828009,-0.56896,-0.0611290143514797));
#1001=CARTESIAN_POINT('',(0.000270183425575257,-0.56896,-0.0608544907713809));
#1002=CARTESIAN_POINT('',(-0.000925989342220598,-0.56896,-0.0600934230729893));
#1003=CARTESIAN_POINT('',(-0.00312610557685708,-0.56896,-0.0583023945040936));
#1004=CARTESIAN_POINT('',(-0.00553133376183925,-0.568960000000001,-0.055729391439604));
#1005=CARTESIAN_POINT('',(-0.00804613452646042,-0.568959999999999,-0.0523805905731026));
#1006=CARTESIAN_POINT('',(-0.0102899193166947,-0.568960000000001,-0.0487909370881936));
#1007=CARTESIAN_POINT('',(-0.0122651992979962,-0.568959999999999,-0.0450780435758745));
#1008=CARTESIAN_POINT('',(-0.0145869518490064,-0.56896,-0.0400104350549767));
#1009=CARTESIAN_POINT('',(-0.0169832889530291,-0.568959999999999,-0.0334815460328145));
#1010=CARTESIAN_POINT('',(-0.0191866707212267,-0.568960000000002,-0.0253547040764754));
#1011=CARTESIAN_POINT('',(-0.0207497110077253,-0.568959999999999,-0.0170990671534412));
#1012=CARTESIAN_POINT('',(-0.0217213607656682,-0.56896,-0.00875387579213176));
#1013=CARTESIAN_POINT('',(-0.0221210272264527,-0.568960000000001,-0.000341417329506877));
#1014=CARTESIAN_POINT('',(-0.0219560720092547,-0.56896,0.00804612470733902));
#1015=CARTESIAN_POINT('',(-0.0212152474389812,-0.56896,0.0164452566241471));
#1016=CARTESIAN_POINT('',(-0.0198902116530333,-0.568960000000001,0.0246925570665432));
#1017=CARTESIAN_POINT('',(-0.0179459035281987,-0.56896,0.0327950716827525));
#1018=CARTESIAN_POINT('',(-0.0153037138387975,-0.56896,0.0407365357955491));
#1019=CARTESIAN_POINT('',(-0.0123960037925471,-0.56896,0.0471699474483397));
#1020=CARTESIAN_POINT('',(-0.00959237187298457,-0.56896,0.0520004944543986));
#1021=CARTESIAN_POINT('',(-0.00718760092447715,-0.56896,0.0554520583331113));
#1022=CARTESIAN_POINT('',(-0.00485879260392415,-0.568960000000001,0.0581335960043549));
#1023=CARTESIAN_POINT('',(-0.00274579505540753,-0.568959999999999,0.0600038494380321));
#1024=CARTESIAN_POINT('',(-0.00157680146886114,-0.56896,0.0608229749853789));
#1025=CARTESIAN_POINT('',(-0.000932048380827885,-0.56896,0.0611290143514795));
#1026=CARTESIAN_POINT('',(0.000932048380828009,-0.56896,-0.0611290143514797));
#1027=CARTESIAN_POINT('',(-0.000932048380827874,-0.56896,0.0611290143514795));
#1028=CARTESIAN_POINT('',(-0.000932048380827059,-0.56896,0.0611290143514793));
#1029=CARTESIAN_POINT('',(-0.000266738389390481,-0.56896,0.0608530618640797));
#1030=CARTESIAN_POINT('',(0.000921598646465783,-0.568960000000001,0.0600960141118777));
#1031=CARTESIAN_POINT('',(0.00312669634324031,-0.56896,0.058302616901689));
#1032=CARTESIAN_POINT('',(0.00553044956079576,-0.56896,0.0557301251865368));
#1033=CARTESIAN_POINT('',(0.00804629772063802,-0.568959999999999,0.05238049498405));
#1034=CARTESIAN_POINT('',(0.010290110420667,-0.56896,0.0487906444866685));
#1035=CARTESIAN_POINT('',(0.0122668006407829,-0.56896,0.0450749318105555));
#1036=CARTESIAN_POINT('',(0.0145890713752208,-0.56896,0.0400053147261491));
#1037=CARTESIAN_POINT('',(0.0169855324203382,-0.568960000000001,0.0334745105176604));
#1038=CARTESIAN_POINT('',(0.0191882235898334,-0.568959999999998,0.0253479359255554));
#1039=CARTESIAN_POINT('',(0.0207520666626979,-0.568960000000002,0.0170861291781137));
#1040=CARTESIAN_POINT('',(0.0217233900287703,-0.568959999999998,0.00872719426075391));
#1041=CARTESIAN_POINT('',(0.0222545065768897,-0.568960000000001,-0.00247644418078723));
#1042=CARTESIAN_POINT('',(0.0216520923925767,-0.568960000000001,-0.0137252446562178));
#1043=CARTESIAN_POINT('',(0.019890651628013,-0.56896,-0.024687506747662));
#1044=CARTESIAN_POINT('',(0.0179540958090488,-0.568960000000001,-0.0327625194659834));
#1045=CARTESIAN_POINT('',(0.015766069481467,-0.56896,-0.0393512264902368));
#1046=CARTESIAN_POINT('',(0.0135920086422813,-0.56896,-0.0445245371268809));
#1047=CARTESIAN_POINT('',(0.0117191186887754,-0.56896,-0.04833427567877));
#1048=CARTESIAN_POINT('',(0.00959690633801409,-0.56896,-0.0519963310464188));
#1049=CARTESIAN_POINT('',(0.00716992479039524,-0.56896,-0.0554735776629037));
#1050=CARTESIAN_POINT('',(0.00486224403751029,-0.568959999999999,-0.0581313377731144));
#1051=CARTESIAN_POINT('',(0.00273361927469676,-0.568960000000001,-0.0600128191597219));
#1052=CARTESIAN_POINT('',(0.00158041733061562,-0.56896,-0.0608212586755854));
#1053=CARTESIAN_POINT('',(0.000932048380828322,-0.56896,-0.0611290143514793));
#1054=CARTESIAN_POINT('',(-0.00559080433179535,-0.540769236691945,0.0999955899319452));
#1055=CARTESIAN_POINT('',(-0.00618000478705026,-0.52832,0.103540831886789));
#1056=CARTESIAN_POINT('',(-0.00618351907814377,-0.528245746422568,0.103561977512383));
#1057=CARTESIAN_POINT('',(-0.00758043150992081,-0.540769236691945,0.0997002486513706));
#1058=CARTESIAN_POINT('',(-0.00827156474524044,-0.52832,0.103158464375923));
#1059=CARTESIAN_POINT('',(-0.00827568701526187,-0.528245746422568,0.103179090932831));
#1060=CARTESIAN_POINT('',(-0.00857259971904585,-0.540769236691945,0.0995124715274095));
#1061=CARTESIAN_POINT('',(-0.00931444219990412,-0.52832,0.102925767581114));
#1062=CARTESIAN_POINT('',(-0.009318866925649,-0.528245746422568,0.102946126214266));
#1063=CARTESIAN_POINT('',(-0.0105492555410633,-0.540769236691945,0.0990571566110473));
#1064=CARTESIAN_POINT('',(-0.0113918800806111,-0.52832,0.1023779084097));
#1065=CARTESIAN_POINT('',(-0.0113969059217966,-0.528245746422568,0.10239771506186));
#1066=CARTESIAN_POINT('',(-0.0115337429627021,-0.540769236691945,0.0987896188627012));
#1067=CARTESIAN_POINT('',(-0.0124264403056496,-0.52832,0.102062746086104));
#1068=CARTESIAN_POINT('',(-0.012431764806494,-0.528245746422568,0.102082268681083));
#1069=CARTESIAN_POINT('',(-0.0134926654916017,-0.540769236691945,0.0981754272040659));
#1070=CARTESIAN_POINT('',(-0.0144847513790567,-0.52832,0.101350715094873));
#1071=CARTESIAN_POINT('',(-0.0144906686837146,-0.528245746422568,0.101369654126325));
#1072=CARTESIAN_POINT('',(-0.0144671004093246,-0.540769236691945,0.0978287733532039));
#1073=CARTESIAN_POINT('',(-0.0155085020282711,-0.52832,0.100953846496131));
#1074=CARTESIAN_POINT('',(-0.0155147134770261,-0.528245746422568,0.100972486021296));
#1075=CARTESIAN_POINT('',(-0.0164035704291529,-0.540769236691945,0.097057184593798));
#1076=CARTESIAN_POINT('',(-0.0175427276427158,-0.52832,0.100079359030107));
#1077=CARTESIAN_POINT('',(-0.0175495221555408,-0.528245746422568,0.100097384815067));
#1078=CARTESIAN_POINT('',(-0.0173656053438928,-0.540769236691945,0.0966322497599102));
#1079=CARTESIAN_POINT('',(-0.0185532024111223,-0.52832,0.0996017402474368));
#1080=CARTESIAN_POINT('',(-0.0185602858438638,-0.528245746422568,0.0996194517985388));
#1081=CARTESIAN_POINT('',(-0.0192749577287572,-0.540769236691945,0.0957051227246384));
#1082=CARTESIAN_POINT('',(-0.0205584419389222,-0.52832,0.0985669030235218));
#1083=CARTESIAN_POINT('',(-0.0205660972913378,-0.528245746422568,0.0985839721362936));
#1084=CARTESIAN_POINT('',(-0.0202222750141401,-0.540769236691945,0.0952029306129595));
#1085=CARTESIAN_POINT('',(-0.0215532065042964,-0.52832,0.0980096846824042));
#1086=CARTESIAN_POINT('',(-0.0215611448564144,-0.528245746422568,0.0980264255907656));
#1087=CARTESIAN_POINT('',(-0.022099909966906,-0.540769236691945,0.0941224988320563));
#1088=CARTESIAN_POINT('',(-0.0235246291477908,-0.52832,0.0968169907141116));
#1089=CARTESIAN_POINT('',(-0.0235331268973826,-0.528245746422568,0.0968330620337078));
#1090=CARTESIAN_POINT('',(-0.0230302274526162,-0.540769236691945,0.0935442592673704));
#1091=CARTESIAN_POINT('',(-0.0245012870351637,-0.52832,0.0961815152023372));
#1092=CARTESIAN_POINT('',(-0.0245100611824727,-0.528245746422568,0.0961972451376434));
#1093=CARTESIAN_POINT('',(-0.024871621586221,-0.540769236691945,0.0923131255956306));
#1094=CARTESIAN_POINT('',(-0.0264341434645282,-0.52832,0.0948338377939043));
#1095=CARTESIAN_POINT('',(-0.0264434631394731,-0.528245746422568,0.0948488726031083));
#1096=CARTESIAN_POINT('',(-0.0257826980559494,-0.540769236691945,0.0916602316076967));
#1097=CARTESIAN_POINT('',(-0.0273903418195041,-0.52832,0.094121636027642));
#1098=CARTESIAN_POINT('',(-0.0273999306243147,-0.528245746422568,0.0941363170951011));
#1099=CARTESIAN_POINT('',(-0.0275834152906381,-0.540769236691945,0.0902813619539702));
#1100=CARTESIAN_POINT('',(-0.0292799756143021,-0.52832,0.0926222218519883));
#1101=CARTESIAN_POINT('',(-0.0292900947626868,-0.528245746422568,0.0926361839306279));
#1102=CARTESIAN_POINT('',(-0.0284730558813681,-0.540769236691945,0.0895553864215919));
#1103=CARTESIAN_POINT('',(-0.0302134108712907,-0.52832,0.0918350095876745));
#1104=CARTESIAN_POINT('',(-0.0302237912333323,-0.528245746422568,0.0918486064193091));
#1105=CARTESIAN_POINT('',(-0.0302287581315982,-0.540769236691945,0.0880321026036493));
#1106=CARTESIAN_POINT('',(-0.0320552697381982,-0.52832,0.0901874708648824));
#1107=CARTESIAN_POINT('',(-0.0320661639821079,-0.528245746422568,0.0902003265770872));
#1108=CARTESIAN_POINT('',(-0.0310948196212234,-0.540769236691945,0.0872347944654722));
#1109=CARTESIAN_POINT('',(-0.032963693169906,-0.52832,0.0893271445658136));
#1110=CARTESIAN_POINT('',(-0.0329748400819772,-0.528245746422568,0.0893396244056653));
#1111=CARTESIAN_POINT('',(-0.0328012772464928,-0.540769236691945,0.0855707662074548));
#1112=CARTESIAN_POINT('',(-0.0347533399095848,-0.52832,0.0875354503609736));
#1113=CARTESIAN_POINT('',(-0.0347649830038318,-0.528245746422568,0.0875471687362068));
#1114=CARTESIAN_POINT('',(-0.0336416732170267,-0.540769236691945,0.0847040462486195));
#1115=CARTESIAN_POINT('',(-0.0356345630443966,-0.52832,0.0866040826285598));
#1116=CARTESIAN_POINT('',(-0.0356464496526098,-0.528245746422568,0.0866154154116013));
#1117=CARTESIAN_POINT('',(-0.035294775211448,-0.540769236691945,0.0829032823403524));
#1118=CARTESIAN_POINT('',(-0.0373676862410963,-0.52832,0.0846725492899451));
#1119=CARTESIAN_POINT('',(-0.0373800501364467,-0.528245746422568,0.0846831020976144));
#1120=CARTESIAN_POINT('',(-0.0361074810753876,-0.540769236691945,0.0819692385651557));
#1121=CARTESIAN_POINT('',(-0.0382195861352941,-0.52832,0.083672383870632));
#1122=CARTESIAN_POINT('',(-0.038232183803769,-0.528245746422568,0.0836825422951963));
#1123=CARTESIAN_POINT('',(-0.0377032449714616,-0.540769236691945,0.0800360772046224));
#1124=CARTESIAN_POINT('',(-0.0398920105434303,-0.52832,0.0816056646312379));
#1125=CARTESIAN_POINT('',(-0.0399050654541771,-0.528245746422568,0.0816150264487054));
#1126=CARTESIAN_POINT('',(-0.0384863028491961,-0.540769236691945,0.0790369598063311));
#1127=CARTESIAN_POINT('',(-0.0407125348955513,-0.52832,0.0805391110111247));
#1128=CARTESIAN_POINT('',(-0.0407258132754012,-0.528245746422568,0.0805480706046773));
#1129=CARTESIAN_POINT('',(-0.0400208843119248,-0.540769236691945,0.076976058148574));
#1130=CARTESIAN_POINT('',(-0.0423202314982375,-0.52832,0.078342184778622));
#1131=CARTESIAN_POINT('',(-0.0423339459739574,-0.528245746422568,0.0783503330524493));
#1132=CARTESIAN_POINT('',(-0.0407724077484388,-0.540769236691945,0.075914274088513));
#1133=CARTESIAN_POINT('',(-0.0431074035932483,-0.52832,0.0772118123787986));
#1134=CARTESIAN_POINT('',(-0.0431213306956929,-0.528245746422568,0.0772195515568939));
#1135=CARTESIAN_POINT('',(-0.0422421098366651,-0.540769236691945,0.0737305970261393));
#1136=CARTESIAN_POINT('',(-0.0446464993085512,-0.52832,0.0748899717409094));
#1137=CARTESIAN_POINT('',(-0.0446608403098708,-0.528245746422568,0.0748968868411912));
#1138=CARTESIAN_POINT('',(-0.0429602883461745,-0.540769236691945,0.0726087042351106));
#1139=CARTESIAN_POINT('',(-0.0453984227799264,-0.52832,0.0736985037274959));
#1140=CARTESIAN_POINT('',(-0.0454129650533562,-0.528245746422568,0.0737050038457759));
#1141=CARTESIAN_POINT('',(-0.044361570418837,-0.540769236691945,0.070307512437431));
#1142=CARTESIAN_POINT('',(-0.046865209791459,-0.52832,0.0712573422016861));
#1143=CARTESIAN_POINT('',(-0.0468801427696502,-0.528245746422568,0.0712630074693401));
#1144=CARTESIAN_POINT('',(-0.0450446738464074,-0.540769236691945,0.0691282136534344));
#1145=CARTESIAN_POINT('',(-0.0475800731896956,-0.52832,0.0700076489254871));
#1146=CARTESIAN_POINT('',(-0.0475951956005002,-0.528245746422568,0.0700128943245976));
#1147=CARTESIAN_POINT('',(-0.0463741600922552,-0.540769236691945,0.0667150508930501));
#1148=CARTESIAN_POINT('',(-0.0489710178790716,-0.52832,0.0674530474836929));
#1149=CARTESIAN_POINT('',(-0.0489865068592819,-0.528245746422568,0.0674574492705931));
#1150=CARTESIAN_POINT('',(-0.0470205427818968,-0.540769236691945,0.0654811871501507));
#1151=CARTESIAN_POINT('',(-0.0496470990356286,-0.52832,0.0661481395652711));
#1152=CARTESIAN_POINT('',(-0.0496627651525957,-0.528245746422568,0.0661521176085861));
#1153=CARTESIAN_POINT('',(-0.0482750303521146,-0.540769236691945,0.0629618669475196));
#1154=CARTESIAN_POINT('',(-0.050958850495259,-0.52832,0.0634862524661224));
#1155=CARTESIAN_POINT('',(-0.0509748581631783,-0.528245746422568,0.0634893801679786));
#1156=CARTESIAN_POINT('',(-0.0488831351113115,-0.540769236691945,0.0616764107315477));
#1157=CARTESIAN_POINT('',(-0.0515945206714124,-0.52832,0.0621292735429496));
#1158=CARTESIAN_POINT('',(-0.051610692753494,-0.528245746422568,0.0621319746470144));
#1159=CARTESIAN_POINT('',(-0.0500596018354624,-0.540769236691945,0.0590570023497044));
#1160=CARTESIAN_POINT('',(-0.0528239187771351,-0.52832,0.059366513505622));
#1161=CARTESIAN_POINT('',(-0.0528404065688893,-0.528245746422568,0.0593683595875265));
#1162=CARTESIAN_POINT('',(-0.0506279636865861,-0.540769236691945,0.0577230504372769));
#1163=CARTESIAN_POINT('',(-0.0534176465877526,-0.52832,0.0579607326587814));
#1164=CARTESIAN_POINT('',(-0.0534342856749866,-0.528245746422568,0.0579621503163997));
#1165=CARTESIAN_POINT('',(-0.0517235753532854,-0.540769236691945,0.0550098642604462));
#1166=CARTESIAN_POINT('',(-0.0545617296118483,-0.52832,0.0551037554141942));
#1167=CARTESIAN_POINT('',(-0.054578657806903,-0.528245746422568,0.055104315428774));
#1168=CARTESIAN_POINT('',(-0.0522508250628539,-0.540769236691945,0.0536306302585605));
#1169=CARTESIAN_POINT('',(-0.0551120847146296,-0.52832,0.0536525592928776));
#1170=CARTESIAN_POINT('',(-0.0551291507219973,-0.528245746422568,0.0536526900887881));
#1171=CARTESIAN_POINT('',(-0.0532629422476321,-0.540769236691945,0.0508302025898895));
#1172=CARTESIAN_POINT('',(-0.0561680964608835,-0.52832,0.0507082475494545));
#1173=CARTESIAN_POINT('',(-0.056185424277734,-0.528245746422568,0.0507075201475854));
#1174=CARTESIAN_POINT('',(-0.0537478096249134,-0.540769236691945,0.0494090091940629));
#1175=CARTESIAN_POINT('',(-0.0566737530021805,-0.52832,0.0492151322122282));
#1176=CARTESIAN_POINT('',(-0.0566912048161754,-0.528245746422568,0.049213975831332));
#1177=CARTESIAN_POINT('',(-0.0546739940488216,-0.540769236691945,0.0465280865090939));
#1178=CARTESIAN_POINT('',(-0.0576391494458002,-0.52832,0.0461905790748503));
#1179=CARTESIAN_POINT('',(-0.057656835140218,-0.528245746422568,0.0461885660089072));
#1180=CARTESIAN_POINT('',(-0.0551153110058344,-0.540769236691945,0.0450683574986987));
#1181=CARTESIAN_POINT('',(-0.0580988892547147,-0.52832,0.0446591415673431));
#1182=CARTESIAN_POINT('',(-0.0581166848323883,-0.528245746422568,0.0446567007954631));
#1183=CARTESIAN_POINT('',(-0.0559533314094711,-0.540769236691945,0.0421138801925189));
#1184=CARTESIAN_POINT('',(-0.0589713446711087,-0.52832,0.041561633449438));
#1185=CARTESIAN_POINT('',(-0.0589893456367069,-0.528245746422568,0.041558339569073));
#1186=CARTESIAN_POINT('',(-0.0563500347750113,-0.540769236691945,0.0406191321825982));
#1187=CARTESIAN_POINT('',(-0.0593840601941727,-0.52832,0.0399955631387433));
#1188=CARTESIAN_POINT('',(-0.0594021566644197,-0.528245746422568,0.0399918438559127));
#1189=CARTESIAN_POINT('',(-0.0570978722938222,-0.540769236691945,0.0375982178498198));
#1190=CARTESIAN_POINT('',(-0.0601614727618248,-0.52832,0.0368325622086768));
#1191=CARTESIAN_POINT('',(-0.0601797456327005,-0.528245746422568,0.0368279954491362));
#1192=CARTESIAN_POINT('',(-0.0574490063747351,-0.540769236691945,0.036072051819254));
#1193=CARTESIAN_POINT('',(-0.0605261697311935,-0.52832,0.0352356318953448));
#1194=CARTESIAN_POINT('',(-0.060544523498032,-0.528245746422568,0.0352306430616417));
#1195=CARTESIAN_POINT('',(-0.0581048594026346,-0.540769236691945,0.0329919781071055));
#1196=CARTESIAN_POINT('',(-0.061206666595135,-0.52832,0.0320147580994034));
#1197=CARTESIAN_POINT('',(-0.0612251673503417,-0.528245746422568,0.032008929462411));
#1198=CARTESIAN_POINT('',(-0.0584095782861634,-0.540769236691945,0.0314380707235387));
#1199=CARTESIAN_POINT('',(-0.0615224664238655,-0.52832,0.0303908149284334));
#1200=CARTESIAN_POINT('',(-0.0615410332714635,-0.528245746422568,0.0303845685623953));
#1201=CARTESIAN_POINT('',(-0.0589718668157615,-0.540769236691945,0.0283062577993752));
#1202=CARTESIAN_POINT('',(-0.0621044082075467,-0.52832,0.027119827633707));
#1203=CARTESIAN_POINT('',(-0.0621230922771448,-0.528245746422568,0.0271127511609597));
#1204=CARTESIAN_POINT('',(-0.0592294364074256,-0.540769236691945,0.0267283525618007));
#1205=CARTESIAN_POINT('',(-0.0623705501061908,-0.52832,0.0254727838264386));
#1206=CARTESIAN_POINT('',(-0.0623892853053863,-0.528245746422568,0.0254652949761083));
#1207=CARTESIAN_POINT('',(-0.0596968058364036,-0.540769236691945,0.023552345237271));
#1208=CARTESIAN_POINT('',(-0.0628525348608827,-0.52832,0.0221595631278247));
#1209=CARTESIAN_POINT('',(-0.0628713572333119,-0.528245746422568,0.0221512558671653));
#1210=CARTESIAN_POINT('',(-0.0599066056284965,-0.540769236691945,0.021954243457614));
#1211=CARTESIAN_POINT('',(-0.0630683776702954,-0.52832,0.0204933865570535));
#1212=CARTESIAN_POINT('',(-0.0630872360863524,-0.528245746422568,0.0204846732637273));
#1213=CARTESIAN_POINT('',(-0.0602779300229632,-0.540769236691945,0.0187416930125482));
#1214=CARTESIAN_POINT('',(-0.063449244252507,-0.52832,0.0171459142934188));
#1215=CARTESIAN_POINT('',(-0.0634681595830235,-0.528245746422568,0.0171363962577659));
#1216=CARTESIAN_POINT('',(-0.0604394545894092,-0.540769236691945,0.0171272446579734));
#1217=CARTESIAN_POINT('',(-0.0636142679884547,-0.52832,0.0154646189244437));
#1218=CARTESIAN_POINT('',(-0.0636332041897972,-0.528245746422568,0.0154547021792086));
#1219=CARTESIAN_POINT('',(-0.0607138393963744,-0.540769236691945,0.0138858904077799));
#1220=CARTESIAN_POINT('',(-0.0638930988572295,-0.52832,0.0120909594496754));
#1221=CARTESIAN_POINT('',(-0.0639120615771452,-0.528245746422568,0.0120802535688105));
#1222=CARTESIAN_POINT('',(-0.0608266996103451,-0.540769236691945,0.0122589848257822));
#1223=CARTESIAN_POINT('',(-0.064006905963078,-0.52832,0.0103985956703044));
#1224=CARTESIAN_POINT('',(-0.0640258743307383,-0.528245746422568,0.0103874993634682));
#1225=CARTESIAN_POINT('',(-0.0610034838127755,-0.540769236691945,0.00899663547675886));
#1226=CARTESIAN_POINT('',(-0.0641830293904305,-0.52832,0.00700687642557485));
#1227=CARTESIAN_POINT('',(-0.0642019938168923,-0.528245746422568,0.00699500849090265));
#1228=CARTESIAN_POINT('',(-0.0610674077841301,-0.540769236691945,0.00736119202538551));
#1229=CARTESIAN_POINT('',(-0.0642453456948935,-0.52832,0.00530752128838594));
#1230=CARTESIAN_POINT('',(-0.0642643005324126,-0.528245746422568,0.0052952721519237));
#1231=CARTESIAN_POINT('',(-0.0611461654933975,-0.540769236691945,0.00408570686286211));
#1232=CARTESIAN_POINT('',(-0.0643183373840606,-0.52832,0.00190591322243515));
#1233=CARTESIAN_POINT('',(-0.064337257830104,-0.528245746422568,0.00189291182484982));
#1234=CARTESIAN_POINT('',(-0.0611609992236899,-0.540769236691945,0.00244566546863531));
#1235=CARTESIAN_POINT('',(-0.0643290127617023,-0.52832,0.000203660622799665));
#1236=CARTESIAN_POINT('',(-0.0643479084052162,-0.528245746422568,0.000190288165954045));
#1237=CARTESIAN_POINT('',(-0.0611415407055743,-0.540769236691945,-0.00083506457673299));
#1238=CARTESIAN_POINT('',(-0.0642986968693114,-0.52832,-0.00319964149259576));
#1239=CARTESIAN_POINT('',(-0.0643175277539247,-0.528245746422568,-0.00321374503158866));
#1240=CARTESIAN_POINT('',(-0.061107248459049,-0.540769236691945,-0.00247575291044371));
#1241=CARTESIAN_POINT('',(-0.0642577056022121,-0.52832,-0.00490069067906531));
#1242=CARTESIAN_POINT('',(-0.0642764965304606,-0.528245746422568,-0.00491515424087448));
#1243=CARTESIAN_POINT('',(-0.060989620590825,-0.540769236691945,-0.00575382427261959));
#1244=CARTESIAN_POINT('',(-0.0641241551619034,-0.52832,-0.00829748799101533));
#1245=CARTESIAN_POINT('',(-0.0641428511198362,-0.528245746422568,-0.00831265969475504));
#1246=CARTESIAN_POINT('',(-0.0609062849805074,-0.540769236691945,-0.00739120698391118));
#1247=CARTESIAN_POINT('',(-0.0640315960016159,-0.52832,-0.0099932357878347));
#1248=CARTESIAN_POINT('',(-0.064050236945607,-0.528245746422568,-0.0100087556106202));
#1249=CARTESIAN_POINT('',(-0.0606907711380125,-0.540769236691945,-0.010658722501858));
#1250=CARTESIAN_POINT('',(-0.0637951327480977,-0.52832,-0.0133753451140905));
#1251=CARTESIAN_POINT('',(-0.0638136487391497,-0.528245746422568,-0.0133915484326138));
#1252=CARTESIAN_POINT('',(-0.0605585929266873,-0.540769236691945,-0.0122888549923612));
#1253=CARTESIAN_POINT('',(-0.0636512286777463,-0.52832,-0.0150617063162872));
#1254=CARTESIAN_POINT('',(-0.0636696747298131,-0.528245746422568,-0.0150782450114365));
#1255=CARTESIAN_POINT('',(-0.0602457123016448,-0.540769236691945,-0.0155379429349957));
#1256=CARTESIAN_POINT('',(-0.0633124222717082,-0.52832,-0.0184209798592441));
#1257=CARTESIAN_POINT('',(-0.0633307136892352,-0.528245746422568,-0.0184381757573375));
#1258=CARTESIAN_POINT('',(-0.0600650099182005,-0.540769236691945,-0.0171568980727579));
#1259=CARTESIAN_POINT('',(-0.063117519968803,-0.52832,-0.0200938918749739));
#1260=CARTESIAN_POINT('',(-0.0631357266907904,-0.528245746422568,-0.0201114095993218));
#1261=CARTESIAN_POINT('',(-0.0596555162674413,-0.540769236691945,-0.0203797311026399));
#1262=CARTESIAN_POINT('',(-0.0626771866245529,-0.52832,-0.0234222368504293));
#1263=CARTESIAN_POINT('',(-0.0626952094029279,-0.528245746422568,-0.023440383901668));
#1264=CARTESIAN_POINT('',(-0.0594267250397473,-0.540769236691945,-0.0219836086829307));
#1265=CARTESIAN_POINT('',(-0.0624317556258129,-0.52832,-0.025077669488117));
#1266=CARTESIAN_POINT('',(-0.0624496791561329,-0.528245746422568,-0.0250961240399312));
#1267=CARTESIAN_POINT('',(-0.0589216048693433,-0.540769236691945,-0.0251724227130042));
#1268=CARTESIAN_POINT('',(-0.0618909561449458,-0.52832,-0.0283670676214964));
#1269=CARTESIAN_POINT('',(-0.0619086668657171,-0.528245746422568,-0.0283861221080445));
#1270=CARTESIAN_POINT('',(-0.0586452759755069,-0.540769236691945,-0.0267573588542496));
#1271=CARTESIAN_POINT('',(-0.0615955877151443,-0.52832,-0.0300010327989187));
#1272=CARTESIAN_POINT('',(-0.0616131848744425,-0.528245746422568,-0.0300203797195673));
#1273=CARTESIAN_POINT('',(-0.0580457461641922,-0.540769236691945,-0.0299044717522091));
#1274=CARTESIAN_POINT('',(-0.0609556249309781,-0.52832,-0.0332435596420015));
#1275=CARTESIAN_POINT('',(-0.0609729809274681,-0.528245746422568,-0.033263475659932));
#1276=CARTESIAN_POINT('',(-0.0577225453047221,-0.540769236691945,-0.0314666482044207));
#1277=CARTESIAN_POINT('',(-0.0606110306385337,-0.52832,-0.0348521209939276));
#1278=CARTESIAN_POINT('',(-0.0606282590337119,-0.528245746422568,-0.0348723136749844));
#1279=CARTESIAN_POINT('',(-0.0570300501723246,-0.540769236691945,-0.0345644782996405));
#1280=CARTESIAN_POINT('',(-0.0598734462774695,-0.52832,-0.0380399650155371));
#1281=CARTESIAN_POINT('',(-0.0598904057375624,-0.528245746422568,-0.0380606945854184));
#1282=CARTESIAN_POINT('',(-0.0566607559664003,-0.540769236691945,-0.0361001316429146));
#1283=CARTESIAN_POINT('',(-0.0594804562802155,-0.52832,-0.039619247376777));
#1284=CARTESIAN_POINT('',(-0.0594972744065608,-0.528245746422568,-0.0396402371723045));
#1285=CARTESIAN_POINT('',(-0.0558769637943493,-0.540769236691945,-0.0391412159913573));
#1286=CARTESIAN_POINT('',(-0.0586470272475839,-0.52832,-0.0427447287814429));
#1287=CARTESIAN_POINT('',(-0.0586635493144549,-0.528245746422568,-0.0427662219639253));
#1288=CARTESIAN_POINT('',(-0.0554624659040594,-0.540769236691945,-0.0406466467022825));
#1289=CARTESIAN_POINT('',(-0.0582065882928457,-0.52832,-0.0442909275224594));
#1290=CARTESIAN_POINT('',(-0.0582229556340186,-0.528245746422568,-0.0443126638662018));
#1291=CARTESIAN_POINT('',(-0.0545892649163496,-0.540769236691945,-0.0436236590653854));
#1292=CARTESIAN_POINT('',(-0.057279322392186,-0.52832,-0.0473465167517181));
#1293=CARTESIAN_POINT('',(-0.0572953672627288,-0.528245746422568,-0.0473687217678426));
#1294=CARTESIAN_POINT('',(-0.0541305619034174,-0.540769236691945,-0.0450952404295189));
#1295=CARTESIAN_POINT('',(-0.0567924955359834,-0.52832,-0.0488559069443132));
#1296=CARTESIAN_POINT('',(-0.0568083726616254,-0.528245746422568,-0.0488783374715145));
#1297=CARTESIAN_POINT('',(-0.0531700557177115,-0.540769236691945,-0.0480010089237436));
#1298=CARTESIAN_POINT('',(-0.0557736266320693,-0.52832,-0.0518342428160733));
#1299=CARTESIAN_POINT('',(-0.0557891556527855,-0.528245746422568,-0.051857106172011));
#1300=CARTESIAN_POINT('',(-0.0526682526378727,-0.540769236691945,-0.0494351957726839));
#1301=CARTESIAN_POINT('',(-0.0552415846829398,-0.52832,-0.053303188207066));
#1302=CARTESIAN_POINT('',(-0.0552569333436646,-0.528245746422568,-0.0533262588806214));
#1303=CARTESIAN_POINT('',(-0.0516227551977025,-0.540769236691945,-0.0522627201472127));
#1304=CARTESIAN_POINT('',(-0.0541335673202032,-0.52832,-0.0561970956493411));
#1305=CARTESIAN_POINT('',(-0.0541485430803216,-0.528245746422568,-0.056220562265265));
#1306=CARTESIAN_POINT('',(-0.0510790609385294,-0.540769236691945,-0.053656057399221));
#1307=CARTESIAN_POINT('',(-0.0535575920138036,-0.52832,-0.0576220574206203));
#1308=CARTESIAN_POINT('',(-0.0535723752333431,-0.528245746422568,-0.0576457126612566));
#1309=CARTESIAN_POINT('',(-0.049951090938803,-0.540769236691945,-0.0563985259001737));
#1310=CARTESIAN_POINT('',(-0.0523630955031222,-0.52832,-0.0604245647569056));
#1311=CARTESIAN_POINT('',(-0.052377481924725,-0.528245746422568,-0.0604485780996825));
#1312=CARTESIAN_POINT('',(-0.0493668153073877,-0.540769236691945,-0.0577476568837677));
#1313=CARTESIAN_POINT('',(-0.0517445744144151,-0.52832,-0.0618021100507521));
#1314=CARTESIAN_POINT('',(-0.0517587565786986,-0.528245746422568,-0.0618262928709225));
#1315=CARTESIAN_POINT('',(-0.048159090126633,-0.540769236691945,-0.0603984626643136));
#1316=CARTESIAN_POINT('',(-0.0504664764025086,-0.52832,-0.0645064657954038));
#1317=CARTESIAN_POINT('',(-0.0504802388274461,-0.528245746422568,-0.0645309680147876));
#1318=CARTESIAN_POINT('',(-0.0475356406941483,-0.540769236691945,-0.0617001372047839));
#1319=CARTESIAN_POINT('',(-0.049806899602973,-0.52832,-0.065833275984546));
#1320=CARTESIAN_POINT('',(-0.0498204465459245,-0.528245746422568,-0.0658579281257187));
#1321=CARTESIAN_POINT('',(-0.0462510698481099,-0.540769236691945,-0.0642528942416146));
#1322=CARTESIAN_POINT('',(-0.0484482791399002,-0.52832,-0.0684329651077017));
#1323=CARTESIAN_POINT('',(-0.0484613844132852,-0.528245746422568,-0.0684578971756998));
#1324=CARTESIAN_POINT('',(-0.0455899485588463,-0.540769236691945,-0.0655039764909801));
#1325=CARTESIAN_POINT('',(-0.0477492356078181,-0.52832,-0.0697058437901792));
#1326=CARTESIAN_POINT('',(-0.0477621146936654,-0.528245746422568,-0.0697309058631867));
#1327=CARTESIAN_POINT('',(-0.0442316266912074,-0.540769236691945,-0.0679525349687988));
#1328=CARTESIAN_POINT('',(-0.0463133657292758,-0.52832,-0.0721946034130353));
#1329=CARTESIAN_POINT('',(-0.0463257822793569,-0.528245746422568,-0.072219905266112));
#1330=CARTESIAN_POINT('',(-0.0435344262442581,-0.540769236691945,-0.0691500109603389));
#1331=CARTESIAN_POINT('',(-0.0455765395217448,-0.52832,-0.0734104841126112));
#1332=CARTESIAN_POINT('',(-0.0455887197236421,-0.528245746422568,-0.0734358957407246));
#1333=CARTESIAN_POINT('',(-0.0421056256713728,-0.540769236691945,-0.0714884720873041));
#1334=CARTESIAN_POINT('',(-0.0440668793640377,-0.52832,-0.0757823185952467));
#1335=CARTESIAN_POINT('',(-0.0440785772782581,-0.528245746422568,-0.0758079292790219));
#1336=CARTESIAN_POINT('',(-0.0413740256836821,-0.540769236691945,-0.0726294569964686));
#1337=CARTESIAN_POINT('',(-0.0432940455599303,-0.52832,-0.0769382721488168));
#1338=CARTESIAN_POINT('',(-0.0433054975347044,-0.528245746422568,-0.076963972113198));
#1339=CARTESIAN_POINT('',(-0.0398781885112788,-0.540769236691945,-0.0748521872149003));
#1340=CARTESIAN_POINT('',(-0.0417142320266088,-0.52832,-0.0791874675342148));
#1341=CARTESIAN_POINT('',(-0.0417251831236687,-0.528245746422568,-0.079213325350308));
#1342=CARTESIAN_POINT('',(-0.0391139514712975,-0.540769236691945,-0.0759339323091047));
#1343=CARTESIAN_POINT('',(-0.0409072524502514,-0.52832,-0.0802807091484192));
#1344=CARTESIAN_POINT('',(-0.0409179486090919,-0.528245746422568,-0.0803066355356031));
#1345=CARTESIAN_POINT('',(-0.0375546813021442,-0.540769236691945,-0.0780355768672187));
#1346=CARTESIAN_POINT('',(-0.0392610914504928,-0.52832,-0.0824018469278901));
#1347=CARTESIAN_POINT('',(-0.03927126934824,-0.528245746422568,-0.0824278895825575));
#1348=CARTESIAN_POINT('',(-0.0367596483238411,-0.540769236691945,-0.0790554761277812));
#1349=CARTESIAN_POINT('',(-0.0384219101863678,-0.52832,-0.0834297428879234));
#1350=CARTESIAN_POINT('',(-0.0384318247612912,-0.528245746422568,-0.0834558332389723));
#1351=CARTESIAN_POINT('',(-0.0351407015763512,-0.540769236691945,-0.0810309719797546));
#1352=CARTESIAN_POINT('',(-0.036713367466207,-0.52832,-0.0854177130547667));
#1353=CARTESIAN_POINT('',(-0.0367227476451944,-0.528245746422568,-0.0854438778089721));
#1354=CARTESIAN_POINT('',(-0.0343167879638076,-0.540769236691945,-0.081986568380024));
#1355=CARTESIAN_POINT('',(-0.0358440061754833,-0.52832,-0.0863777870692282));
#1356=CARTESIAN_POINT('',(-0.0358531152814102,-0.528245746422568,-0.0864039785302012));
#1357=CARTESIAN_POINT('',(-0.0326420648224989,-0.540769236691945,-0.0838311563833164));
#1358=CARTESIAN_POINT('',(-0.0340771977639839,-0.52832,-0.0882278004291863));
#1359=CARTESIAN_POINT('',(-0.0340857576265388,-0.528245746422568,-0.088254024249745));
#1360=CARTESIAN_POINT('',(-0.0317912554557736,-0.540769236691945,-0.0847201478078641));
#1361=CARTESIAN_POINT('',(-0.0331797508141578,-0.52832,-0.0891177395956827));
#1362=CARTESIAN_POINT('',(-0.0331880325064543,-0.528245746422568,-0.0891439690690563));
#1363=CARTESIAN_POINT('',(-0.0300647904753819,-0.540769236691945,-0.0864293841884087));
#1364=CARTESIAN_POINT('',(-0.0313589331075374,-0.52832,-0.0908253393045294));
#1365=CARTESIAN_POINT('',(-0.031366652032201,-0.528245746422568,-0.0908515590159608));
#1366=CARTESIAN_POINT('',(-0.0291891350287615,-0.540769236691945,-0.0872496289790264));
#1367=CARTESIAN_POINT('',(-0.0304355625269182,-0.52832,-0.091642999681659));
#1368=CARTESIAN_POINT('',(-0.030442996854262,-0.528245746422568,-0.0916692039783343));
#1369=CARTESIAN_POINT('',(-0.0274150874146451,-0.540769236691945,-0.0888193960366711));
#1370=CARTESIAN_POINT('',(-0.0285651220345166,-0.52832,-0.0932040719821278));
#1371=CARTESIAN_POINT('',(-0.0285719814257235,-0.528245746422568,-0.0932302244188505));
#1372=CARTESIAN_POINT('',(-0.026516695418799,-0.540769236691945,-0.0895689181518134));
#1373=CARTESIAN_POINT('',(-0.0276180523037108,-0.52832,-0.0939474837544235));
#1374=CARTESIAN_POINT('',(-0.0276246213561562,-0.528245746422568,-0.0939735997459546));
#1375=CARTESIAN_POINT('',(-0.0246993390070484,-0.540769236691945,-0.0909954341802209));
#1376=CARTESIAN_POINT('',(-0.0257024950805056,-0.52832,-0.0953582678866086));
#1377=CARTESIAN_POINT('',(-0.0257084784133814,-0.528245746422568,-0.0953842900451118));
#1378=CARTESIAN_POINT('',(-0.0237803747669843,-0.540769236691945,-0.091672427955462));
#1379=CARTESIAN_POINT('',(-0.0247340077734481,-0.52832,-0.0960256401099959));
#1380=CARTESIAN_POINT('',(-0.0247396957255724,-0.528245746422568,-0.0960516048806718));
#1381=CARTESIAN_POINT('',(-0.0219240877283771,-0.540769236691945,-0.0929522563525719));
#1382=CARTESIAN_POINT('',(-0.0227779485645729,-0.52832,-0.0972827373713528));
#1383=CARTESIAN_POINT('',(-0.0227830414247446,-0.528245746422568,-0.0973085665619774));
#1384=CARTESIAN_POINT('',(-0.0209867651094411,-0.540769236691945,-0.0935550908506095));
#1385=CARTESIAN_POINT('',(-0.021790376852016,-0.52832,-0.0978724622876906));
#1386=CARTESIAN_POINT('',(-0.0217951700010442,-0.528245746422568,-0.0978982132861044));
#1387=CARTESIAN_POINT('',(-0.0190960194020448,-0.540769236691945,-0.0946851483977135));
#1388=CARTESIAN_POINT('',(-0.0197985279754355,-0.52832,-0.098972844220808));
#1389=CARTESIAN_POINT('',(-0.019802718093757,-0.528245746422568,-0.0989984182187715));
#1390=CARTESIAN_POINT('',(-0.0181425964965257,-0.540769236691945,-0.0952123713374399));
#1391=CARTESIAN_POINT('',(-0.0187942510041356,-0.52832,-0.0994835011311191));
#1392=CARTESIAN_POINT('',(-0.0187981378029521,-0.528245746422568,-0.0995089763208601));
#1393=CARTESIAN_POINT('',(-0.0162219470923593,-0.540769236691945,-0.0961899356269254));
#1394=CARTESIAN_POINT('',(-0.016771410998259,-0.52832,-0.100424516819538));
#1395=CARTESIAN_POINT('',(-0.0167746882803681,-0.528245746422568,-0.100449774014839));
#1396=CARTESIAN_POINT('',(-0.0152547207795464,-0.540769236691945,-0.0966402768820994));
#1397=CARTESIAN_POINT('',(-0.0157528481594043,-0.52832,-0.100854875506597));
#1398=CARTESIAN_POINT('',(-0.0157558192443702,-0.528245746422568,-0.100880013515702));
#1399=CARTESIAN_POINT('',(-0.0133087946912535,-0.540769236691945,-0.0974629928759689));
#1400=CARTESIAN_POINT('',(-0.0137038902229856,-0.52832,-0.101634257961101));
#1401=CARTESIAN_POINT('',(-0.0137062467736227,-0.528245746422568,-0.101659137506944));
#1402=CARTESIAN_POINT('',(-0.0123300951040536,-0.540769236691945,-0.0978353675350616));
#1403=CARTESIAN_POINT('',(-0.0126734953236706,-0.52832,-0.101983281653136));
#1404=CARTESIAN_POINT('',(-0.0126755435371819,-0.528245746422568,-0.102008021921939));
#1405=CARTESIAN_POINT('',(-0.0103635802380237,-0.540769236691945,-0.0985012532384241));
#1406=CARTESIAN_POINT('',(-0.010603355575846,-0.52832,-0.102599153273126));
#1407=CARTESIAN_POINT('',(-0.0106047857178743,-0.528245746422568,-0.102623595232506));
#1408=CARTESIAN_POINT('',(-0.00937576514946621,-0.540769236691945,-0.0987947642182655));
#1409=CARTESIAN_POINT('',(-0.00956361092763507,-0.52832,-0.102866001141492));
#1410=CARTESIAN_POINT('',(-0.00956473133536606,-0.528245746422568,-0.102890284068518));
#1411=CARTESIAN_POINT('',(-0.00739339901225818,-0.540769236691945,-0.0993022154541372));
#1412=CARTESIAN_POINT('',(-0.00747727651637997,-0.52832,-0.103316878238292));
#1413=CARTESIAN_POINT('',(-0.00747777680446198,-0.528245746422568,-0.103340823728387));
#1414=CARTESIAN_POINT('',(-0.00639884815541377,-0.540769236691945,-0.0995161556610685));
#1415=CARTESIAN_POINT('',(-0.00643068695520146,-0.52832,-0.1035009074231));
#1416=CARTESIAN_POINT('',(-0.0064308768579918,-0.528245746422568,-0.103524674508652));
#1417=CARTESIAN_POINT('',(-0.00440540644068683,-0.540769236691945,-0.0998639499349744));
#1418=CARTESIAN_POINT('',(-0.0043331840428539,-0.52832,-0.103785703794291));
#1419=CARTESIAN_POINT('',(-0.00433275327175182,-0.528245746422568,-0.10380909512832));
#1420=CARTESIAN_POINT('',(-0.00340651577568203,-0.540769236691945,-0.099997803968298));
#1421=CARTESIAN_POINT('',(-0.00328227089463113,-0.52832,-0.103886470953118));
#1422=CARTESIAN_POINT('',(-0.00328152983498836,-0.528245746422568,-0.103909664940204));
#1423=CARTESIAN_POINT('',(-0.00140680085913183,-0.540769236691945,-0.100185103413369));
#1424=CARTESIAN_POINT('',(-0.0011786525494265,-0.52832,-0.104004500499297));
#1425=CARTESIAN_POINT('',(-0.00117729175690564,-0.528245746422568,-0.104027281325486));
#1426=CARTESIAN_POINT('',(-0.000405976801071117,-0.540769236691945,-0.100238548806995));
#1427=CARTESIAN_POINT('',(-0.000125947555982631,-0.52832,-0.104021762875229));
#1428=CARTESIAN_POINT('',(-0.000124277319184341,-0.528245746422568,-0.104044327887503));
#1429=CARTESIAN_POINT('',(0.00159519382891403,-0.540769236691945,-0.100264902202463));
#1430=CARTESIAN_POINT('',(0.00197871842123026,-0.52832,-0.103972741252881));
#1431=CARTESIAN_POINT('',(0.00198100595690151,-0.528245746422568,-0.103994856690225));
#1432=CARTESIAN_POINT('',(0.00259554020721298,-0.540769236691945,-0.100237810201756));
#1433=CARTESIAN_POINT('',(0.00303067920135998,-0.52832,-0.103906457259343));
#1434=CARTESIAN_POINT('',(0.00303327459156704,-0.528245746422568,-0.103928338935715));
#1435=CARTESIAN_POINT('',(0.0045933455553036,-0.540769236691945,-0.100103154059982));
#1436=CARTESIAN_POINT('',(0.00513132248589504,-0.52832,-0.10369050256585));
#1437=CARTESIAN_POINT('',(0.0051345312538429,-0.528245746422568,-0.103711899336323));
#1438=CARTESIAN_POINT('',(0.00559080433179533,-0.540769236691945,-0.0999955899319452));
#1439=CARTESIAN_POINT('',(0.00618000478705024,-0.52832,-0.103540831886789));
#1440=CARTESIAN_POINT('',(0.00618351907814375,-0.528245746422568,-0.103561977512383));
#1441=CARTESIAN_POINT('',(0.00758043150992079,-0.540769236691945,-0.0997002486513706));
#1442=CARTESIAN_POINT('',(0.00827156474524042,-0.52832,-0.103158464375923));
#1443=CARTESIAN_POINT('',(0.00827568701526185,-0.528245746422568,-0.103179090932831));
#1444=CARTESIAN_POINT('',(0.00857259971904581,-0.540769236691945,-0.0995124715274095));
#1445=CARTESIAN_POINT('',(0.00931444219990407,-0.52832,-0.102925767581114));
#1446=CARTESIAN_POINT('',(0.00931886692564896,-0.528245746422568,-0.102946126214266));
#1447=CARTESIAN_POINT('',(0.0105492555410632,-0.540769236691945,-0.0990571566110473));
#1448=CARTESIAN_POINT('',(0.0113918800806111,-0.52832,-0.1023779084097));
#1449=CARTESIAN_POINT('',(0.0113969059217965,-0.528245746422568,-0.10239771506186));
#1450=CARTESIAN_POINT('',(0.0115337429627021,-0.540769236691945,-0.0987896188627012));
#1451=CARTESIAN_POINT('',(0.0124264403056496,-0.52832,-0.102062746086104));
#1452=CARTESIAN_POINT('',(0.012431764806494,-0.528245746422568,-0.102082268681083));
#1453=CARTESIAN_POINT('',(0.0134926654916017,-0.540769236691945,-0.0981754272040659));
#1454=CARTESIAN_POINT('',(0.0144847513790567,-0.52832,-0.101350715094873));
#1455=CARTESIAN_POINT('',(0.0144906686837146,-0.528245746422568,-0.101369654126325));
#1456=CARTESIAN_POINT('',(0.0144671004093246,-0.540769236691945,-0.0978287733532039));
#1457=CARTESIAN_POINT('',(0.0155085020282711,-0.52832,-0.100953846496131));
#1458=CARTESIAN_POINT('',(0.0155147134770261,-0.528245746422568,-0.100972486021296));
#1459=CARTESIAN_POINT('',(0.0164035704291529,-0.540769236691945,-0.097057184593798));
#1460=CARTESIAN_POINT('',(0.0175427276427158,-0.52832,-0.100079359030107));
#1461=CARTESIAN_POINT('',(0.0175495221555408,-0.528245746422568,-0.100097384815067));
#1462=CARTESIAN_POINT('',(0.0173656053438927,-0.540769236691945,-0.0966322497599102));
#1463=CARTESIAN_POINT('',(0.0185532024111222,-0.52832,-0.0996017402474368));
#1464=CARTESIAN_POINT('',(0.0185602858438637,-0.528245746422568,-0.0996194517985388));
#1465=CARTESIAN_POINT('',(0.0192749577287571,-0.540769236691945,-0.0957051227246384));
#1466=CARTESIAN_POINT('',(0.0205584419389221,-0.52832,-0.0985669030235218));
#1467=CARTESIAN_POINT('',(0.0205660972913378,-0.528245746422568,-0.0985839721362936));
#1468=CARTESIAN_POINT('',(0.0202222750141401,-0.540769236691945,-0.0952029306129595));
#1469=CARTESIAN_POINT('',(0.0215532065042964,-0.52832,-0.0980096846824042));
#1470=CARTESIAN_POINT('',(0.0215611448564144,-0.528245746422568,-0.0980264255907656));
#1471=CARTESIAN_POINT('',(0.022099909966906,-0.540769236691945,-0.0941224988320563));
#1472=CARTESIAN_POINT('',(0.0235246291477908,-0.52832,-0.0968169907141116));
#1473=CARTESIAN_POINT('',(0.0235331268973826,-0.528245746422568,-0.0968330620337078));
#1474=CARTESIAN_POINT('',(0.0230302274526163,-0.540769236691945,-0.0935442592673704));
#1475=CARTESIAN_POINT('',(0.0245012870351638,-0.52832,-0.0961815152023372));
#1476=CARTESIAN_POINT('',(0.0245100611824728,-0.528245746422568,-0.0961972451376434));
#1477=CARTESIAN_POINT('',(0.024871621586221,-0.540769236691945,-0.0923131255956306));
#1478=CARTESIAN_POINT('',(0.0264341434645282,-0.52832,-0.0948338377939043));
#1479=CARTESIAN_POINT('',(0.0264434631394731,-0.528245746422568,-0.0948488726031083));
#1480=CARTESIAN_POINT('',(0.0257826980559494,-0.540769236691945,-0.0916602316076967));
#1481=CARTESIAN_POINT('',(0.0273903418195041,-0.52832,-0.094121636027642));
#1482=CARTESIAN_POINT('',(0.0273999306243148,-0.528245746422568,-0.0941363170951011));
#1483=CARTESIAN_POINT('',(0.0275834152906381,-0.540769236691945,-0.0902813619539702));
#1484=CARTESIAN_POINT('',(0.0292799756143021,-0.52832,-0.0926222218519883));
#1485=CARTESIAN_POINT('',(0.0292900947626868,-0.528245746422568,-0.0926361839306279));
#1486=CARTESIAN_POINT('',(0.0284730558813681,-0.540769236691945,-0.0895553864215919));
#1487=CARTESIAN_POINT('',(0.0302134108712907,-0.52832,-0.0918350095876745));
#1488=CARTESIAN_POINT('',(0.0302237912333323,-0.528245746422568,-0.0918486064193091));
#1489=CARTESIAN_POINT('',(0.0302287581315982,-0.540769236691945,-0.0880321026036493));
#1490=CARTESIAN_POINT('',(0.0320552697381982,-0.52832,-0.0901874708648824));
#1491=CARTESIAN_POINT('',(0.0320661639821079,-0.528245746422568,-0.0902003265770872));
#1492=CARTESIAN_POINT('',(0.0310948196212234,-0.540769236691945,-0.0872347944654722));
#1493=CARTESIAN_POINT('',(0.032963693169906,-0.52832,-0.0893271445658136));
#1494=CARTESIAN_POINT('',(0.0329748400819772,-0.528245746422568,-0.0893396244056653));
#1495=CARTESIAN_POINT('',(0.0328012772464927,-0.540769236691945,-0.0855707662074548));
#1496=CARTESIAN_POINT('',(0.0347533399095848,-0.52832,-0.0875354503609736));
#1497=CARTESIAN_POINT('',(0.0347649830038318,-0.528245746422568,-0.0875471687362068));
#1498=CARTESIAN_POINT('',(0.0336416732170267,-0.540769236691945,-0.0847040462486195));
#1499=CARTESIAN_POINT('',(0.0356345630443965,-0.52832,-0.0866040826285598));
#1500=CARTESIAN_POINT('',(0.0356464496526098,-0.528245746422568,-0.0866154154116013));
#1501=CARTESIAN_POINT('',(0.0352947752114479,-0.540769236691945,-0.0829032823403525));
#1502=CARTESIAN_POINT('',(0.0373676862410963,-0.52832,-0.0846725492899452));
#1503=CARTESIAN_POINT('',(0.0373800501364466,-0.528245746422568,-0.0846831020976145));
#1504=CARTESIAN_POINT('',(0.0361074810753876,-0.540769236691945,-0.0819692385651557));
#1505=CARTESIAN_POINT('',(0.0382195861352941,-0.52832,-0.0836723838706321));
#1506=CARTESIAN_POINT('',(0.038232183803769,-0.528245746422568,-0.0836825422951964));
#1507=CARTESIAN_POINT('',(0.0377032449714616,-0.540769236691945,-0.0800360772046225));
#1508=CARTESIAN_POINT('',(0.0398920105434302,-0.52832,-0.081605664631238));
#1509=CARTESIAN_POINT('',(0.039905065454177,-0.528245746422568,-0.0816150264487054));
#1510=CARTESIAN_POINT('',(0.0384863028491961,-0.540769236691945,-0.0790369598063311));
#1511=CARTESIAN_POINT('',(0.0407125348955513,-0.52832,-0.0805391110111246));
#1512=CARTESIAN_POINT('',(0.0407258132754012,-0.528245746422568,-0.0805480706046772));
#1513=CARTESIAN_POINT('',(0.0400208843119248,-0.540769236691945,-0.0769760581485739));
#1514=CARTESIAN_POINT('',(0.0423202314982376,-0.52832,-0.0783421847786219));
#1515=CARTESIAN_POINT('',(0.0423339459739575,-0.528245746422568,-0.0783503330524492));
#1516=CARTESIAN_POINT('',(0.0407724077484388,-0.540769236691945,-0.075914274088513));
#1517=CARTESIAN_POINT('',(0.0431074035932482,-0.52832,-0.0772118123787986));
#1518=CARTESIAN_POINT('',(0.0431213306956929,-0.528245746422568,-0.0772195515568939));
#1519=CARTESIAN_POINT('',(0.0422421098366651,-0.540769236691945,-0.0737305970261393));
#1520=CARTESIAN_POINT('',(0.0446464993085512,-0.52832,-0.0748899717409094));
#1521=CARTESIAN_POINT('',(0.0446608403098708,-0.528245746422568,-0.0748968868411912));
#1522=CARTESIAN_POINT('',(0.0429602883461745,-0.540769236691945,-0.0726087042351106));
#1523=CARTESIAN_POINT('',(0.0453984227799264,-0.52832,-0.0736985037274959));
#1524=CARTESIAN_POINT('',(0.0454129650533562,-0.528245746422568,-0.0737050038457759));
#1525=CARTESIAN_POINT('',(0.044361570418837,-0.540769236691945,-0.070307512437431));
#1526=CARTESIAN_POINT('',(0.046865209791459,-0.52832,-0.0712573422016861));
#1527=CARTESIAN_POINT('',(0.0468801427696502,-0.528245746422568,-0.0712630074693401));
#1528=CARTESIAN_POINT('',(0.0450446738464074,-0.540769236691945,-0.0691282136534344));
#1529=CARTESIAN_POINT('',(0.0475800731896956,-0.52832,-0.0700076489254871));
#1530=CARTESIAN_POINT('',(0.0475951956005002,-0.528245746422568,-0.0700128943245976));
#1531=CARTESIAN_POINT('',(0.0463741600922552,-0.540769236691945,-0.0667150508930501));
#1532=CARTESIAN_POINT('',(0.0489710178790716,-0.52832,-0.0674530474836929));
#1533=CARTESIAN_POINT('',(0.0489865068592819,-0.528245746422568,-0.0674574492705931));
#1534=CARTESIAN_POINT('',(0.0470205427818968,-0.540769236691945,-0.0654811871501507));
#1535=CARTESIAN_POINT('',(0.0496470990356286,-0.52832,-0.0661481395652711));
#1536=CARTESIAN_POINT('',(0.0496627651525957,-0.528245746422568,-0.0661521176085861));
#1537=CARTESIAN_POINT('',(0.0482750303521146,-0.540769236691945,-0.0629618669475196));
#1538=CARTESIAN_POINT('',(0.050958850495259,-0.52832,-0.0634862524661224));
#1539=CARTESIAN_POINT('',(0.0509748581631783,-0.528245746422568,-0.0634893801679786));
#1540=CARTESIAN_POINT('',(0.0488831351113115,-0.540769236691945,-0.0616764107315477));
#1541=CARTESIAN_POINT('',(0.0515945206714124,-0.52832,-0.0621292735429496));
#1542=CARTESIAN_POINT('',(0.051610692753494,-0.528245746422568,-0.0621319746470144));
#1543=CARTESIAN_POINT('',(0.0500596018354624,-0.540769236691945,-0.0590570023497044));
#1544=CARTESIAN_POINT('',(0.0528239187771351,-0.52832,-0.0593665135056221));
#1545=CARTESIAN_POINT('',(0.0528404065688893,-0.528245746422568,-0.0593683595875266));
#1546=CARTESIAN_POINT('',(0.0506279636865861,-0.540769236691945,-0.0577230504372769));
#1547=CARTESIAN_POINT('',(0.0534176465877526,-0.52832,-0.0579607326587814));
#1548=CARTESIAN_POINT('',(0.0534342856749866,-0.528245746422568,-0.0579621503163997));
#1549=CARTESIAN_POINT('',(0.0517235753532854,-0.540769236691945,-0.0550098642604462));
#1550=CARTESIAN_POINT('',(0.0545617296118483,-0.52832,-0.0551037554141942));
#1551=CARTESIAN_POINT('',(0.054578657806903,-0.528245746422568,-0.055104315428774));
#1552=CARTESIAN_POINT('',(0.0522508250628539,-0.540769236691945,-0.0536306302585604));
#1553=CARTESIAN_POINT('',(0.0551120847146296,-0.52832,-0.0536525592928776));
#1554=CARTESIAN_POINT('',(0.0551291507219973,-0.528245746422568,-0.0536526900887881));
#1555=CARTESIAN_POINT('',(0.0532629422476321,-0.540769236691945,-0.0508302025898895));
#1556=CARTESIAN_POINT('',(0.0561680964608835,-0.52832,-0.0507082475494545));
#1557=CARTESIAN_POINT('',(0.056185424277734,-0.528245746422568,-0.0507075201475854));
#1558=CARTESIAN_POINT('',(0.0537478096249134,-0.540769236691945,-0.0494090091940629));
#1559=CARTESIAN_POINT('',(0.0566737530021805,-0.52832,-0.0492151322122283));
#1560=CARTESIAN_POINT('',(0.0566912048161754,-0.528245746422568,-0.0492139758313321));
#1561=CARTESIAN_POINT('',(0.0546739940488215,-0.540769236691945,-0.046528086509094));
#1562=CARTESIAN_POINT('',(0.0576391494458001,-0.52832,-0.0461905790748505));
#1563=CARTESIAN_POINT('',(0.0576568351402179,-0.528245746422568,-0.0461885660089074));
#1564=CARTESIAN_POINT('',(0.0551153110058344,-0.540769236691945,-0.0450683574986987));
#1565=CARTESIAN_POINT('',(0.0580988892547147,-0.52832,-0.044659141567343));
#1566=CARTESIAN_POINT('',(0.0581166848323883,-0.528245746422568,-0.044656700795463));
#1567=CARTESIAN_POINT('',(0.0559533314094711,-0.540769236691945,-0.0421138801925189));
#1568=CARTESIAN_POINT('',(0.0589713446711087,-0.52832,-0.041561633449438));
#1569=CARTESIAN_POINT('',(0.0589893456367069,-0.528245746422568,-0.041558339569073));
#1570=CARTESIAN_POINT('',(0.0563500347750113,-0.540769236691945,-0.0406191321825981));
#1571=CARTESIAN_POINT('',(0.0593840601941727,-0.52832,-0.0399955631387433));
#1572=CARTESIAN_POINT('',(0.0594021566644197,-0.528245746422568,-0.0399918438559127));
#1573=CARTESIAN_POINT('',(0.0570978722938222,-0.540769236691945,-0.0375982178498198));
#1574=CARTESIAN_POINT('',(0.0601614727618248,-0.52832,-0.0368325622086768));
#1575=CARTESIAN_POINT('',(0.0601797456327005,-0.528245746422568,-0.0368279954491362));
#1576=CARTESIAN_POINT('',(0.0574490063747351,-0.540769236691945,-0.0360720518192541));
#1577=CARTESIAN_POINT('',(0.0605261697311935,-0.52832,-0.0352356318953448));
#1578=CARTESIAN_POINT('',(0.060544523498032,-0.528245746422568,-0.0352306430616417));
#1579=CARTESIAN_POINT('',(0.0581048594026346,-0.540769236691945,-0.0329919781071055));
#1580=CARTESIAN_POINT('',(0.061206666595135,-0.52832,-0.0320147580994034));
#1581=CARTESIAN_POINT('',(0.0612251673503417,-0.528245746422568,-0.032008929462411));
#1582=CARTESIAN_POINT('',(0.0584095782861634,-0.540769236691945,-0.0314380707235388));
#1583=CARTESIAN_POINT('',(0.0615224664238655,-0.52832,-0.0303908149284336));
#1584=CARTESIAN_POINT('',(0.0615410332714635,-0.528245746422568,-0.0303845685623955));
#1585=CARTESIAN_POINT('',(0.0589718668157615,-0.540769236691945,-0.0283062577993753));
#1586=CARTESIAN_POINT('',(0.0621044082075467,-0.52832,-0.0271198276337071));
#1587=CARTESIAN_POINT('',(0.0621230922771448,-0.528245746422568,-0.0271127511609599));
#1588=CARTESIAN_POINT('',(0.0592294364074256,-0.540769236691945,-0.0267283525618007));
#1589=CARTESIAN_POINT('',(0.0623705501061908,-0.52832,-0.0254727838264386));
#1590=CARTESIAN_POINT('',(0.0623892853053863,-0.528245746422568,-0.0254652949761083));
#1591=CARTESIAN_POINT('',(0.0596968058364036,-0.540769236691945,-0.023552345237271));
#1592=CARTESIAN_POINT('',(0.0628525348608827,-0.52832,-0.0221595631278247));
#1593=CARTESIAN_POINT('',(0.0628713572333119,-0.528245746422568,-0.0221512558671653));
#1594=CARTESIAN_POINT('',(0.0599066056284965,-0.540769236691945,-0.0219542434576139));
#1595=CARTESIAN_POINT('',(0.0630683776702954,-0.52832,-0.0204933865570534));
#1596=CARTESIAN_POINT('',(0.0630872360863524,-0.528245746422568,-0.0204846732637272));
#1597=CARTESIAN_POINT('',(0.0602779300229632,-0.540769236691945,-0.0187416930125482));
#1598=CARTESIAN_POINT('',(0.063449244252507,-0.52832,-0.0171459142934187));
#1599=CARTESIAN_POINT('',(0.0634681595830235,-0.528245746422568,-0.0171363962577658));
#1600=CARTESIAN_POINT('',(0.0604394545894092,-0.540769236691945,-0.0171272446579735));
#1601=CARTESIAN_POINT('',(0.0636142679884547,-0.52832,-0.0154646189244439));
#1602=CARTESIAN_POINT('',(0.0636332041897972,-0.528245746422568,-0.0154547021792088));
#1603=CARTESIAN_POINT('',(0.0607138393963744,-0.540769236691945,-0.01388589040778));
#1604=CARTESIAN_POINT('',(0.0638930988572295,-0.52832,-0.0120909594496756));
#1605=CARTESIAN_POINT('',(0.0639120615771452,-0.528245746422568,-0.0120802535688107));
#1606=CARTESIAN_POINT('',(0.0608266996103451,-0.540769236691945,-0.0122589848257822));
#1607=CARTESIAN_POINT('',(0.064006905963078,-0.52832,-0.0103985956703044));
#1608=CARTESIAN_POINT('',(0.0640258743307383,-0.528245746422568,-0.0103874993634682));
#1609=CARTESIAN_POINT('',(0.0610034838127755,-0.540769236691945,-0.00899663547675882));
#1610=CARTESIAN_POINT('',(0.0641830293904305,-0.52832,-0.00700687642557483));
#1611=CARTESIAN_POINT('',(0.0642019938168923,-0.528245746422568,-0.00699500849090263));
#1612=CARTESIAN_POINT('',(0.0610674077841301,-0.540769236691945,-0.0073611920253856));
#1613=CARTESIAN_POINT('',(0.0642453456948935,-0.52832,-0.00530752128838602));
#1614=CARTESIAN_POINT('',(0.0642643005324126,-0.528245746422568,-0.00529527215192378));
#1615=CARTESIAN_POINT('',(0.0611461654933975,-0.540769236691945,-0.0040857068628622));
#1616=CARTESIAN_POINT('',(0.0643183373840606,-0.52832,-0.00190591322243523));
#1617=CARTESIAN_POINT('',(0.064337257830104,-0.528245746422568,-0.00189291182484989));
#1618=CARTESIAN_POINT('',(0.0611609992236899,-0.540769236691945,-0.00244566546863535));
#1619=CARTESIAN_POINT('',(0.0643290127617023,-0.52832,-0.000203660622799745));
#1620=CARTESIAN_POINT('',(0.0643479084052162,-0.528245746422568,-0.000190288165954125));
#1621=CARTESIAN_POINT('',(0.0611415407055743,-0.540769236691945,0.000835064576732944));
#1622=CARTESIAN_POINT('',(0.0642986968693114,-0.52832,0.00319964149259568));
#1623=CARTESIAN_POINT('',(0.0643175277539247,-0.528245746422568,0.00321374503158858));
#1624=CARTESIAN_POINT('',(0.061107248459049,-0.540769236691945,0.00247575291044371));
#1625=CARTESIAN_POINT('',(0.0642577056022121,-0.52832,0.00490069067906532));
#1626=CARTESIAN_POINT('',(0.0642764965304606,-0.528245746422568,0.00491515424087449));
#1627=CARTESIAN_POINT('',(0.0609896205908249,-0.540769236691945,0.00575382427261961));
#1628=CARTESIAN_POINT('',(0.0641241551619034,-0.52832,0.00829748799101535));
#1629=CARTESIAN_POINT('',(0.0641428511198362,-0.528245746422568,0.00831265969475506));
#1630=CARTESIAN_POINT('',(0.0609062849805074,-0.540769236691945,0.00739120698391125));
#1631=CARTESIAN_POINT('',(0.0640315960016159,-0.52832,0.00999323578783481));
#1632=CARTESIAN_POINT('',(0.064050236945607,-0.528245746422568,0.0100087556106203));
#1633=CARTESIAN_POINT('',(0.0606907711380125,-0.540769236691945,0.0106587225018581));
#1634=CARTESIAN_POINT('',(0.0637951327480977,-0.52832,0.0133753451140906));
#1635=CARTESIAN_POINT('',(0.0638136487391497,-0.528245746422568,0.0133915484326139));
#1636=CARTESIAN_POINT('',(0.0605585929266873,-0.540769236691945,0.0122888549923611));
#1637=CARTESIAN_POINT('',(0.0636512286777463,-0.52832,0.0150617063162872));
#1638=CARTESIAN_POINT('',(0.0636696747298131,-0.528245746422568,0.0150782450114364));
#1639=CARTESIAN_POINT('',(0.0602457123016448,-0.540769236691945,0.0155379429349957));
#1640=CARTESIAN_POINT('',(0.0633124222717082,-0.52832,0.0184209798592441));
#1641=CARTESIAN_POINT('',(0.0633307136892352,-0.528245746422568,0.0184381757573374));
#1642=CARTESIAN_POINT('',(0.0600650099182005,-0.540769236691945,0.0171568980727579));
#1643=CARTESIAN_POINT('',(0.063117519968803,-0.52832,0.0200938918749739));
#1644=CARTESIAN_POINT('',(0.0631357266907904,-0.528245746422568,0.0201114095993218));
#1645=CARTESIAN_POINT('',(0.0596555162674413,-0.540769236691945,0.0203797311026398));
#1646=CARTESIAN_POINT('',(0.0626771866245529,-0.52832,0.0234222368504293));
#1647=CARTESIAN_POINT('',(0.0626952094029279,-0.528245746422568,0.023440383901668));
#1648=CARTESIAN_POINT('',(0.0594267250397473,-0.540769236691945,0.0219836086829308));
#1649=CARTESIAN_POINT('',(0.0624317556258129,-0.52832,0.0250776694881171));
#1650=CARTESIAN_POINT('',(0.0624496791561329,-0.528245746422568,0.0250961240399313));
#1651=CARTESIAN_POINT('',(0.0589216048693433,-0.540769236691945,0.0251724227130043));
#1652=CARTESIAN_POINT('',(0.0618909561449458,-0.52832,0.0283670676214965));
#1653=CARTESIAN_POINT('',(0.0619086668657171,-0.528245746422568,0.0283861221080446));
#1654=CARTESIAN_POINT('',(0.0586452759755069,-0.540769236691945,0.0267573588542496));
#1655=CARTESIAN_POINT('',(0.0615955877151443,-0.52832,0.0300010327989188));
#1656=CARTESIAN_POINT('',(0.0616131848744425,-0.528245746422568,0.0300203797195674));
#1657=CARTESIAN_POINT('',(0.0580457461641922,-0.540769236691945,0.0299044717522091));
#1658=CARTESIAN_POINT('',(0.0609556249309781,-0.52832,0.0332435596420015));
#1659=CARTESIAN_POINT('',(0.0609729809274681,-0.528245746422568,0.0332634756599321));
#1660=CARTESIAN_POINT('',(0.0577225453047221,-0.540769236691945,0.0314666482044206));
#1661=CARTESIAN_POINT('',(0.0606110306385337,-0.52832,0.0348521209939275));
#1662=CARTESIAN_POINT('',(0.0606282590337119,-0.528245746422568,0.0348723136749843));
#1663=CARTESIAN_POINT('',(0.0570300501723246,-0.540769236691945,0.0345644782996404));
#1664=CARTESIAN_POINT('',(0.0598734462774695,-0.52832,0.0380399650155369));
#1665=CARTESIAN_POINT('',(0.0598904057375624,-0.528245746422568,0.0380606945854182));
#1666=CARTESIAN_POINT('',(0.0566607559664003,-0.540769236691945,0.0361001316429146));
#1667=CARTESIAN_POINT('',(0.0594804562802155,-0.52832,0.039619247376777));
#1668=CARTESIAN_POINT('',(0.0594972744065608,-0.528245746422568,0.0396402371723045));
#1669=CARTESIAN_POINT('',(0.0558769637943493,-0.540769236691945,0.0391412159913573));
#1670=CARTESIAN_POINT('',(0.0586470272475839,-0.52832,0.0427447287814429));
#1671=CARTESIAN_POINT('',(0.0586635493144549,-0.528245746422568,0.0427662219639253));
#1672=CARTESIAN_POINT('',(0.0554624659040594,-0.540769236691945,0.0406466467022824));
#1673=CARTESIAN_POINT('',(0.0582065882928457,-0.52832,0.0442909275224593));
#1674=CARTESIAN_POINT('',(0.0582229556340186,-0.528245746422568,0.0443126638662016));
#1675=CARTESIAN_POINT('',(0.0545892649163496,-0.540769236691945,0.0436236590653852));
#1676=CARTESIAN_POINT('',(0.0572793223921861,-0.52832,0.0473465167517179));
#1677=CARTESIAN_POINT('',(0.0572953672627289,-0.528245746422568,0.0473687217678423));
#1678=CARTESIAN_POINT('',(0.0541305619034174,-0.540769236691945,0.0450952404295188));
#1679=CARTESIAN_POINT('',(0.0567924955359834,-0.52832,0.048855906944313));
#1680=CARTESIAN_POINT('',(0.0568083726616254,-0.528245746422568,0.0488783374715143));
#1681=CARTESIAN_POINT('',(0.0531700557177115,-0.540769236691945,0.0480010089237435));
#1682=CARTESIAN_POINT('',(0.0557736266320694,-0.52832,0.0518342428160731));
#1683=CARTESIAN_POINT('',(0.0557891556527856,-0.528245746422568,0.0518571061720108));
#1684=CARTESIAN_POINT('',(0.0526682526378727,-0.540769236691945,0.0494351957726839));
#1685=CARTESIAN_POINT('',(0.0552415846829398,-0.52832,0.053303188207066));
#1686=CARTESIAN_POINT('',(0.0552569333436646,-0.528245746422568,0.0533262588806214));
#1687=CARTESIAN_POINT('',(0.0516227551977025,-0.540769236691945,0.0522627201472128));
#1688=CARTESIAN_POINT('',(0.0541335673202032,-0.52832,0.0561970956493412));
#1689=CARTESIAN_POINT('',(0.0541485430803216,-0.528245746422568,0.0562205622652651));
#1690=CARTESIAN_POINT('',(0.0510790609385294,-0.540769236691945,0.0536560573992209));
#1691=CARTESIAN_POINT('',(0.0535575920138036,-0.52832,0.0576220574206202));
#1692=CARTESIAN_POINT('',(0.0535723752333431,-0.528245746422568,0.0576457126612565));
#1693=CARTESIAN_POINT('',(0.049951090938803,-0.540769236691945,0.0563985259001736));
#1694=CARTESIAN_POINT('',(0.0523630955031222,-0.52832,0.0604245647569055));
#1695=CARTESIAN_POINT('',(0.052377481924725,-0.528245746422568,0.0604485780996824));
#1696=CARTESIAN_POINT('',(0.0493668153073878,-0.540769236691945,0.0577476568837675));
#1697=CARTESIAN_POINT('',(0.0517445744144152,-0.52832,0.0618021100507519));
#1698=CARTESIAN_POINT('',(0.0517587565786987,-0.528245746422568,0.0618262928709223));
#1699=CARTESIAN_POINT('',(0.048159090126633,-0.540769236691945,0.0603984626643136));
#1700=CARTESIAN_POINT('',(0.0504664764025087,-0.52832,0.0645064657954037));
#1701=CARTESIAN_POINT('',(0.0504802388274462,-0.528245746422568,0.0645309680147875));
#1702=CARTESIAN_POINT('',(0.0475356406941483,-0.540769236691945,0.0617001372047839));
#1703=CARTESIAN_POINT('',(0.049806899602973,-0.52832,0.0658332759845459));
#1704=CARTESIAN_POINT('',(0.0498204465459245,-0.528245746422568,0.0658579281257186));
#1705=CARTESIAN_POINT('',(0.0462510698481099,-0.540769236691945,0.0642528942416146));
#1706=CARTESIAN_POINT('',(0.0484482791399003,-0.52832,0.0684329651077016));
#1707=CARTESIAN_POINT('',(0.0484613844132853,-0.528245746422568,0.0684578971756997));
#1708=CARTESIAN_POINT('',(0.0455899485588462,-0.540769236691945,0.0655039764909802));
#1709=CARTESIAN_POINT('',(0.047749235607818,-0.52832,0.0697058437901793));
#1710=CARTESIAN_POINT('',(0.0477621146936653,-0.528245746422568,0.0697309058631868));
#1711=CARTESIAN_POINT('',(0.0442316266912074,-0.540769236691945,0.0679525349687988));
#1712=CARTESIAN_POINT('',(0.0463133657292757,-0.52832,0.0721946034130354));
#1713=CARTESIAN_POINT('',(0.0463257822793568,-0.528245746422568,0.0722199052661122));
#1714=CARTESIAN_POINT('',(0.043534426244258,-0.540769236691945,0.069150010960339));
#1715=CARTESIAN_POINT('',(0.0455765395217447,-0.52832,0.0734104841126113));
#1716=CARTESIAN_POINT('',(0.045588719723642,-0.528245746422568,0.0734358957407246));
#1717=CARTESIAN_POINT('',(0.0421056256713728,-0.540769236691945,0.0714884720873041));
#1718=CARTESIAN_POINT('',(0.0440668793640376,-0.52832,0.0757823185952468));
#1719=CARTESIAN_POINT('',(0.044078577278258,-0.528245746422568,0.075807929279022));
#1720=CARTESIAN_POINT('',(0.0413740256836822,-0.540769236691945,0.0726294569964685));
#1721=CARTESIAN_POINT('',(0.0432940455599304,-0.52832,0.0769382721488167));
#1722=CARTESIAN_POINT('',(0.0433054975347045,-0.528245746422568,0.0769639721131979));
#1723=CARTESIAN_POINT('',(0.0398781885112788,-0.540769236691945,0.0748521872149002));
#1724=CARTESIAN_POINT('',(0.0417142320266089,-0.52832,0.0791874675342147));
#1725=CARTESIAN_POINT('',(0.0417251831236688,-0.528245746422568,0.0792133253503079));
#1726=CARTESIAN_POINT('',(0.0391139514712975,-0.540769236691945,0.0759339323091047));
#1727=CARTESIAN_POINT('',(0.0409072524502514,-0.52832,0.0802807091484192));
#1728=CARTESIAN_POINT('',(0.0409179486090919,-0.528245746422568,0.0803066355356031));
#1729=CARTESIAN_POINT('',(0.0375546813021442,-0.540769236691945,0.0780355768672187));
#1730=CARTESIAN_POINT('',(0.0392610914504928,-0.52832,0.0824018469278901));
#1731=CARTESIAN_POINT('',(0.03927126934824,-0.528245746422568,0.0824278895825575));
#1732=CARTESIAN_POINT('',(0.0367596483238412,-0.540769236691945,0.0790554761277812));
#1733=CARTESIAN_POINT('',(0.0384219101863678,-0.52832,0.0834297428879234));
#1734=CARTESIAN_POINT('',(0.0384318247612913,-0.528245746422568,0.0834558332389723));
#1735=CARTESIAN_POINT('',(0.0351407015763513,-0.540769236691945,0.0810309719797545));
#1736=CARTESIAN_POINT('',(0.036713367466207,-0.52832,0.0854177130547666));
#1737=CARTESIAN_POINT('',(0.0367227476451945,-0.528245746422568,0.085443877808972));
#1738=CARTESIAN_POINT('',(0.0343167879638075,-0.540769236691945,0.081986568380024));
#1739=CARTESIAN_POINT('',(0.0358440061754832,-0.52832,0.0863777870692283));
#1740=CARTESIAN_POINT('',(0.0358531152814102,-0.528245746422568,0.0864039785302013));
#1741=CARTESIAN_POINT('',(0.0326420648224989,-0.540769236691945,0.0838311563833164));
#1742=CARTESIAN_POINT('',(0.0340771977639839,-0.52832,0.0882278004291863));
#1743=CARTESIAN_POINT('',(0.0340857576265388,-0.528245746422568,0.088254024249745));
#1744=CARTESIAN_POINT('',(0.0317912554557736,-0.540769236691945,0.0847201478078641));
#1745=CARTESIAN_POINT('',(0.0331797508141578,-0.52832,0.0891177395956827));
#1746=CARTESIAN_POINT('',(0.0331880325064543,-0.528245746422568,0.0891439690690563));
#1747=CARTESIAN_POINT('',(0.0300647904753819,-0.540769236691945,0.0864293841884087));
#1748=CARTESIAN_POINT('',(0.0313589331075374,-0.52832,0.0908253393045294));
#1749=CARTESIAN_POINT('',(0.031366652032201,-0.528245746422568,0.0908515590159608));
#1750=CARTESIAN_POINT('',(0.0291891350287616,-0.540769236691945,0.0872496289790264));
#1751=CARTESIAN_POINT('',(0.0304355625269183,-0.52832,0.091642999681659));
#1752=CARTESIAN_POINT('',(0.0304429968542621,-0.528245746422568,0.0916692039783343));
#1753=CARTESIAN_POINT('',(0.0274150874146451,-0.540769236691945,0.0888193960366711));
#1754=CARTESIAN_POINT('',(0.0285651220345167,-0.52832,0.0932040719821277));
#1755=CARTESIAN_POINT('',(0.0285719814257236,-0.528245746422568,0.0932302244188504));
#1756=CARTESIAN_POINT('',(0.0265166954187989,-0.540769236691945,0.0895689181518135));
#1757=CARTESIAN_POINT('',(0.0276180523037107,-0.52832,0.0939474837544236));
#1758=CARTESIAN_POINT('',(0.0276246213561561,-0.528245746422568,0.0939735997459547));
#1759=CARTESIAN_POINT('',(0.0246993390070483,-0.540769236691945,0.090995434180221));
#1760=CARTESIAN_POINT('',(0.0257024950805054,-0.52832,0.0953582678866087));
#1761=CARTESIAN_POINT('',(0.0257084784133812,-0.528245746422568,0.0953842900451119));
#1762=CARTESIAN_POINT('',(0.0237803747669843,-0.540769236691945,0.091672427955462));
#1763=CARTESIAN_POINT('',(0.0247340077734481,-0.52832,0.0960256401099959));
#1764=CARTESIAN_POINT('',(0.0247396957255724,-0.528245746422568,0.0960516048806718));
#1765=CARTESIAN_POINT('',(0.0219240877283771,-0.540769236691945,0.0929522563525719));
#1766=CARTESIAN_POINT('',(0.0227779485645729,-0.52832,0.0972827373713528));
#1767=CARTESIAN_POINT('',(0.0227830414247446,-0.528245746422568,0.0973085665619774));
#1768=CARTESIAN_POINT('',(0.0209867651094412,-0.540769236691945,0.0935550908506094));
#1769=CARTESIAN_POINT('',(0.0217903768520161,-0.52832,0.0978724622876905));
#1770=CARTESIAN_POINT('',(0.0217951700010443,-0.528245746422568,0.0978982132861043));
#1771=CARTESIAN_POINT('',(0.0190960194020449,-0.540769236691945,0.0946851483977135));
#1772=CARTESIAN_POINT('',(0.0197985279754356,-0.52832,0.098972844220808));
#1773=CARTESIAN_POINT('',(0.0198027180937571,-0.528245746422568,0.0989984182187715));
#1774=CARTESIAN_POINT('',(0.0181425964965258,-0.540769236691945,0.0952123713374398));
#1775=CARTESIAN_POINT('',(0.0187942510041358,-0.52832,0.099483501131119));
#1776=CARTESIAN_POINT('',(0.0187981378029522,-0.528245746422568,0.09950897632086));
#1777=CARTESIAN_POINT('',(0.0162219470923594,-0.540769236691945,0.0961899356269254));
#1778=CARTESIAN_POINT('',(0.0167714109982591,-0.52832,0.100424516819538));
#1779=CARTESIAN_POINT('',(0.0167746882803683,-0.528245746422568,0.100449774014839));
#1780=CARTESIAN_POINT('',(0.0152547207795464,-0.540769236691945,0.0966402768820994));
#1781=CARTESIAN_POINT('',(0.0157528481594043,-0.52832,0.100854875506597));
#1782=CARTESIAN_POINT('',(0.0157558192443702,-0.528245746422568,0.100880013515702));
#1783=CARTESIAN_POINT('',(0.0133087946912535,-0.540769236691945,0.0974629928759689));
#1784=CARTESIAN_POINT('',(0.0137038902229856,-0.52832,0.101634257961101));
#1785=CARTESIAN_POINT('',(0.0137062467736227,-0.528245746422568,0.101659137506944));
#1786=CARTESIAN_POINT('',(0.0123300951040536,-0.540769236691945,0.0978353675350616));
#1787=CARTESIAN_POINT('',(0.0126734953236707,-0.52832,0.101983281653136));
#1788=CARTESIAN_POINT('',(0.012675543537182,-0.528245746422568,0.102008021921939));
#1789=CARTESIAN_POINT('',(0.0103635802380238,-0.540769236691945,0.0985012532384241));
#1790=CARTESIAN_POINT('',(0.0106033555758461,-0.52832,0.102599153273126));
#1791=CARTESIAN_POINT('',(0.0106047857178744,-0.528245746422568,0.102623595232506));
#1792=CARTESIAN_POINT('',(0.00937576514946621,-0.540769236691945,0.0987947642182655));
#1793=CARTESIAN_POINT('',(0.00956361092763507,-0.52832,0.102866001141492));
#1794=CARTESIAN_POINT('',(0.00956473133536606,-0.528245746422568,0.102890284068518));
#1795=CARTESIAN_POINT('',(0.00739339901225818,-0.540769236691945,0.0993022154541372));
#1796=CARTESIAN_POINT('',(0.00747727651637996,-0.52832,0.103316878238292));
#1797=CARTESIAN_POINT('',(0.00747777680446197,-0.528245746422568,0.103340823728387));
#1798=CARTESIAN_POINT('',(0.00639884815541377,-0.540769236691945,0.0995161556610685));
#1799=CARTESIAN_POINT('',(0.00643068695520146,-0.52832,0.1035009074231));
#1800=CARTESIAN_POINT('',(0.0064308768579918,-0.528245746422568,0.103524674508652));
#1801=CARTESIAN_POINT('',(0.00440540644068683,-0.540769236691945,0.0998639499349744));
#1802=CARTESIAN_POINT('',(0.00433318404285389,-0.52832,0.103785703794291));
#1803=CARTESIAN_POINT('',(0.00433275327175181,-0.528245746422568,0.10380909512832));
#1804=CARTESIAN_POINT('',(0.00340651577568203,-0.540769236691945,0.099997803968298));
#1805=CARTESIAN_POINT('',(0.00328227089463112,-0.52832,0.103886470953118));
#1806=CARTESIAN_POINT('',(0.00328152983498835,-0.528245746422568,0.103909664940204));
#1807=CARTESIAN_POINT('',(0.00140680085913183,-0.540769236691945,0.100185103413369));
#1808=CARTESIAN_POINT('',(0.00117865254942649,-0.52832,0.104004500499297));
#1809=CARTESIAN_POINT('',(0.00117729175690564,-0.528245746422568,0.104027281325486));
#1810=CARTESIAN_POINT('',(0.000405976801071038,-0.540769236691945,0.100238548806995));
#1811=CARTESIAN_POINT('',(0.000125947555982525,-0.52832,0.104021762875229));
#1812=CARTESIAN_POINT('',(0.000124277319184236,-0.528245746422568,0.104044327887503));
#1813=CARTESIAN_POINT('',(-0.00159519382891411,-0.540769236691945,0.100264902202463));
#1814=CARTESIAN_POINT('',(-0.00197871842123036,-0.52832,0.103972741252881));
#1815=CARTESIAN_POINT('',(-0.00198100595690162,-0.528245746422568,0.103994856690225));
#1816=CARTESIAN_POINT('',(-0.00259554020721286,-0.540769236691945,0.100237810201756));
#1817=CARTESIAN_POINT('',(-0.0030306792013598,-0.52832,0.103906457259344));
#1818=CARTESIAN_POINT('',(-0.00303327459156686,-0.528245746422568,0.103928338935715));
#1819=CARTESIAN_POINT('',(-0.00459334555530348,-0.540769236691945,0.100103154059982));
#1820=CARTESIAN_POINT('',(-0.00513132248589486,-0.52832,0.10369050256585));
#1821=CARTESIAN_POINT('',(-0.00513453125384272,-0.528245746422568,0.103711899336323));
#1822=CARTESIAN_POINT('',(-0.00559080433179535,-0.540769236691945,0.0999955899319452));
#1823=CARTESIAN_POINT('',(-0.00618000478705026,-0.52832,0.103540831886789));
#1824=CARTESIAN_POINT('',(-0.00618351907814377,-0.528245746422568,0.103561977512383));
#1825=CARTESIAN_POINT('',(-0.00758043150992081,-0.540769236691945,0.0997002486513706));
#1826=CARTESIAN_POINT('',(-0.00827156474524044,-0.52832,0.103158464375923));
#1827=CARTESIAN_POINT('',(-0.00827568701526187,-0.528245746422568,0.103179090932831));
#1828=CARTESIAN_POINT('',(0.0196337242034742,-0.537886303633006,-0.0963213554223693));
#1829=CARTESIAN_POINT('',(0.0217326839395492,-0.537686015297293,-0.0952774281104783));
#1830=CARTESIAN_POINT('',(0.0257139561486442,-0.53732680390732,-0.0928871784336531));
#1831=CARTESIAN_POINT('',(0.0311455904604419,-0.536919553871643,-0.0885397190264853));
#1832=CARTESIAN_POINT('',(0.0360917944949624,-0.536637346907456,-0.0835218311628939));
#1833=CARTESIAN_POINT('',(0.0404382004908573,-0.536470318279264,-0.0781160032249474));
#1834=CARTESIAN_POINT('',(0.0443034602077647,-0.536392612830558,-0.0723545017348135));
#1835=CARTESIAN_POINT('',(0.0477427605067232,-0.53638764597696,-0.0662579682320532));
#1836=CARTESIAN_POINT('',(0.0507438845349654,-0.536440794412197,-0.059951717294443));
#1837=CARTESIAN_POINT('',(0.0541828657506405,-0.536570698140785,-0.0513865464957627));
#1838=CARTESIAN_POINT('',(0.0568774459708077,-0.536768861104611,-0.0425721551545918));
#1839=CARTESIAN_POINT('',(0.0589140232330492,-0.537008771010441,-0.0335542500446388));
#1840=CARTESIAN_POINT('',(0.0605291923354546,-0.537272060249842,-0.0243760074256984));
#1841=CARTESIAN_POINT('',(0.0617427103692356,-0.537626902065214,-0.012898512071314));
#1842=CARTESIAN_POINT('',(0.0620168175840735,-0.538071637540558,0.000865716723000685));
#1843=CARTESIAN_POINT('',(0.0612832140059515,-0.538447515910136,0.0123341498114016));
#1844=CARTESIAN_POINT('',(0.0601014209828025,-0.538747128205825,0.0215042848908152));
#1845=CARTESIAN_POINT('',(0.0585026237094741,-0.53904536878869,0.0306815207810324));
#1846=CARTESIAN_POINT('',(0.0557501032259638,-0.539404991128569,0.0418879698989944));
#1847=CARTESIAN_POINT('',(0.0519207223707514,-0.539744515794618,0.0527488092934226));
#1848=CARTESIAN_POINT('',(0.0481162104784061,-0.540000700640798,0.0611909787103351));
#1849=CARTESIAN_POINT('',(0.0437500643067608,-0.540244301851257,0.0694575298032831));
#1850=CARTESIAN_POINT('',(0.03734546599338,-0.540510779421202,0.0790853304436328));
#1851=CARTESIAN_POINT('',(0.0276448758887169,-0.540724124731248,0.089322071767506));
#1852=CARTESIAN_POINT('',(0.0199901401692002,-0.540697217778905,0.0944544311270895));
#1853=CARTESIAN_POINT('',(0.0157387731062436,-0.540587039953509,0.0964698742484774));
#1854=CARTESIAN_POINT('',(0.0196337242034742,-0.537886303633006,-0.0963213554223693));
#1855=CARTESIAN_POINT('',(0.0157387731062437,-0.540587039953509,0.0964698742484774));
#1856=CARTESIAN_POINT('',(-0.0157396354403495,-0.540587062300401,-0.0964694654315656));
#1857=CARTESIAN_POINT('',(-0.0143462324804204,-0.540550955062819,-0.0971300696858274));
#1858=CARTESIAN_POINT('',(-0.0122149589446481,-0.540478376524514,-0.0980150226488931));
#1859=CARTESIAN_POINT('',(-0.00931741846893984,-0.540345950555266,-0.0989609037244401));
#1860=CARTESIAN_POINT('',(-0.00707941881433596,-0.540226442227864,-0.0995564673531769));
#1861=CARTESIAN_POINT('',(-0.00493439405582808,-0.540096191282177,-0.100002912248924));
#1862=CARTESIAN_POINT('',(-0.00268182604897232,-0.539944193929624,-0.100343264954962));
#1863=CARTESIAN_POINT('',(-0.0007658131148702,-0.539802190939522,-0.100517397774126));
#1864=CARTESIAN_POINT('',(0.000609421198194245,-0.539693704976125,-0.100578739431311));
#1865=CARTESIAN_POINT('',(0.0013927891402072,-0.539630111689817,-0.100595725659224));
#1866=CARTESIAN_POINT('',(0.00201090932479807,-0.539578928430659,-0.100598943590846));
#1867=CARTESIAN_POINT('',(0.00252944458434788,-0.539535240597736,-0.100593875545037));
#1868=CARTESIAN_POINT('',(0.00326996943030404,-0.539471945502323,-0.100576738440257));
#1869=CARTESIAN_POINT('',(0.00420485614787275,-0.53939020100978,-0.100534215325319));
#1870=CARTESIAN_POINT('',(0.00516942500648504,-0.53930354288069,-0.100461629372041));
#1871=CARTESIAN_POINT('',(0.00586463013482193,-0.539239833402532,-0.100392576839308));
#1872=CARTESIAN_POINT('',(0.00625634294057756,-0.539203611987553,-0.100349175555578));
#1873=CARTESIAN_POINT('',(0.00657972283739557,-0.539173506713606,-0.100310466235013));
#1874=CARTESIAN_POINT('',(0.00679987672986556,-0.539152894095547,-0.100282478042409));
#1875=CARTESIAN_POINT('',(0.00713808515708748,-0.53912109651444,-0.100237615995035));
#1876=CARTESIAN_POINT('',(0.0077302580859137,-0.539065010299893,-0.100152856007588));
#1877=CARTESIAN_POINT('',(0.00845574895134143,-0.53899542150802,-0.100034228132503));
#1878=CARTESIAN_POINT('',(0.00921878618618874,-0.538921354123501,-0.0998915296859706));
#1879=CARTESIAN_POINT('',(0.00981272654186331,-0.538863276879781,-0.0997709666376264));
#1880=CARTESIAN_POINT('',(0.010320825536653,-0.538813249416814,-0.0996595231541048));
#1881=CARTESIAN_POINT('',(0.0106921204863654,-0.53877650107164,-0.0995731307389038));
#1882=CARTESIAN_POINT('',(0.0108960274849553,-0.538756273559781,-0.0995244529024066));
#1883=CARTESIAN_POINT('',(0.0110804666328177,-0.538737941536394,-0.099479440709133));
#1884=CARTESIAN_POINT('',(0.0111504415263777,-0.53873097543537,-0.0994620784772867));
#1885=CARTESIAN_POINT('',(0.0112932787159626,-0.538716749052438,-0.0994264637006309));
#1886=CARTESIAN_POINT('',(0.0115434515531043,-0.538691792613869,-0.0993629045103771));
#1887=CARTESIAN_POINT('',(0.0119695987557391,-0.538649180262087,-0.0992507995040187));
#1888=CARTESIAN_POINT('',(0.0125597382441916,-0.538590000117789,-0.0990865828192056));
#1889=CARTESIAN_POINT('',(0.0132686406765833,-0.538518681066593,-0.0988760557353316));
#1890=CARTESIAN_POINT('',(0.013964739832739,-0.53844850629492,-0.0986543877344549));
#1891=CARTESIAN_POINT('',(0.0145465695026548,-0.538389833759143,-0.0984583291661399));
#1892=CARTESIAN_POINT('',(0.0149636286180305,-0.538347779181795,-0.098311330659452));
#1893=CARTESIAN_POINT('',(0.0152079066340539,-0.538323166540673,-0.0982230020884875));
#1894=CARTESIAN_POINT('',(0.015347050034124,-0.538309158069715,-0.0981720140401648));
#1895=CARTESIAN_POINT('',(0.0154152344164549,-0.538302295322955,-0.0981469426652945));
#1896=CARTESIAN_POINT('',(0.0155942946474676,-0.538284290219291,-0.0980803518468443));
#1897=CARTESIAN_POINT('',(0.0157917176898955,-0.538264461285584,-0.0980058503353259));
#1898=CARTESIAN_POINT('',(0.0161499768032548,-0.538228527780138,-0.0978684209063898));
#1899=CARTESIAN_POINT('',(0.0166365171248619,-0.538179887210996,-0.0976750641319897));
#1900=CARTESIAN_POINT('',(0.0171994185725664,-0.538123878163345,-0.0974418567352036));
#1901=CARTESIAN_POINT('',(0.0182732577762714,-0.538017613597877,-0.0969791090150126));
#1902=CARTESIAN_POINT('',(0.0190652487817145,-0.537940549073812,-0.0966040892970188));
#1903=CARTESIAN_POINT('',(0.0196337242034743,-0.537886303633006,-0.0963213554223692));
#1904=CARTESIAN_POINT('',(-0.0157396354403494,-0.540587062300401,-0.0964694654315656));
#1905=CARTESIAN_POINT('',(-0.0196369028521933,-0.537886000325433,0.0963197743489466));
#1906=CARTESIAN_POINT('',(-0.0217357354465715,-0.537685734113225,0.0952757018659054));
#1907=CARTESIAN_POINT('',(-0.0257167570263206,-0.537326571807697,0.0928852086799464));
#1908=CARTESIAN_POINT('',(-0.0311480212132341,-0.536919393845048,0.0885375067517025));
#1909=CARTESIAN_POINT('',(-0.0360938724069946,-0.536637248655705,0.0835194787760856));
#1910=CARTESIAN_POINT('',(-0.0404399688073826,-0.536470267320974,0.0781135827266975));
#1911=CARTESIAN_POINT('',(-0.0443049474003729,-0.536392597661423,0.0723520710372986));
#1912=CARTESIAN_POINT('',(-0.0477439801516489,-0.536387656443588,0.0662556048236096));
#1913=CARTESIAN_POINT('',(-0.0507449075348696,-0.536440823051392,0.0599493713162471));
#1914=CARTESIAN_POINT('',(-0.0541836365684636,-0.536570743056057,0.0513842973549385));
#1915=CARTESIAN_POINT('',(-0.0568780059318533,-0.536768913177713,0.042570047650092));
#1916=CARTESIAN_POINT('',(-0.0589144008423819,-0.537008823861229,0.0335523504636195));
#1917=CARTESIAN_POINT('',(-0.0605294194588165,-0.537272111634657,0.0243743050494695));
#1918=CARTESIAN_POINT('',(-0.0617428028908156,-0.537626952409635,0.0128969314465137));
#1919=CARTESIAN_POINT('',(-0.0620167805465091,-0.53807167973104,-0.000867006612197917));
#1920=CARTESIAN_POINT('',(-0.0612831125998984,-0.538447549474699,-0.0123351741207385));
#1921=CARTESIAN_POINT('',(-0.0601013059961875,-0.538747152370854,-0.0215050267052923));
#1922=CARTESIAN_POINT('',(-0.0585025013636202,-0.539045386731244,-0.0306820765974168));
#1923=CARTESIAN_POINT('',(-0.0557499762982635,-0.539405003946697,-0.041888375675019));
#1924=CARTESIAN_POINT('',(-0.0519206440960797,-0.539744521159396,-0.0527489855304102));
#1925=CARTESIAN_POINT('',(-0.0481162327261418,-0.54000069900144,-0.061190925427535));
#1926=CARTESIAN_POINT('',(-0.0437501793087078,-0.54024429590646,-0.0694573250160381));
#1927=CARTESIAN_POINT('',(-0.0373457514564948,-0.540510768885976,-0.0790849384904871));
#1928=CARTESIAN_POINT('',(-0.0276454252936564,-0.540724117453635,-0.0893215814181624));
#1929=CARTESIAN_POINT('',(-0.0199908619540191,-0.540697224292415,-0.0944539836208305));
#1930=CARTESIAN_POINT('',(-0.0157396354403494,-0.540587062300401,-0.0964694654315656));
#1931=CARTESIAN_POINT('',(-0.0196369028521933,-0.537886000325433,0.0963197743489466));
#1932=CARTESIAN_POINT('',(0.0157387731062438,-0.540587039953509,0.0964698742484773));
#1933=CARTESIAN_POINT('',(0.0143452615220552,-0.540550925905077,0.0971304954781518));
#1934=CARTESIAN_POINT('',(0.0122138166196921,-0.540478334449311,0.0980154580372689));
#1935=CARTESIAN_POINT('',(0.00931604419387458,-0.540345886677223,0.0989613137814643));
#1936=CARTESIAN_POINT('',(0.0070778457950631,-0.540226358062279,0.0995568407037975));
#1937=CARTESIAN_POINT('',(0.00493269224390556,-0.540096089476169,0.100003219400245));
#1938=CARTESIAN_POINT('',(0.00267993868227866,-0.539944068641079,0.100343491879726));
#1939=CARTESIAN_POINT('',(0.000763824590165796,-0.539802049196398,0.100517540014696));
#1940=CARTESIAN_POINT('',(-0.000611607250486002,-0.539693540300268,0.100578809358389));
#1941=CARTESIAN_POINT('',(-0.00139490304773046,-0.539629949358487,0.100595754102723));
#1942=CARTESIAN_POINT('',(-0.00201349578111456,-0.5395787231799,0.100598929936518));
#1943=CARTESIAN_POINT('',(-0.00253049455703308,-0.539535162352855,0.100593853215307));
#1944=CARTESIAN_POINT('',(-0.00327010246844937,-0.539471941535498,0.100576701379187));
#1945=CARTESIAN_POINT('',(-0.00420149840797977,-0.539390514132447,0.100534520303366));
#1946=CARTESIAN_POINT('',(-0.0051716649581367,-0.539303331035884,0.100461205776394));
#1947=CARTESIAN_POINT('',(-0.00595162968692255,-0.539231890638367,0.100384224231694));
#1948=CARTESIAN_POINT('',(-0.00657783552668278,-0.539173773999804,0.100311822882474));
#1949=CARTESIAN_POINT('',(-0.00708737093287653,-0.539125935338186,0.100245030296467));
#1950=CARTESIAN_POINT('',(-0.0076231505922817,-0.539075186276776,0.100167844583639));
#1951=CARTESIAN_POINT('',(-0.00817454652801164,-0.539022471456798,0.100080156114933));
#1952=CARTESIAN_POINT('',(-0.00874560117154856,-0.538967410123162,0.0999806702622052));
#1953=CARTESIAN_POINT('',(-0.00923283181441736,-0.538920052233029,0.0998882052780683));
#1954=CARTESIAN_POINT('',(-0.00963920011994324,-0.538880315472936,0.0998059322241797));
#1955=CARTESIAN_POINT('',(-0.00985539794878162,-0.538859100118503,0.0997605058642319));
#1956=CARTESIAN_POINT('',(-0.0100258879556412,-0.53884232639693,0.0997236715499852));
#1957=CARTESIAN_POINT('',(-0.0100802891000932,-0.538836969180199,0.0997118125341676));
#1958=CARTESIAN_POINT('',(-0.0101968466031041,-0.538825481378316,0.0996862483500652));
#1959=CARTESIAN_POINT('',(-0.0104308468743807,-0.538802368792564,0.0996339290454858));
#1960=CARTESIAN_POINT('',(-0.0108107824169089,-0.538764713109359,0.0995458598134498));
#1961=CARTESIAN_POINT('',(-0.0113255384433105,-0.538713485568697,0.0994195897295506));
#1962=CARTESIAN_POINT('',(-0.0119042024355602,-0.538655688170894,0.0992687847173056));
#1963=CARTESIAN_POINT('',(-0.0125392015468496,-0.538592057856368,0.0990926371732556));
#1964=CARTESIAN_POINT('',(-0.0132539322343116,-0.538520175999771,0.098880570883524));
#1965=CARTESIAN_POINT('',(-0.0139601658695714,-0.538448980162076,0.0986560668002724));
#1966=CARTESIAN_POINT('',(-0.0145901234020676,-0.538385498575886,0.0984436134531371));
#1967=CARTESIAN_POINT('',(-0.015163241309584,-0.53832775527704,0.0982404993922419));
#1968=CARTESIAN_POINT('',(-0.0156775428565383,-0.538275992351319,0.0980499591121859));
#1969=CARTESIAN_POINT('',(-0.0160488939850661,-0.538238679908349,0.097907311784904));
#1970=CARTESIAN_POINT('',(-0.0163331670722545,-0.538210187666099,0.0977952896327002));
#1971=CARTESIAN_POINT('',(-0.0164849432576995,-0.538194994266208,0.0977349063607578));
#1972=CARTESIAN_POINT('',(-0.0167996243364476,-0.538163580826568,0.0976073980355016));
#1973=CARTESIAN_POINT('',(-0.0171744225911298,-0.538126284148926,0.0974517817235951));
#1974=CARTESIAN_POINT('',(-0.0178278444507415,-0.538061542352588,0.0971724788554783));
#1975=CARTESIAN_POINT('',(-0.0186957732812661,-0.537976436343422,0.0967791860654597));
#1976=CARTESIAN_POINT('',(-0.0193332679644237,-0.537914972530759,0.0964708187114463));
#1977=CARTESIAN_POINT('',(-0.0196369028521931,-0.537886000325433,0.0963197743489467));
#1978=CARTESIAN_POINT('',(-0.0157396354403495,-0.540587062300401,-0.0964694654315656));
#1979=CARTESIAN_POINT('',(-0.0153935338129607,-0.540578093772238,-0.0966335502039071));
#1980=CARTESIAN_POINT('',(-0.0150454505647688,-0.540568369308883,-0.0967934422122258));
#1981=CARTESIAN_POINT('',(-0.0143454758452726,-0.540547397790543,-0.0971045611715936));
#1982=CARTESIAN_POINT('',(-0.0139935843739684,-0.540536150735557,-0.0972557881226427));
#1983=CARTESIAN_POINT('',(-0.012932430153128,-0.540500109601287,-0.0976960520960507));
#1984=CARTESIAN_POINT('',(-0.0122176875966644,-0.540473015552688,-0.0979716722386698));
#1985=CARTESIAN_POINT('',(-0.0100534009214908,-0.540382404874693,-0.0987415107968854));
#1986=CARTESIAN_POINT('',(-0.00858385645597775,-0.540309585518279,-0.0991785911753794));
#1987=CARTESIAN_POINT('',(-0.00560597280472654,-0.540139718064688,-0.0998846372866442));
#1988=CARTESIAN_POINT('',(-0.00409764393676544,-0.540042670754357,-0.100153520886201));
#1989=CARTESIAN_POINT('',(-0.00106110843827555,-0.539826650733159,-0.100511617964407));
#1990=CARTESIAN_POINT('',(0.000467047786482708,-0.539707724082509,-0.100600757325469));
#1991=CARTESIAN_POINT('',(0.00352157588809986,-0.53945263125422,-0.100594367863745));
#1992=CARTESIAN_POINT('',(0.00504792703906941,-0.539316462396633,-0.100498837316265));
#1993=CARTESIAN_POINT('',(0.00807710996760561,-0.539033715249208,-0.100125668863082));
#1994=CARTESIAN_POINT('',(0.00957996170408476,-0.53888717079195,-0.0998480600761214));
#1995=CARTESIAN_POINT('',(0.0125428168101163,-0.538592500921626,-0.0991200379959537));
#1996=CARTESIAN_POINT('',(0.0140028022909257,-0.5384443727232,-0.0986697085459178));
#1997=CARTESIAN_POINT('',(0.0161491694413898,-0.538228471033606,-0.097875179864088));
#1998=CARTESIAN_POINT('',(0.0168573681225032,-0.538157553219366,-0.097590510796541));
#1999=CARTESIAN_POINT('',(0.0179077232043249,-0.538053702326673,-0.0971353249556729));
#2000=CARTESIAN_POINT('',(0.0182558510749574,-0.538019506333886,-0.0969788993021256));
#2001=CARTESIAN_POINT('',(0.0189479496052255,-0.537952114908741,-0.0966569134186581));
#2002=CARTESIAN_POINT('',(0.019291920264861,-0.537918919476382,-0.0964913531887379));
#2003=CARTESIAN_POINT('',(0.0196337242034742,-0.537886303633006,-0.0963213554223693));
#2004=CARTESIAN_POINT('',(-0.0156680301971474,-0.541102795523329,-0.0963176774285298));
#2005=CARTESIAN_POINT('',(-0.0153231934975938,-0.54109392607264,-0.0964812741451543));
#2006=CARTESIAN_POINT('',(-0.0149758697137481,-0.541084413542096,-0.0966408930888244));
#2007=CARTESIAN_POINT('',(-0.0142779678154876,-0.541063767866442,-0.0969512868372284));
#2008=CARTESIAN_POINT('',(-0.0139271280774574,-0.541052693479432,-0.0971021621478231));
#2009=CARTESIAN_POINT('',(-0.0128691713197585,-0.541017201668446,-0.0975414087540156));
#2010=CARTESIAN_POINT('',(-0.0121566160037628,-0.54099050835887,-0.0978164031371984));
#2011=CARTESIAN_POINT('',(-0.00999906787990286,-0.540901201000366,-0.0985845410424692));
#2012=CARTESIAN_POINT('',(-0.00853429278998666,-0.540829392234206,-0.0990207122406216));
#2013=CARTESIAN_POINT('',(-0.00556633089637214,-0.54066182775847,-0.0997255687343059));
#2014=CARTESIAN_POINT('',(-0.00406323437984997,-0.54056607482206,-0.099994154005137));
#2015=CARTESIAN_POINT('',(-0.00103751227315979,-0.540352920853645,-0.100352405874579));
#2016=CARTESIAN_POINT('',(0.000484954134138554,-0.540235568793534,-0.100441990092206));
#2017=CARTESIAN_POINT('',(0.00352785825007369,-0.539983883393645,-0.100437359290358));
#2018=CARTESIAN_POINT('',(0.00504814561456066,-0.539849551012062,-0.100343143615817));
#2019=CARTESIAN_POINT('',(0.00806496404086125,-0.539570703651478,-0.0999735745472));
#2020=CARTESIAN_POINT('',(0.00956140630255753,-0.539426225826789,-0.0996982663929348));
#2021=CARTESIAN_POINT('',(0.0125112730367353,-0.539135866668968,-0.0989759042778582));
#2022=CARTESIAN_POINT('',(0.0139645881292906,-0.53898998451504,-0.0985289566466891));
#2023=CARTESIAN_POINT('',(0.0161008326843769,-0.538777537171643,-0.0977403662088786));
#2024=CARTESIAN_POINT('',(0.0168056316973553,-0.53870778379968,-0.0974578228498636));
#2025=CARTESIAN_POINT('',(0.0178508631873675,-0.538605693023848,-0.0970060480889651));
#2026=CARTESIAN_POINT('',(0.0181972790140568,-0.538572087541298,-0.0968507961539875));
#2027=CARTESIAN_POINT('',(0.0188859468067626,-0.538505882440094,-0.0965312320471952));
#2028=CARTESIAN_POINT('',(0.0192277145682047,-0.538473382200756,-0.0963671455783316));
#2029=CARTESIAN_POINT('',(0.0195682832164003,-0.538441252122967,-0.0961982102262404));
#2030=CARTESIAN_POINT('',(-0.0155922670761446,-0.541613987639856,-0.096157075602092));
#2031=CARTESIAN_POINT('',(-0.0152486033772049,-0.541605218629461,-0.0963202226986898));
#2032=CARTESIAN_POINT('',(-0.0149027241211721,-0.541595778174606,-0.096479302799253));
#2033=CARTESIAN_POINT('',(-0.0142071180984938,-0.541575468714488,-0.0967888230413632));
#2034=CARTESIAN_POINT('',(-0.0138574302181417,-0.541564584858922,-0.0969392550903422));
#2035=CARTESIAN_POINT('',(-0.0128029868394437,-0.541529698489535,-0.0973771535441597));
#2036=CARTESIAN_POINT('',(-0.0120928165124368,-0.541503457578851,-0.0976512313830096));
#2037=CARTESIAN_POINT('',(-0.00994271935513484,-0.54141560544304,-0.0984167767594203));
#2038=CARTESIAN_POINT('',(-0.00848313719185926,-0.541344844546027,-0.0988514355959255));
#2039=CARTESIAN_POINT('',(-0.00552616407251115,-0.54117962427671,-0.0995540891934221));
#2040=CARTESIAN_POINT('',(-0.00402880625812454,-0.541085155641575,-0.0998219875528539));
#2041=CARTESIAN_POINT('',(-0.00101507344649475,-0.540874912915124,-0.100179878639187));
#2042=CARTESIAN_POINT('',(0.000501196969198538,-0.54075916101741,-0.100269805296523));
#2043=CARTESIAN_POINT('',(0.00353130668895937,-0.540510975110407,-0.100267028114661));
#2044=CARTESIAN_POINT('',(0.00504504206990036,-0.540378536579173,-0.100174329883192));
#2045=CARTESIAN_POINT('',(0.00804847398778335,-0.540103699271292,-0.0998090434619276));
#2046=CARTESIAN_POINT('',(0.00953811997269945,-0.539961332263644,-0.0995365014260615));
#2047=CARTESIAN_POINT('',(0.0124741674120881,-0.539675270362544,-0.0988209095266735));
#2048=CARTESIAN_POINT('',(0.0139205138727991,-0.539531576981912,-0.0983779654325634));
#2049=CARTESIAN_POINT('',(0.0160461414068943,-0.539322417990958,-0.0975960879641471));
#2050=CARTESIAN_POINT('',(0.0167473818779324,-0.53925376963001,-0.0973159156868093));
#2051=CARTESIAN_POINT('',(0.0177873350904835,-0.539153359688119,-0.0968677401821301));
#2052=CARTESIAN_POINT('',(0.0181319953643857,-0.539120319426632,-0.0967137002766409));
#2053=CARTESIAN_POINT('',(0.0188173923531759,-0.539055220282318,-0.096396476347385));
#2054=CARTESIAN_POINT('',(0.0191582443202945,-0.539023143082162,-0.0962332329649858));
#2055=CARTESIAN_POINT('',(0.0194976526311237,-0.53899150390144,-0.0960652993753272));
#2056=CARTESIAN_POINT('',(-0.0154324678483703,-0.542627331422799,-0.0958183349654311));
#2057=CARTESIAN_POINT('',(-0.0150913724468334,-0.542618766385989,-0.09598047079362));
#2058=CARTESIAN_POINT('',(-0.0147482125200311,-0.542609586989176,-0.0961384464634688));
#2059=CARTESIAN_POINT('',(-0.0140580202555718,-0.542589884809464,-0.0964457426521191));
#2060=CARTESIAN_POINT('',(-0.0137109825654429,-0.542579366944283,-0.0965950658190108));
#2061=CARTESIAN_POINT('',(-0.0126644862426031,-0.542545678847099,-0.0970296288446194));
#2062=CARTESIAN_POINT('',(-0.0119596324590594,-0.542520366649971,-0.0973014671569573));
#2063=CARTESIAN_POINT('',(-0.00982590434111977,-0.54243545338782,-0.0980605625671595));
#2064=CARTESIAN_POINT('',(-0.00837772001943251,-0.542366827050816,-0.098491341801258));
#2065=CARTESIAN_POINT('',(-0.00544467938620261,-0.542206303866552,-0.099188173222723));
#2066=CARTESIAN_POINT('',(-0.00395983586326278,-0.542114425588475,-0.0994541121654301));
#2067=CARTESIAN_POINT('',(-0.000972058469583399,-0.541910044951362,-0.0998105454476952));
#2068=CARTESIAN_POINT('',(0.000530787811313139,-0.54179754643446,-0.0999009813684473));
#2069=CARTESIAN_POINT('',(0.00353341261911066,-0.54155647912618,-0.0999020093165784));
#2070=CARTESIAN_POINT('',(0.00503309536555756,-0.54142790733139,-0.0998126096223223));
#2071=CARTESIAN_POINT('',(0.00800809193788327,-0.541161213883653,-0.0994567667270503));
#2072=CARTESIAN_POINT('',(0.00948334890343092,-0.541023115319524,-0.0991903805701904));
#2073=CARTESIAN_POINT('',(0.0123905136987686,-0.540745628607551,-0.098489664783882));
#2074=CARTESIAN_POINT('',(0.0138223268662855,-0.540606232933115,-0.0980554747785941));
#2075=CARTESIAN_POINT('',(0.0159264456048609,-0.54040339729372,-0.0972877477480602));
#2076=CARTESIAN_POINT('',(0.0166205408055034,-0.540336850183368,-0.0970124651777639));
#2077=CARTESIAN_POINT('',(0.0176503751188548,-0.540239551224205,-0.0965714594973788));
#2078=CARTESIAN_POINT('',(0.0179917731344237,-0.540207539438116,-0.0964197760791178));
#2079=CARTESIAN_POINT('',(0.018671242778259,-0.540144428855123,-0.0961070190604418));
#2080=CARTESIAN_POINT('',(0.0190092455580916,-0.540113341318373,-0.0959459761041977));
#2081=CARTESIAN_POINT('',(0.0193461064037472,-0.540082691566434,-0.0957801235134196));
#2082=CARTESIAN_POINT('',(-0.0153484317415988,-0.543129483089216,-0.0956401961552081));
#2083=CARTESIAN_POINT('',(-0.0150087702752672,-0.543121021680184,-0.0958017523407865));
#2084=CARTESIAN_POINT('',(-0.0146670833821821,-0.543111972436101,-0.0959591034220995));
#2085=CARTESIAN_POINT('',(-0.0139798194236088,-0.543092586858239,-0.096265123595421));
#2086=CARTESIAN_POINT('',(-0.0136342587719597,-0.543082248354364,-0.0964137895573788));
#2087=CARTESIAN_POINT('',(-0.0125921649564592,-0.543049163771886,-0.0968463743495837));
#2088=CARTESIAN_POINT('',(-0.0118902352713198,-0.54302432528359,-0.0971168789806885));
#2089=CARTESIAN_POINT('',(-0.00976544658561192,-0.542940905236327,-0.0978721103428678));
#2090=CARTESIAN_POINT('',(-0.00832344689310854,-0.542873357420372,-0.0983005236588927));
#2091=CARTESIAN_POINT('',(-0.00540336672777231,-0.542715190233422,-0.0989937312913139));
#2092=CARTESIAN_POINT('',(-0.00392528435905357,-0.542624612125407,-0.0992584012058773));
#2093=CARTESIAN_POINT('',(-0.000951489753551292,-0.542423186435881,-0.0996137336966104));
#2094=CARTESIAN_POINT('',(0.000544144587224448,-0.54231233816658,-0.0997043387171163));
#2095=CARTESIAN_POINT('',(0.00353206264328558,-0.54207489157079,-0.0997073168235307));
#2096=CARTESIAN_POINT('',(0.00502425811388351,-0.541948291817467,-0.0996196984436746));
#2097=CARTESIAN_POINT('',(0.00798419253523306,-0.541685733787471,-0.0992690174358594));
#2098=CARTESIAN_POINT('',(0.00945187259291908,-0.541549794099608,-0.0990060188212427));
#2099=CARTESIAN_POINT('',(0.0123439587370314,-0.541276584407259,-0.0983134130286726));
#2100=CARTESIAN_POINT('',(0.0137682317582767,-0.541139299396672,-0.0978839731106818));
#2101=CARTESIAN_POINT('',(0.0158614422730733,-0.540939494341577,-0.0971236879604058));
#2102=CARTESIAN_POINT('',(0.0165519762008172,-0.540873937693901,-0.0968509276748018));
#2103=CARTESIAN_POINT('',(0.0175768732754195,-0.540778086979357,-0.0964135377017986));
#2104=CARTESIAN_POINT('',(0.0179167066806926,-0.540746549338419,-0.0962630259698251));
#2105=CARTESIAN_POINT('',(0.0185931428326471,-0.540684396516308,-0.0959525672615924));
#2106=CARTESIAN_POINT('',(0.0189297530977511,-0.540653778747947,-0.0957926129269483));
#2107=CARTESIAN_POINT('',(0.0192651907616473,-0.540623627452954,-0.0956278585024252));
#2108=CARTESIAN_POINT('',(-0.0150839780973805,-0.544622440057342,-0.0950796102433895));
#2109=CARTESIAN_POINT('',(-0.0147490973309487,-0.544614294189868,-0.0952391918086019));
#2110=CARTESIAN_POINT('',(-0.0144121387456457,-0.544605648894903,-0.0953944756580225));
#2111=CARTESIAN_POINT('',(-0.0137343918941733,-0.544587231239372,-0.0956962250555533));
#2112=CARTESIAN_POINT('',(-0.0133935912639841,-0.544577454903286,-0.0958426928871547));
#2113=CARTESIAN_POINT('',(-0.0123658082256108,-0.544546176846575,-0.0962686340095575));
#2114=CARTESIAN_POINT('',(-0.0116734457021149,-0.54452271391274,-0.0965346429374812));
#2115=CARTESIAN_POINT('',(-0.00957777512944637,-0.544443632870053,-0.09727687268292));
#2116=CARTESIAN_POINT('',(-0.0081558125359516,-0.544379217466763,-0.0976973186053299));
#2117=CARTESIAN_POINT('',(-0.00527750261690548,-0.544228017886882,-0.098378171180877));
#2118=CARTESIAN_POINT('',(-0.00382111747678404,-0.54414133159616,-0.0986384236379785));
#2119=CARTESIAN_POINT('',(-0.000892023141340909,-0.543948803393309,-0.098989638361405));
#2120=CARTESIAN_POINT('',(0.000580626317161791,-0.54384295232313,-0.0990805436855745));
#2121=CARTESIAN_POINT('',(0.00352186354111508,-0.543616492797486,-0.099089385365286));
#2122=CARTESIAN_POINT('',(0.00499037457206923,-0.543495886514178,-0.0990073308420974));
#2123=CARTESIAN_POINT('',(0.00790289135852391,-0.543245873426302,-0.0986728903880034));
#2124=CARTESIAN_POINT('',(0.00934682413533596,-0.543116475456278,-0.0984205883353124));
#2125=CARTESIAN_POINT('',(0.0121920153192766,-0.542856140870112,-0.0977534295791863));
#2126=CARTESIAN_POINT('',(0.0135930384888694,-0.542725160079951,-0.0973388159949417));
#2127=CARTESIAN_POINT('',(0.0156530619897065,-0.542534231261126,-0.0966014919928245));
#2128=CARTESIAN_POINT('',(0.0163328627936853,-0.542471537843727,-0.0963364627727438));
#2129=CARTESIAN_POINT('',(0.0173426065769886,-0.542379900511177,-0.0959102351177457));
#2130=CARTESIAN_POINT('',(0.017677546798384,-0.542349755423143,-0.0957633717976584));
#2131=CARTESIAN_POINT('',(0.0183444732172885,-0.542290416215855,-0.0954600377400936));
#2132=CARTESIAN_POINT('',(0.0186764618939526,-0.5422612254469,-0.095303570565411));
#2133=CARTESIAN_POINT('',(0.0190071574594862,-0.542232577571121,-0.0951422979535517));
#2134=CARTESIAN_POINT('',(-0.01489121523603,-0.545599747327928,-0.0946709936606446));
#2135=CARTESIAN_POINT('',(-0.0145599990455474,-0.545591817667728,-0.094829019571251));
#2136=CARTESIAN_POINT('',(-0.0142267114007814,-0.545583512036708,-0.0949826404530922));
#2137=CARTESIAN_POINT('',(-0.0135562886595008,-0.545565791945316,-0.0952809568319856));
#2138=CARTESIAN_POINT('',(-0.0132191577301314,-0.545556384935809,-0.0954256558254039));
#2139=CARTESIAN_POINT('',(-0.0122024070196287,-0.545526310429125,-0.0958462095747729));
#2140=CARTESIAN_POINT('',(-0.011517442428383,-0.545503740855841,-0.0961085466145427));
#2141=CARTESIAN_POINT('',(-0.00944423140025364,-0.545427388235149,-0.0968402149341423));
#2142=CARTESIAN_POINT('',(-0.00803762021029805,-0.545364888503162,-0.0972542189650426));
#2143=CARTESIAN_POINT('',(-0.00519101779363107,-0.545218170002573,-0.0979248995205692));
#2144=CARTESIAN_POINT('',(-0.00375097970927294,-0.545134058298171,-0.0981814124011364));
#2145=CARTESIAN_POINT('',(-0.000855347798996576,-0.544947497349796,-0.0985288146391951));
#2146=CARTESIAN_POINT('',(0.000600192303013571,-0.544845037625813,-0.0986196482800105));
#2147=CARTESIAN_POINT('',(0.00350691146166856,-0.544626065294364,-0.0986324076929081));
#2148=CARTESIAN_POINT('',(0.00495801670814623,-0.544509556289127,-0.0985543443010626));
#2149=CARTESIAN_POINT('',(0.00783597159952864,-0.544268092068112,-0.0982316981044349));
#2150=CARTESIAN_POINT('',(0.00926273786324611,-0.544143143953694,-0.0979872096851979));
#2151=CARTESIAN_POINT('',(0.0120744928789925,-0.54389145529511,-0.097338450136742));
#2152=CARTESIAN_POINT('',(0.0134592393559128,-0.543764632549612,-0.0969344504095326));
#2153=CARTESIAN_POINT('',(0.0154964618023253,-0.54357932906521,-0.096213335689508));
#2154=CARTESIAN_POINT('',(0.0161689598062468,-0.543518409807192,-0.0959537351056684));
#2155=CARTESIAN_POINT('',(0.0171680322510499,-0.543429413528242,-0.0955354341151522));
#2156=CARTESIAN_POINT('',(0.0174994573235322,-0.543400147522571,-0.0953911768067845));
#2157=CARTESIAN_POINT('',(0.0181592905723472,-0.543342626627232,-0.0950929734227998));
#2158=CARTESIAN_POINT('',(0.0184876986691823,-0.543314368891152,-0.0949390176279756));
#2159=CARTESIAN_POINT('',(0.0188147534235636,-0.543286734261373,-0.0947802368997822));
#2160=CARTESIAN_POINT('',(-0.0144731108082487,-0.547518701220987,-0.0937847005162411));
#2161=CARTESIAN_POINT('',(-0.0141500923295101,-0.54751121345721,-0.0939391772696467));
#2162=CARTESIAN_POINT('',(-0.0138250255059745,-0.547503381081062,-0.094089022890325));
#2163=CARTESIAN_POINT('',(-0.0131710716414748,-0.547486825956799,-0.094379564590691));
#2164=CARTESIAN_POINT('',(-0.0128421857673534,-0.547478087199849,-0.0945202642902014));
#2165=CARTESIAN_POINT('',(-0.0118502995087508,-0.547449948687725,-0.0949288833176598));
#2166=CARTESIAN_POINT('',(-0.011182079267281,-0.547428595362918,-0.0951833473489296));
#2167=CARTESIAN_POINT('',(-0.00915962757126629,-0.547356125112706,-0.0958924477118281));
#2168=CARTESIAN_POINT('',(-0.00778751768788831,-0.547296747869517,-0.0962927005904999));
#2169=CARTESIAN_POINT('',(-0.0050114341600726,-0.547158274297757,-0.0969413565101299));
#2170=CARTESIAN_POINT('',(-0.003607440063372,-0.547079199663074,-0.097189640556588));
#2171=CARTESIAN_POINT('',(-0.000785103134641532,-0.546904506002867,-0.0975282537508499));
#2172=CARTESIAN_POINT('',(0.000633197275175129,-0.54680887286991,-0.0976185346427964));
#2173=CARTESIAN_POINT('',(0.00346514574655579,-0.546605028300574,-0.0976386433289827));
#2174=CARTESIAN_POINT('',(0.00487872844276027,-0.546496823772145,-0.0975684832989155));
#2175=CARTESIAN_POINT('',(0.00768247586053756,-0.546272815068196,-0.0972694265590363));
#2176=CARTESIAN_POINT('',(0.00907255020710541,-0.546157022679203,-0.0970406247638306));
#2177=CARTESIAN_POINT('',(0.0118130169699437,-0.545923447586851,-0.0964288128275851));
#2178=CARTESIAN_POINT('',(0.0131632440868159,-0.545805544505087,-0.096046061642646));
#2179=CARTESIAN_POINT('',(0.0151512301255047,-0.545632345429628,-0.0953582529226469));
#2180=CARTESIAN_POINT('',(0.0158077388072199,-0.545575240026611,-0.0951099863300735));
#2181=CARTESIAN_POINT('',(0.0167830663613181,-0.545491828798271,-0.094708573805073));
#2182=CARTESIAN_POINT('',(0.0171066079587006,-0.545464407227415,-0.0945699280364482));
#2183=CARTESIAN_POINT('',(0.0177505870556074,-0.545410649014517,-0.0942827998250099));
#2184=CARTESIAN_POINT('',(0.0180710257901503,-0.545384315427562,-0.0941343213970376));
#2185=CARTESIAN_POINT('',(0.0183899347994131,-0.545358714446343,-0.0939808239457693));
#2186=CARTESIAN_POINT('',(-0.0142476913614568,-0.548460276041006,-0.0933068588646539));
#2187=CARTESIAN_POINT('',(-0.0139292427488041,-0.54845301434203,-0.0934593255687996));
#2188=CARTESIAN_POINT('',(-0.0136086335392334,-0.548445822150141,-0.0936068361658074));
#2189=CARTESIAN_POINT('',(-0.0129637273754775,-0.548430108283541,-0.0938928647362371));
#2190=CARTESIAN_POINT('',(-0.0126394365967431,-0.548421582159604,-0.0940313932076328));
#2191=CARTESIAN_POINT('',(-0.0116614545158025,-0.548393894168806,-0.0944336495136765));
#2192=CARTESIAN_POINT('',(-0.0110026448416947,-0.548372651185123,-0.0946840418734127));
#2193=CARTESIAN_POINT('',(-0.00900856455795711,-0.548301083566714,-0.0953813022489128));
#2194=CARTESIAN_POINT('',(-0.00765559192054787,-0.548242934536642,-0.0957742330474588));
#2195=CARTESIAN_POINT('',(-0.00491832084246631,-0.548108211957866,-0.0964110325771296));
#2196=CARTESIAN_POINT('',(-0.00353402492414045,-0.54803160284429,-0.0966548173999297));
#2197=CARTESIAN_POINT('',(-0.000751526608538233,-0.547862810168747,-0.0969884437014421));
#2198=CARTESIAN_POINT('',(0.000646638015766724,-0.547770613515536,-0.0970782406592176));
#2199=CARTESIAN_POINT('',(0.0034383227548661,-0.547574415147271,-0.0971017814184546));
#2200=CARTESIAN_POINT('',(0.00483178229785114,-0.547470421851546,-0.0970355370982767));
#2201=CARTESIAN_POINT('',(0.00759586561319042,-0.547255334954489,-0.0967482889609835));
#2202=CARTESIAN_POINT('',(0.0089664013635354,-0.547144260034069,-0.0965273712716304));
#2203=CARTESIAN_POINT('',(0.0116689613030806,-0.546920199995785,-0.0959341287428822));
#2204=CARTESIAN_POINT('',(0.0130008683891423,-0.546807125065949,-0.0955620224350495));
#2205=CARTESIAN_POINT('',(0.0149624000094993,-0.546640453974517,-0.0948912922089051));
#2206=CARTESIAN_POINT('',(0.0156102597210048,-0.546585371695208,-0.0946489269066251));
#2207=CARTESIAN_POINT('',(0.0165726125833217,-0.546504800269158,-0.0942564471994861));
#2208=CARTESIAN_POINT('',(0.0168918251328419,-0.546478299807673,-0.0941207869873566));
#2209=CARTESIAN_POINT('',(0.017527036935174,-0.546426419432569,-0.0938395446899205));
#2210=CARTESIAN_POINT('',(0.0178430339951829,-0.546401040497365,-0.0936939584764643));
#2211=CARTESIAN_POINT('',(0.0181574110390303,-0.546376459870881,-0.0935432666081233));
#2212=CARTESIAN_POINT('',(-0.0139450911175824,-0.549614465606863,-0.0926654102125458));
#2213=CARTESIAN_POINT('',(-0.0136328928985152,-0.549607490764959,-0.0928150918328734));
#2214=CARTESIAN_POINT('',(-0.0133186919834333,-0.549599985029965,-0.0929600826093277));
#2215=CARTESIAN_POINT('',(-0.0126866988223961,-0.549583498025799,-0.093241189371067));
#2216=CARTESIAN_POINT('',(-0.0123688643005508,-0.549574657770594,-0.0933772155691012));
#2217=CARTESIAN_POINT('',(-0.0114102391527976,-0.549546310317134,-0.0937718827913002));
#2218=CARTESIAN_POINT('',(-0.0107643165270796,-0.549525008294317,-0.0940171055546725));
#2219=CARTESIAN_POINT('',(-0.00880896362485537,-0.549454137601501,-0.0946992292788648));
#2220=CARTESIAN_POINT('',(-0.00748191803932745,-0.549397586570222,-0.0950826098245138));
#2221=CARTESIAN_POINT('',(-0.00479706016246901,-0.549267548288451,-0.0957039643648393));
#2222=CARTESIAN_POINT('',(-0.0034392475956269,-0.549194053343173,-0.0959418391043499));
#2223=CARTESIAN_POINT('',(-0.000710113591627835,-0.549032674437929,-0.096268723006202));
#2224=CARTESIAN_POINT('',(0.000661179038480429,-0.548944790792749,-0.0963576832252666));
#2225=CARTESIAN_POINT('',(0.00339925729458381,-0.548758188893974,-0.0963850515908736));
#2226=CARTESIAN_POINT('',(0.00476599071388903,-0.548659480236914,-0.0963234710571412));
#2227=CARTESIAN_POINT('',(0.00747739745288031,-0.548455677496607,-0.0960504910898347));
#2228=CARTESIAN_POINT('',(0.00882199323670266,-0.548350603634274,-0.0958391688658164));
#2229=CARTESIAN_POINT('',(0.0114739233833476,-0.548139020926,-0.0952685682859254));
#2230=CARTESIAN_POINT('',(0.012781171923254,-0.548032489144129,-0.0949094466946826));
#2231=CARTESIAN_POINT('',(0.0147064470835949,-0.547875517559307,-0.0942594820298867));
#2232=CARTESIAN_POINT('',(0.0153423375383124,-0.54782363558652,-0.0940242653938431));
#2233=CARTESIAN_POINT('',(0.0162867518276931,-0.547747430033923,-0.093642832886127));
#2234=CARTESIAN_POINT('',(0.0165999875480046,-0.547722303392658,-0.0935109134011814));
#2235=CARTESIAN_POINT('',(0.0172231681350913,-0.547673014596869,-0.093237199572885));
#2236=CARTESIAN_POINT('',(0.0175331120948278,-0.547648855191168,-0.0930954032772925));
#2237=CARTESIAN_POINT('',(0.0178412937724539,-0.547625546011223,-0.0929484051224868));
#2238=CARTESIAN_POINT('',(-0.0138835087065872,-0.549844223210782,-0.0925348684984327));
#2239=CARTESIAN_POINT('',(-0.013572587469286,-0.549837305954096,-0.0926839794758845));
#2240=CARTESIAN_POINT('',(-0.0132597869231982,-0.549829413174683,-0.0928286492643428));
#2241=CARTESIAN_POINT('',(-0.0126304223076461,-0.549812812469716,-0.0931087361220895));
#2242=CARTESIAN_POINT('',(-0.0123139155444182,-0.549803877646973,-0.0932442739120631));
#2243=CARTESIAN_POINT('',(-0.0113592462575877,-0.549775391222928,-0.0936374102602487));
#2244=CARTESIAN_POINT('',(-0.0107159560983606,-0.549754070946646,-0.0938815920832373));
#2245=CARTESIAN_POINT('',(-0.0087685065079774,-0.549683337635961,-0.0945606583381294));
#2246=CARTESIAN_POINT('',(-0.0074467468813618,-0.549627107934984,-0.0949421087000571));
#2247=CARTESIAN_POINT('',(-0.0047725658149997,-0.549498009755571,-0.0955603394920969));
#2248=CARTESIAN_POINT('',(-0.00342014311037293,-0.54942513904937,-0.0957970174335258));
#2249=CARTESIAN_POINT('',(-0.000701860674504549,-0.549265245371626,-0.0961225265182783));
#2250=CARTESIAN_POINT('',(0.000663972096044544,-0.549178225143202,-0.0962113077368114));
#2251=CARTESIAN_POINT('',(0.0033911644326293,-0.548993544423396,-0.0962394191030113));
#2252=CARTESIAN_POINT('',(0.00475247357726846,-0.548895893562838,-0.0961787603707343));
#2253=CARTESIAN_POINT('',(0.00745318953433037,-0.5486943532933,-0.0959086114485654));
#2254=CARTESIAN_POINT('',(0.00879252123407112,-0.548590483978783,-0.0956991967035886));
#2255=CARTESIAN_POINT('',(0.0114341640259463,-0.548381422193992,-0.0951330992490025));
#2256=CARTESIAN_POINT('',(0.0127363946976899,-0.54827622003214,-0.0947765610755181));
#2257=CARTESIAN_POINT('',(0.0146542619110873,-0.548121260730776,-0.0941307211519609));
#2258=CARTESIAN_POINT('',(0.0152877006430304,-0.548070052762231,-0.0938969217765003));
#2259=CARTESIAN_POINT('',(0.0162284389420366,-0.547994769659952,-0.0935176874562317));
#2260=CARTESIAN_POINT('',(0.016540450197166,-0.547969932659148,-0.0933865142864364));
#2261=CARTESIAN_POINT('',(0.0171611701135128,-0.547921177234784,-0.0931143137884057));
#2262=CARTESIAN_POINT('',(0.0174698778264313,-0.547897261563509,-0.0929732837597928));
#2263=CARTESIAN_POINT('',(0.0177767951291521,-0.547874206587241,-0.09282703320506));
#2264=CARTESIAN_POINT('',(-0.0137587311976018,-0.550299700270025,-0.0922703665141405));
#2265=CARTESIAN_POINT('',(-0.0134504164623857,-0.55029289855839,-0.0924183094990185));
#2266=CARTESIAN_POINT('',(-0.0131402640664589,-0.550285016150742,-0.0925618809827293));
#2267=CARTESIAN_POINT('',(-0.0125162683977551,-0.550268183666743,-0.0928399053325059));
#2268=CARTESIAN_POINT('',(-0.0122024386899453,-0.550259182650356,-0.0929743860834773));
#2269=CARTESIAN_POINT('',(-0.0112558158432948,-0.550230514143421,-0.0933643745336452));
#2270=CARTESIAN_POINT('',(-0.0106178840088098,-0.550209196242292,-0.093606433283331));
#2271=CARTESIAN_POINT('',(-0.00868652880474045,-0.550138804685693,-0.0942792916462786));
#2272=CARTESIAN_POINT('',(-0.0073755334120003,-0.550083234011624,-0.0946568399749095));
#2273=CARTESIAN_POINT('',(-0.00472307931627876,-0.549956040671123,-0.0952687530682466));
#2274=CARTESIAN_POINT('',(-0.00338161749904815,-0.54988442444506,-0.0955030099355655));
#2275=CARTESIAN_POINT('',(-0.000685386930913528,-0.549727508962512,-0.0958257192233384));
#2276=CARTESIAN_POINT('',(0.00066935855639514,-0.549642217151944,-0.0959141195705746));
#2277=CARTESIAN_POINT('',(0.00337445476745066,-0.549461380462913,-0.0959436700692301));
#2278=CARTESIAN_POINT('',(0.00472475884716921,-0.54936584512985,-0.0958848309336896));
#2279=CARTESIAN_POINT('',(0.00740378281126797,-0.549168834599009,-0.0956202939942405));
#2280=CARTESIAN_POINT('',(0.0087324332327844,-0.549067377873296,-0.0954146688498556));
#2281=CARTESIAN_POINT('',(0.0113531734940085,-0.54886339283732,-0.0948575243643262));
#2282=CARTESIAN_POINT('',(0.0126451941513207,-0.548760875245797,-0.0945061287915417));
#2283=CARTESIAN_POINT('',(0.0145479250793407,-0.54861007358044,-0.0938684710348493));
#2284=CARTESIAN_POINT('',(0.015176341756851,-0.54856028047983,-0.0936374744284363));
#2285=CARTESIAN_POINT('',(0.0161095343882225,-0.548486986477336,-0.0932625760747692));
#2286=CARTESIAN_POINT('',(0.0164190299919282,-0.548462782937489,-0.0931328745283463));
#2287=CARTESIAN_POINT('',(0.0170347067857826,-0.548415168318732,-0.0928636830994445));
#2288=CARTESIAN_POINT('',(0.0173408910659779,-0.548391746695306,-0.0927241981897463));
#2289=CARTESIAN_POINT('',(0.0176452310748184,-0.548369199570778,-0.0925794592915408));
#2290=CARTESIAN_POINT('',(-0.0136954797625297,-0.550525639014823,-0.092136286821238));
#2291=CARTESIAN_POINT('',(-0.0133884945476327,-0.550518895263022,-0.0922836324564179));
#2292=CARTESIAN_POINT('',(-0.0130796749041029,-0.550511085833974,-0.0924266065920928));
#2293=CARTESIAN_POINT('',(-0.0124583810390647,-0.550494278747412,-0.0927035067736303));
#2294=CARTESIAN_POINT('',(-0.0121459145049956,-0.550485253573648,-0.0928374481461234));
#2295=CARTESIAN_POINT('',(-0.0112033767751339,-0.550456562076375,-0.0932258080575943));
#2296=CARTESIAN_POINT('',(-0.0105681731736765,-0.550435255857353,-0.0934667896900939));
#2297=CARTESIAN_POINT('',(-0.00864500784044696,-0.550365073111935,-0.0941364950774425));
#2298=CARTESIAN_POINT('',(-0.00733949130767788,-0.550309837940458,-0.0945120727899804));
#2299=CARTESIAN_POINT('',(-0.00469808707390555,-0.550183610455204,-0.0951207912893979));
#2300=CARTESIAN_POINT('',(-0.00336219642447561,-0.550112623932047,-0.0953538241787653));
#2301=CARTESIAN_POINT('',(-0.000677166082846246,-0.549957201704195,-0.0956751083217698));
#2302=CARTESIAN_POINT('',(0.00067195193977898,-0.549872774751819,-0.0957633068760456));
#2303=CARTESIAN_POINT('',(0.00336583796003013,-0.549693860984571,-0.0957935534728745));
#2304=CARTESIAN_POINT('',(0.00471056123248205,-0.549599383347804,-0.0957356121531726));
#2305=CARTESIAN_POINT('',(0.00737858398893128,-0.549404640077463,-0.0954738561677518));
#2306=CARTESIAN_POINT('',(0.0087018172028852,-0.549304391384999,-0.0952701131515465));
#2307=CARTESIAN_POINT('',(0.0113119423019824,-0.549102962104111,-0.0947174185495595));
#2308=CARTESIAN_POINT('',(0.0125987708195738,-0.549001799411476,-0.0943685821709479));
#2309=CARTESIAN_POINT('',(0.0144937733614778,-0.548853143159825,-0.0937349817308952));
#2310=CARTESIAN_POINT('',(0.0151196195408954,-0.548804091354023,-0.0935053702610606));
#2311=CARTESIAN_POINT('',(0.0160489416875254,-0.548731866494698,-0.0931326082974432));
#2312=CARTESIAN_POINT('',(0.0163571442223132,-0.548708012831087,-0.0930036282631199));
#2313=CARTESIAN_POINT('',(0.0169702413524396,-0.548660997618918,-0.0927359380849009));
#2314=CARTESIAN_POINT('',(0.017275138577953,-0.54863782545842,-0.0925972321447872));
#2315=CARTESIAN_POINT('',(0.0175781656678186,-0.548615531981954,-0.0924532573030359));
#2316=CARTESIAN_POINT('',(-0.013503159950553,-0.551198102908806,-0.0917286094096583));
#2317=CARTESIAN_POINT('',(-0.0132002402031258,-0.551191533518941,-0.0918741237536136));
#2318=CARTESIAN_POINT('',(-0.0128954923744095,-0.551183944920966,-0.0920152679899239));
#2319=CARTESIAN_POINT('',(-0.0122824117078245,-0.55116737430972,-0.0922886476418527));
#2320=CARTESIAN_POINT('',(-0.0119740778202227,-0.551158400497159,-0.0924208793053782));
#2321=CARTESIAN_POINT('',(-0.0110439626479846,-0.551129864329657,-0.0928041683187465));
#2322=CARTESIAN_POINT('',(-0.0104170683691478,-0.551108687332146,-0.0930418360121459));
#2323=CARTESIAN_POINT('',(-0.00851886566118216,-0.551039317469838,-0.0937018955489756));
#2324=CARTESIAN_POINT('',(-0.00723006195747654,-0.550985128597803,-0.0940714965923658));
#2325=CARTESIAN_POINT('',(-0.00462234578989644,-0.550861861026304,-0.0946705216638018));
#2326=CARTESIAN_POINT('',(-0.00330343320322922,-0.550792775925844,-0.094899844198155));
#2327=CARTESIAN_POINT('',(-0.000652514797074946,-0.550641849217648,-0.0952167802862055));
#2328=CARTESIAN_POINT('',(0.000679473821246241,-0.550560018601609,-0.0953043399146494));
#2329=CARTESIAN_POINT('',(0.00333924897555297,-0.550386872778715,-0.0953366029270726));
#2330=CARTESIAN_POINT('',(0.00466699676976148,-0.550295565036727,-0.095281316949089));
#2331=CARTESIAN_POINT('',(0.00730155084188001,-0.550107619318988,-0.0950278249183265));
#2332=CARTESIAN_POINT('',(0.00860830154161226,-0.55001099106992,-0.0948296892288135));
#2333=CARTESIAN_POINT('',(0.0111860874239021,-0.549817246902606,-0.0942902692422634));
#2334=CARTESIAN_POINT('',(0.0124570789457294,-0.549720156550722,-0.093949083755912));
#2335=CARTESIAN_POINT('',(0.0143284262861654,-0.549578063619944,-0.0933275723478806));
#2336=CARTESIAN_POINT('',(0.0149463934424132,-0.549531287608905,-0.0931020860941152));
#2337=CARTESIAN_POINT('',(0.0158638026323597,-0.549462499023784,-0.0927356121447468));
#2338=CARTESIAN_POINT('',(0.0161680184193577,-0.549439792909601,-0.0926087466113221));
#2339=CARTESIAN_POINT('',(0.0167731171285431,-0.549394926910189,-0.0923453793805886));
#2340=CARTESIAN_POINT('',(0.0170740708143467,-0.549372543806909,-0.0922090098765416));
#2341=CARTESIAN_POINT('',(0.0173730894200637,-0.54935100986468,-0.0920673500011997));
#2342=CARTESIAN_POINT('',(-0.0133715271101984,-0.551639277894204,-0.0914495755697065));
#2343=CARTESIAN_POINT('',(-0.0130714202164344,-0.551632825388878,-0.0915938167300049));
#2344=CARTESIAN_POINT('',(-0.0127694770068689,-0.551625418908131,-0.0917336731748425));
#2345=CARTESIAN_POINT('',(-0.0121620222548909,-0.551609193884489,-0.0920045218190355));
#2346=CARTESIAN_POINT('',(-0.0118565113287591,-0.55160037725666,-0.0921355133620816));
#2347=CARTESIAN_POINT('',(-0.0109348980167932,-0.551572248402407,-0.0925151701611078));
#2348=CARTESIAN_POINT('',(-0.0103137084190252,-0.551551287835964,-0.0927505154423009));
#2349=CARTESIAN_POINT('',(-0.00843266566577066,-0.551482726266261,-0.0934038854717494));
#2350=CARTESIAN_POINT('',(-0.007155372527882,-0.551429289214071,-0.0937694154070536));
#2351=CARTESIAN_POINT('',(-0.00457083141520835,-0.551308081799683,-0.094361830269437));
#2352=CARTESIAN_POINT('',(-0.00326359044673075,-0.551240280967952,-0.0945886281373346));
#2353=CARTESIAN_POINT('',(-0.000636094361164485,-0.551092373141689,-0.0949025680994353));
#2354=CARTESIAN_POINT('',(0.000684145251831155,-0.551012275835748,-0.0949896572390401));
#2355=CARTESIAN_POINT('',(0.00332053970749758,-0.550842974381207,-0.0950231681619144));
#2356=CARTESIAN_POINT('',(0.00463665980070354,-0.550753775658293,-0.0949696017220424));
#2357=CARTESIAN_POINT('',(0.00724828115581493,-0.550570355897756,-0.0947215132439649));
#2358=CARTESIAN_POINT('',(0.00854373570021404,-0.550476136312293,-0.0945270637339197));
#2359=CARTESIAN_POINT('',(0.0110993023892879,-0.550287539157923,-0.0939963927215068));
#2360=CARTESIAN_POINT('',(0.0123593886596849,-0.550193174026994,-0.093660271664002));
#2361=CARTESIAN_POINT('',(0.0142143352739243,-0.550055627676491,-0.0930467048307949));
#2362=CARTESIAN_POINT('',(0.01482682720968,-0.550010434126944,-0.092823927927338));
#2363=CARTESIAN_POINT('',(0.0157358905243048,-0.54994423418916,-0.0924614820870897));
#2364=CARTESIAN_POINT('',(0.0160372977462274,-0.549922441898299,-0.0923359449813846));
#2365=CARTESIAN_POINT('',(0.0166366965783874,-0.549879541715779,-0.0920751773409042));
#2366=CARTESIAN_POINT('',(0.0169346472048784,-0.549858583829939,-0.0919398686863666));
#2367=CARTESIAN_POINT('',(0.0172309005181969,-0.549837554363932,-0.0917997825180262));
#2368=CARTESIAN_POINT('',(-0.0126965004564871,-0.553809973189484,-0.0900186615307216));
#2369=CARTESIAN_POINT('',(-0.0124109451902281,-0.553804107263255,-0.0901562860665733));
#2370=CARTESIAN_POINT('',(-0.0121234903490232,-0.553797549674321,-0.0902895066813869));
#2371=CARTESIAN_POINT('',(-0.0115450475190173,-0.553783110559422,-0.090547241892863));
#2372=CARTESIAN_POINT('',(-0.0112540575439221,-0.553775231231408,-0.0906717558719748));
#2373=CARTESIAN_POINT('',(-0.010376120833633,-0.553749832082015,-0.0910323507173273));
#2374=CARTESIAN_POINT('',(-0.00978419804395062,-0.553730580166976,-0.0912554781155395));
#2375=CARTESIAN_POINT('',(-0.00799132959074687,-0.553667415107444,-0.0918740109705953));
#2376=CARTESIAN_POINT('',(-0.00677326612121646,-0.553618196643958,-0.0922186762537107));
#2377=CARTESIAN_POINT('',(-0.00430796024450399,-0.553507868217754,-0.0927772915368665));
#2378=CARTESIAN_POINT('',(-0.0030607526223162,-0.553446609546449,-0.0929912312670606));
#2379=CARTESIAN_POINT('',(-0.000553645791145941,-0.553313922247256,-0.0932897440383536));
#2380=CARTESIAN_POINT('',(0.000706249847531158,-0.553242493159443,-0.0933742656104439));
#2381=CARTESIAN_POINT('',(0.00322260098112323,-0.553092354120923,-0.0934135368472019));
#2382=CARTESIAN_POINT('',(0.00447904257107908,-0.553013640733095,-0.0933682969026688));
#2383=CARTESIAN_POINT('',(0.00697291029562359,-0.552852650002368,-0.09314670311752));
#2384=CARTESIAN_POINT('',(0.00821032944077793,-0.552770346902538,-0.092970422562256));
#2385=CARTESIAN_POINT('',(0.0106515779845166,-0.552607004940565,-0.0924832072354273));
#2386=CARTESIAN_POINT('',(0.0118554344130202,-0.552525978792041,-0.0921723571887718));
#2387=CARTESIAN_POINT('',(0.0136257683025336,-0.552410185557607,-0.0915988584164401));
#2388=CARTESIAN_POINT('',(0.0142099540101309,-0.552372635994929,-0.0913897324748892));
#2389=CARTESIAN_POINT('',(0.0150762077040343,-0.552317771706406,-0.0910482265840271));
#2390=CARTESIAN_POINT('',(0.015363290404424,-0.552299712101988,-0.0909297582255392));
#2391=CARTESIAN_POINT('',(0.0159340598643088,-0.552263528470871,-0.0906836509442563));
#2392=CARTESIAN_POINT('',(0.0162177798195553,-0.552245279586243,-0.090556074878417));
#2393=CARTESIAN_POINT('',(0.0164997830077799,-0.552226755414619,-0.0904239840583857));
#2394=CARTESIAN_POINT('',(-0.0121028268076951,-0.555434596174853,-0.0887601986923118));
#2395=CARTESIAN_POINT('',(-0.0118303038779068,-0.555429206025368,-0.0888918088820392));
#2396=CARTESIAN_POINT('',(-0.011555866326135,-0.55542332335815,-0.0890189792510763));
#2397=CARTESIAN_POINT('',(-0.0110033998886057,-0.555410604645742,-0.0892646270824342));
#2398=CARTESIAN_POINT('',(-0.0107253723545732,-0.555403767362869,-0.089383106323844));
#2399=CARTESIAN_POINT('',(-0.0098863021180502,-0.555381838036268,-0.0897258189004419));
#2400=CARTESIAN_POINT('',(-0.00932027345729064,-0.555365321581936,-0.0899373391260431));
#2401=CARTESIAN_POINT('',(-0.00760542601255659,-0.555310370099149,-0.0905231934263051));
#2402=CARTESIAN_POINT('',(-0.00643989110121324,-0.555266523209963,-0.0908490358822481));
#2403=CARTESIAN_POINT('',(-0.00408052194186666,-0.555167127299557,-0.0913778364581562));
#2404=CARTESIAN_POINT('',(-0.00288666715137636,-0.555111596564804,-0.0915806816826606));
#2405=CARTESIAN_POINT('',(-0.000486313414973267,-0.554991604567589,-0.0918653485205969));
#2406=CARTESIAN_POINT('',(0.00072018597106943,-0.554927133450675,-0.0919471274961649));
#2407=CARTESIAN_POINT('',(0.00313044336697984,-0.554792123562639,-0.0919894620433837));
#2408=CARTESIAN_POINT('',(0.00433419690957476,-0.554721578223302,-0.0919500296899062));
#2409=CARTESIAN_POINT('',(0.00672396043900306,-0.554577667526116,-0.0917480723937867));
#2410=CARTESIAN_POINT('',(0.00790997647611332,-0.554504303217346,-0.0915856049898106));
#2411=CARTESIAN_POINT('',(0.0102496857776261,-0.554358518619342,-0.0911329549520129));
#2412=CARTESIAN_POINT('',(0.0114033645265228,-0.554286240277046,-0.0908427682686204));
#2413=CARTESIAN_POINT('',(0.0130988158244833,-0.554181085720644,-0.0903048363097703));
#2414=CARTESIAN_POINT('',(0.0136581289945131,-0.554146540400718,-0.0901083858165219));
#2415=CARTESIAN_POINT('',(0.0144871282222447,-0.554095280644354,-0.0897870695557732));
#2416=CARTESIAN_POINT('',(0.0147618024022939,-0.554078279549143,-0.0896755268895284));
#2417=CARTESIAN_POINT('',(0.0153076140179759,-0.554044500214229,-0.0894433658488118));
#2418=CARTESIAN_POINT('',(0.0155787378635096,-0.554027774992978,-0.0893227198724295));
#2419=CARTESIAN_POINT('',(0.0158479760374909,-0.554011193835243,-0.0891974301694011));
#2420=CARTESIAN_POINT('',(-0.0111325655086857,-0.557705148878108,-0.0867034495156638));
#2421=CARTESIAN_POINT('',(-0.0108813012008975,-0.55770046629685,-0.0868251387902133));
#2422=CARTESIAN_POINT('',(-0.0106280733765102,-0.557695512997509,-0.0869423927852094));
#2423=CARTESIAN_POINT('',(-0.0101180281599537,-0.557684904080593,-0.0871684967502045));
#2424=CARTESIAN_POINT('',(-0.00986121063727283,-0.557679249285041,-0.0872773460916098));
#2425=CARTESIAN_POINT('',(-0.00908585271699152,-0.557661096136369,-0.0875918623799103));
#2426=CARTESIAN_POINT('',(-0.00856242105124419,-0.557647385592908,-0.0877855383467211));
#2427=CARTESIAN_POINT('',(-0.00697598661681763,-0.557601257802177,-0.0883217506010447));
#2428=CARTESIAN_POINT('',(-0.00589688478433638,-0.557563862198398,-0.0886196348085943));
#2429=CARTESIAN_POINT('',(-0.00371131461270365,-0.557478944997075,-0.0891036845144894));
#2430=CARTESIAN_POINT('',(-0.00260480544570202,-0.557431486587942,-0.0892897074290026));
#2431=CARTESIAN_POINT('',(-0.00037913626227437,-0.557329511420167,-0.0895526945001412));
#2432=CARTESIAN_POINT('',(0.000740026391091223,-0.55727498081354,-0.0896296385469376));
#2433=CARTESIAN_POINT('',(0.00297654613689212,-0.557161411584258,-0.0896746740798527));
#2434=CARTESIAN_POINT('',(0.00409390706471578,-0.55710237155949,-0.0896427727830391));
#2435=CARTESIAN_POINT('',(0.00631258452571477,-0.556982244800194,-0.0894678678909961));
#2436=CARTESIAN_POINT('',(0.00741391608123819,-0.55692117075723,-0.08932489659519));
#2437=CARTESIAN_POINT('',(0.0095862652831956,-0.556799172909478,-0.0889226049757285));
#2438=CARTESIAN_POINT('',(0.0106573463306868,-0.556738202049023,-0.0886634002949281));
#2439=CARTESIAN_POINT('',(0.0122298310183273,-0.556648189753867,-0.0881798745406526));
#2440=CARTESIAN_POINT('',(0.0127482909030203,-0.556618424348039,-0.0880028625042989));
#2441=CARTESIAN_POINT('',(0.0135157454995362,-0.556574608872182,-0.0877119503796691));
#2442=CARTESIAN_POINT('',(0.013769855118293,-0.556560148269088,-0.0876107399981338));
#2443=CARTESIAN_POINT('',(0.0142743650677271,-0.556531617891639,-0.0873995101914582));
#2444=CARTESIAN_POINT('',(0.0145247703807228,-0.556517524964163,-0.0872895023386363));
#2445=CARTESIAN_POINT('',(0.0147731806143973,-0.556503697922924,-0.0871749072966041));
#2446=CARTESIAN_POINT('',(-0.0107957931421745,-0.558434144037623,-0.0859895631757192));
#2447=CARTESIAN_POINT('',(-0.0105519134363456,-0.558429696739077,-0.0861077897429815));
#2448=CARTESIAN_POINT('',(-0.0103060307680945,-0.558425065884622,-0.0862215649636669));
#2449=CARTESIAN_POINT('',(-0.00981065680515084,-0.558415194198781,-0.0864408000499394));
#2450=CARTESIAN_POINT('',(-0.00956117084985886,-0.558409944937071,-0.0865462716347066));
#2451=CARTESIAN_POINT('',(-0.00880789373571861,-0.558392976908583,-0.0868510401418996));
#2452=CARTESIAN_POINT('',(-0.00829930395808804,-0.558380005498039,-0.087038748811035));
#2453=CARTESIAN_POINT('',(-0.00675766543023401,-0.558336187917189,-0.0875585401291281));
#2454=CARTESIAN_POINT('',(-0.00570870891542826,-0.558300585126932,-0.0878472927484797));
#2455=CARTESIAN_POINT('',(-0.0035836049079579,-0.558220100515497,-0.0883165289119035));
#2456=CARTESIAN_POINT('',(-0.00250743892642222,-0.558175227983002,-0.0884969297940752));
#2457=CARTESIAN_POINT('',(-0.00034243321609129,-0.558079068388942,-0.0887525557471044));
#2458=CARTESIAN_POINT('',(0.000746410615057966,-0.558027765785147,-0.088827768589826));
#2459=CARTESIAN_POINT('',(0.00292258672749654,-0.55792114108085,-0.0888733861479778));
#2460=CARTESIAN_POINT('',(0.00400992609730691,-0.557865819838878,-0.0888437935136653));
#2461=CARTESIAN_POINT('',(0.00616908169748036,-0.557753374027893,-0.0886774642553569));
#2462=CARTESIAN_POINT('',(0.0072409137542103,-0.557696264209019,-0.0885407480110313));
#2463=CARTESIAN_POINT('',(0.00935489630382448,-0.557582016267122,-0.0881547996518981));
#2464=CARTESIAN_POINT('',(0.0103971225752367,-0.557524805983509,-0.0879057029817404));
#2465=CARTESIAN_POINT('',(0.0119267362619933,-0.557439973066613,-0.0874402361138304));
#2466=CARTESIAN_POINT('',(0.0124309704206772,-0.557411860517987,-0.0872697292044381));
#2467=CARTESIAN_POINT('',(0.0131770712141696,-0.557370448993865,-0.086989145834884));
#2468=CARTESIAN_POINT('',(0.0134240588251666,-0.557356776392519,-0.0868914717960147));
#2469=CARTESIAN_POINT('',(0.0139142692777516,-0.557329850739704,-0.0866874322272763));
#2470=CARTESIAN_POINT('',(0.0141574879490349,-0.557316613401918,-0.0865810573524204));
#2471=CARTESIAN_POINT('',(0.0143986492562764,-0.557303678393034,-0.0864701236493132));
#2472=CARTESIAN_POINT('',(-0.0103577463883187,-0.559309751788043,-0.0850609965089398));
#2473=CARTESIAN_POINT('',(-0.0101234197597024,-0.559305595229321,-0.085174723179257));
#2474=CARTESIAN_POINT('',(-0.00988707446819868,-0.559301282924731,-0.0852840637486827));
#2475=CARTESIAN_POINT('',(-0.00941092129159372,-0.559291869214967,-0.0854949424226299));
#2476=CARTESIAN_POINT('',(-0.00917110792290919,-0.559286778855424,-0.0855964682039984));
#2477=CARTESIAN_POINT('',(-0.0084469447396424,-0.559270290874114,-0.0858899008845315));
#2478=CARTESIAN_POINT('',(-0.0079578642236508,-0.559257698550533,-0.0860706555885554));
#2479=CARTESIAN_POINT('',(-0.00647479453510813,-0.559215679242167,-0.0865708547493898));
#2480=CARTESIAN_POINT('',(-0.00546499623591885,-0.559182057343139,-0.086848324589247));
#2481=CARTESIAN_POINT('',(-0.00341839285031626,-0.559106680371266,-0.0872991401610315));
#2482=CARTESIAN_POINT('',(-0.00238157841770755,-0.559064917964857,-0.0874724390178015));
#2483=CARTESIAN_POINT('',(-0.000295267668453101,-0.55897577220015,-0.0877186373312691));
#2484=CARTESIAN_POINT('',(0.000754236823994146,-0.558928378486424,-0.0877915273525156));
#2485=CARTESIAN_POINT('',(0.0028520582943479,-0.558830153645798,-0.0878374793254655));
#2486=CARTESIAN_POINT('',(0.00390038697345679,-0.558779325217955,-0.0878105423133561));
#2487=CARTESIAN_POINT('',(0.0059820975266386,-0.558676229456506,-0.0876543638170827));
#2488=CARTESIAN_POINT('',(0.00701549673129648,-0.558623978519374,-0.0875251325585178));
#2489=CARTESIAN_POINT('',(0.00905325070917803,-0.558519574789322,-0.0871586733862935));
#2490=CARTESIAN_POINT('',(0.0100576649763837,-0.558467387423463,-0.0869215297328425));
#2491=CARTESIAN_POINT('',(0.0115310119093251,-0.558389834073369,-0.0864774727585973));
#2492=CARTESIAN_POINT('',(0.0120165798356948,-0.558364084375535,-0.0863147094843078));
#2493=CARTESIAN_POINT('',(0.0127347924215939,-0.558326006194842,-0.0860467266245366));
#2494=CARTESIAN_POINT('',(0.0129725022501521,-0.558313409873608,-0.0859534160968925));
#2495=CARTESIAN_POINT('',(0.0134441374519878,-0.558288606214893,-0.0857583580143698));
#2496=CARTESIAN_POINT('',(0.0136780625328873,-0.558276396044404,-0.0856566105309133));
#2497=CARTESIAN_POINT('',(0.013909862338143,-0.558264536214657,-0.0855503367758231));
#2498=CARTESIAN_POINT('',(-0.010269281685537,-0.55948308884268,-0.0848734700098467));
#2499=CARTESIAN_POINT('',(-0.0100368817886013,-0.559478990263745,-0.0849862881251331));
#2500=CARTESIAN_POINT('',(-0.00980245805034552,-0.559474744012784,-0.0850947307846815));
#2501=CARTESIAN_POINT('',(-0.0093301999697722,-0.559465386925935,-0.0853039652811959));
#2502=CARTESIAN_POINT('',(-0.00909235505569527,-0.559460296287639,-0.0854047343492262));
#2503=CARTESIAN_POINT('',(-0.00837409422877102,-0.559443850107006,-0.0856959511173668));
#2504=CARTESIAN_POINT('',(-0.007888959934658,-0.559431313182154,-0.0858753337980377));
#2505=CARTESIAN_POINT('',(-0.00641772760057673,-0.559389610729201,-0.0863716492982177));
#2506=CARTESIAN_POINT('',(-0.00541583250984652,-0.559356375121729,-0.0866468651623396));
#2507=CARTESIAN_POINT('',(-0.00338507339023818,-0.559282001994187,-0.087093997108566));
#2508=CARTESIAN_POINT('',(-0.0023561997281326,-0.559240856186462,-0.0872658709782441));
#2509=CARTESIAN_POINT('',(-0.000285770677427021,-0.559153101330189,-0.0875101716003367));
#2510=CARTESIAN_POINT('',(0.000755794255153585,-0.559106483168811,-0.0875825888575281));
#2511=CARTESIAN_POINT('',(0.00283779903934786,-0.559009924215236,-0.0876285882055707));
#2512=CARTESIAN_POINT('',(0.00387825169518333,-0.558959986372207,-0.0876021707641475));
#2513=CARTESIAN_POINT('',(0.00594432198546416,-0.5588587469421,-0.0874479950251295));
#2514=CARTESIAN_POINT('',(0.00696995716784466,-0.558807461907185,-0.0873202448338823));
#2515=CARTESIAN_POINT('',(0.00899230383414049,-0.558705030810211,-0.0869576396038797));
#2516=CARTESIAN_POINT('',(0.00998906980960123,-0.558653859331425,-0.0867228564492766));
#2517=CARTESIAN_POINT('',(0.0114510283850648,-0.558577802888945,-0.0862830202859548));
#2518=CARTESIAN_POINT('',(0.0119328157335829,-0.558552544983944,-0.0861217820085706));
#2519=CARTESIAN_POINT('',(0.0126453875685804,-0.558515154450252,-0.0858562966368794));
#2520=CARTESIAN_POINT('',(0.0128812220477751,-0.558502778812771,-0.0857638539892446));
#2521=CARTESIAN_POINT('',(0.0133491087838875,-0.558478398603176,-0.0855705936354735));
#2522=CARTESIAN_POINT('',(0.013581159661654,-0.558466395511524,-0.0854697734961602));
#2523=CARTESIAN_POINT('',(0.0138110721493154,-0.558454748724539,-0.0853644358943914));
#2524=CARTESIAN_POINT('',(-0.0100906264944026,-0.559826162496871,-0.0844947587104836));
#2525=CARTESIAN_POINT('',(-0.00986211102659171,-0.55982217947498,-0.0846057431433401));
#2526=CARTESIAN_POINT('',(-0.0096316116874864,-0.559817973460092,-0.0847124825563526));
#2527=CARTESIAN_POINT('',(-0.00916732772949763,-0.559808516563334,-0.0849186639227708));
#2528=CARTESIAN_POINT('',(-0.00893346229278349,-0.559803411256041,-0.085017934136844));
#2529=CARTESIAN_POINT('',(-0.00822715659312127,-0.559786960835631,-0.0853048145592888));
#2530=CARTESIAN_POINT('',(-0.00774998490583587,-0.559774529474269,-0.0854814556612823));
#2531=CARTESIAN_POINT('',(-0.00630264431174291,-0.55973342647565,-0.0859700257139417));
#2532=CARTESIAN_POINT('',(-0.00531668857571118,-0.559700958830434,-0.0862407211065702));
#2533=CARTESIAN_POINT('',(-0.0033178918487891,-0.559628573984658,-0.0866804675375965));
#2534=CARTESIAN_POINT('',(-0.00230503657937565,-0.559588653833853,-0.0868494770852128));
#2535=CARTESIAN_POINT('',(-0.000266649601224573,-0.559503659883875,-0.0870899523977261));
#2536=CARTESIAN_POINT('',(0.000758895057619822,-0.559458580618239,-0.0871614068856755));
#2537=CARTESIAN_POINT('',(0.00280897943037291,-0.559365324372817,-0.0872074621296284));
#2538=CARTESIAN_POINT('',(0.00383353437299348,-0.559317150883198,-0.0871820622048519));
#2539=CARTESIAN_POINT('',(0.00586802669643077,-0.559219593523904,-0.0870318414120851));
#2540=CARTESIAN_POINT('',(0.00687798260888299,-0.559170225822411,-0.0869070254051558));
#2541=CARTESIAN_POINT('',(0.00886919842164865,-0.559071739491323,-0.0865520471479755));
#2542=CARTESIAN_POINT('',(0.00985050357212744,-0.559022612544365,-0.0863219323292439));
#2543=CARTESIAN_POINT('',(0.0112894080306739,-0.558949638433624,-0.085890393598903));
#2544=CARTESIAN_POINT('',(0.0117635342241503,-0.558925410006499,-0.0857321408184831));
#2545=CARTESIAN_POINT('',(0.0124646795278548,-0.558889465277255,-0.0854715621573073));
#2546=CARTESIAN_POINT('',(0.0126967176620432,-0.558877551670906,-0.0853808300113966));
#2547=CARTESIAN_POINT('',(0.0131570292346073,-0.558854046058244,-0.0851911386428653));
#2548=CARTESIAN_POINT('',(0.0133853022204547,-0.558842453837267,-0.0850921785601026));
#2549=CARTESIAN_POINT('',(0.0136114121011737,-0.558831228965845,-0.084988720660149));
#2550=CARTESIAN_POINT('',(-0.0100003387219591,-0.559996074581752,-0.0843033676884732));
#2551=CARTESIAN_POINT('',(-0.00977378095159231,-0.55999214913712,-0.0844134269939307));
#2552=CARTESIAN_POINT('',(-0.00954541845728262,-0.559987670608458,-0.0845196451913291));
#2553=CARTESIAN_POINT('',(-0.00908516535183237,-0.559978149157471,-0.0847243153405229));
#2554=CARTESIAN_POINT('',(-0.0088533288664536,-0.559972996028357,-0.0848228814965638));
#2555=CARTESIAN_POINT('',(-0.00815306778521855,-0.559956515480938,-0.0851076240223839));
#2556=CARTESIAN_POINT('',(-0.0076799154256987,-0.559944128575765,-0.0852829020210044));
#2557=CARTESIAN_POINT('',(-0.00624462753795565,-0.559903311571437,-0.0857676065996875));
#2558=CARTESIAN_POINT('',(-0.00526670865832245,-0.559871224139479,-0.0860360371329647));
#2559=CARTESIAN_POINT('',(-0.00328402967531851,-0.559799824549878,-0.0864720807750885));
#2560=CARTESIAN_POINT('',(-0.00227925218952224,-0.559760513102382,-0.0866396513784508));
#2561=CARTESIAN_POINT('',(-0.000257025496884679,-0.559676889356506,-0.0868781988516466));
#2562=CARTESIAN_POINT('',(0.000760438408066532,-0.559632573339151,-0.0869491634298251));
#2563=CARTESIAN_POINT('',(0.0027944190811057,-0.5595409539661,-0.0869952271487367));
#2564=CARTESIAN_POINT('',(0.00381095231738477,-0.559493654218051,-0.0869703251905381));
#2565=CARTESIAN_POINT('',(0.00582950696206598,-0.559397922595591,-0.0868220565911597));
#2566=CARTESIAN_POINT('',(0.00683154760403289,-0.559349506303681,-0.0866986937256936));
#2567=CARTESIAN_POINT('',(0.00880703990910667,-0.559252992089959,-0.0863474884615407));
#2568=CARTESIAN_POINT('',(0.0097805324800747,-0.559204893714839,-0.0861196815857855));
#2569=CARTESIAN_POINT('',(0.0112077709378419,-0.559133505440709,-0.0856922187601922));
#2570=CARTESIAN_POINT('',(0.011678016085172,-0.559109815225037,-0.0855354258849154));
#2571=CARTESIAN_POINT('',(0.0123733746663274,-0.559074630482572,-0.0852772544091943));
#2572=CARTESIAN_POINT('',(0.0126034916023007,-0.559062958998765,-0.0851873646429086));
#2573=CARTESIAN_POINT('',(0.0130599776259172,-0.559039901377716,-0.0849994469081692));
#2574=CARTESIAN_POINT('',(0.0132863476539322,-0.559028512702423,-0.0849014206652782));
#2575=CARTESIAN_POINT('',(0.0135105422453034,-0.559017496703802,-0.0847989063138185));
#2576=CARTESIAN_POINT('',(-0.00981872234124077,-0.560330982724664,-0.0839183792921623));
#2577=CARTESIAN_POINT('',(-0.0095961096648126,-0.560327171965848,-0.0840265723493689));
#2578=CARTESIAN_POINT('',(-0.00937178814351968,-0.560322663156495,-0.0841311793509573));
#2579=CARTESIAN_POINT('',(-0.00891965056097191,-0.560313040523656,-0.0843327943749357));
#2580=CARTESIAN_POINT('',(-0.00869186378238319,-0.560307871930979,-0.0844298636230343));
#2581=CARTESIAN_POINT('',(-0.00800375707383067,-0.560291397411337,-0.0847102556538732));
#2582=CARTESIAN_POINT('',(-0.00753869476402066,-0.560279125035435,-0.0848827760596345));
#2583=CARTESIAN_POINT('',(-0.00612768236654961,-0.560238923172513,-0.0853596847683787));
#2584=CARTESIAN_POINT('',(-0.00516596206375244,-0.560207600496895,-0.0856235607997239));
#2585=CARTESIAN_POINT('',(-0.00321577530473525,-0.560138172649235,-0.0860521536396899));
#2586=CARTESIAN_POINT('',(-0.0022272861590091,-0.560100073507794,-0.0862168274723761));
#2587=CARTESIAN_POINT('',(-0.000237651394285236,-0.56001917314382,-0.0864514823659043));
#2588=CARTESIAN_POINT('',(0.000763512307378418,-0.559976371443572,-0.0865214490684077));
#2589=CARTESIAN_POINT('',(0.00276500356505483,-0.559887995743405,-0.0865674913935221));
#2590=CARTESIAN_POINT('',(0.00376535012945897,-0.559842425452785,-0.0865435653851504));
#2591=CARTESIAN_POINT('',(0.00575173862260072,-0.559750309574086,-0.0863991571428563));
#2592=CARTESIAN_POINT('',(0.00673780186396792,-0.559703777451457,-0.0862786781132933));
#2593=CARTESIAN_POINT('',(0.00868154369745246,-0.559611190479095,-0.0859349546328993));
#2594=CARTESIAN_POINT('',(0.00963925764975348,-0.559565146079593,-0.0857117274304834));
#2595=CARTESIAN_POINT('',(0.0110428977974609,-0.559496994947836,-0.085292282374414));
#2596=CARTESIAN_POINT('',(0.0115052845988741,-0.559474416690595,-0.0851383480007142));
#2597=CARTESIAN_POINT('',(0.0121889017205412,-0.559440854709344,-0.0848848498396765));
#2598=CARTESIAN_POINT('',(0.0124151132013083,-0.559429715578197,-0.0847965838073828));
#2599=CARTESIAN_POINT('',(0.0128638426106286,-0.559407623371732,-0.0846121285861916));
#2600=CARTESIAN_POINT('',(0.0130863678286623,-0.559396657893147,-0.0845159530812935));
#2601=CARTESIAN_POINT('',(0.013306705932225,-0.559386055286337,-0.0844153322897301));
#2602=CARTESIAN_POINT('',(-0.00972735325139824,-0.56049606458954,-0.083724696105482));
#2603=CARTESIAN_POINT('',(-0.00950672797146459,-0.560492310939283,-0.0838319480418368));
#2604=CARTESIAN_POINT('',(-0.00928439016464778,-0.560487885818694,-0.0839356336419101));
#2605=CARTESIAN_POINT('',(-0.00883629148390785,-0.560478313008468,-0.0841356077499622));
#2606=CARTESIAN_POINT('',(-0.00861053919921639,-0.560473150069167,-0.0842319132852591));
#2607=CARTESIAN_POINT('',(-0.00792853391995455,-0.560456727173047,-0.084510075117871));
#2608=CARTESIAN_POINT('',(-0.00746754500409421,-0.560444519763774,-0.0846812067103044));
#2609=CARTESIAN_POINT('',(-0.00606875352330189,-0.560404650480979,-0.0851541811447204));
#2610=CARTESIAN_POINT('',(-0.00511519570438737,-0.560373710948805,-0.0854157690996641));
#2611=CARTESIAN_POINT('',(-0.00318138300422384,-0.560305270360962,-0.0858406130471038));
#2612=CARTESIAN_POINT('',(-0.00220110459825545,-0.560267774494297,-0.086003829421844));
#2613=CARTESIAN_POINT('',(-0.000227901370373451,-0.560188227499955,-0.0862365193525341));
#2614=CARTESIAN_POINT('',(0.000765042833362077,-0.560146176780733,-0.0863059781918975));
#2615=CARTESIAN_POINT('',(0.00275014840377668,-0.560059407930481,-0.0863519905870848));
#2616=CARTESIAN_POINT('',(0.00374232999705581,-0.560014693318121,-0.0863285426093946));
#2617=CARTESIAN_POINT('',(0.005712490022826,-0.559924367455346,-0.0861860425135226));
#2618=CARTESIAN_POINT('',(0.00669049117283363,-0.55987876801618,-0.0860669942653802));
#2619=CARTESIAN_POINT('',(0.00861820601474423,-0.559788136174105,-0.0857269795422608));
#2620=CARTESIAN_POINT('',(0.0095679541277329,-0.559743116867049,-0.0855060244129202));
#2621=CARTESIAN_POINT('',(0.0109596617141517,-0.559676617228599,-0.0850905207882168));
#2622=CARTESIAN_POINT('',(0.011418071967697,-0.559654611286157,-0.0849379863728497));
#2623=CARTESIAN_POINT('',(0.012095731239305,-0.55962191705972,-0.084686748501566));
#2624=CARTESIAN_POINT('',(0.0123199573522151,-0.55961106953938,-0.084599261709137));
#2625=CARTESIAN_POINT('',(0.0127647438999367,-0.559589515396575,-0.0844164731895763));
#2626=CARTESIAN_POINT('',(0.0129853425740838,-0.559578744226623,-0.0843212433999782));
#2627=CARTESIAN_POINT('',(0.0132037394791858,-0.559568346138823,-0.0842215726198173));
#2628=CARTESIAN_POINT('',(-0.00954350331828784,-0.56082152639164,-0.0833349730494994));
#2629=CARTESIAN_POINT('',(-0.00932688126368068,-0.560817886423629,-0.0834403273296132));
#2630=CARTESIAN_POINT('',(-0.00910854717216728,-0.560813608125657,-0.0835421777026607));
#2631=CARTESIAN_POINT('',(-0.00866852354158655,-0.560804243293516,-0.0837387280808477));
#2632=CARTESIAN_POINT('',(-0.00844683550428417,-0.560799155866007,-0.0838334294149953));
#2633=CARTESIAN_POINT('',(-0.00777705101685469,-0.560782969425284,-0.0841069677275128));
#2634=CARTESIAN_POINT('',(-0.00732424264929942,-0.56077094317744,-0.0842752573113498));
#2635=CARTESIAN_POINT('',(-0.00595002278646366,-0.5607318388753,-0.0847402232279225));
#2636=CARTESIAN_POINT('',(-0.00501290599350172,-0.560701679462969,-0.0849971956221633));
#2637=CARTESIAN_POINT('',(-0.00311208155945671,-0.560635232438011,-0.0854144701410836));
#2638=CARTESIAN_POINT('',(-0.00214835311613261,-0.560598940679751,-0.0855747477261142));
#2639=CARTESIAN_POINT('',(-0.000208276861163615,-0.560522086981035,-0.0858034639375566));
#2640=CARTESIAN_POINT('',(0.000768092254860112,-0.560481526037954,-0.0858718881966617));
#2641=CARTESIAN_POINT('',(0.00272014984430968,-0.560397939524377,-0.0859178032663945));
#2642=CARTESIAN_POINT('',(0.00369586094802877,-0.560354916804137,-0.0858952931906551));
#2643=CARTESIAN_POINT('',(0.0056332810232265,-0.560268128695106,-0.0857565736522131));
#2644=CARTESIAN_POINT('',(0.00659501621936686,-0.560224371038521,-0.085640370890192));
#2645=CARTESIAN_POINT('',(0.00849039159627474,-0.560137608553931,-0.0853077361769346));
#2646=CARTESIAN_POINT('',(0.0094240678423913,-0.560094617812463,-0.0850913102407651));
#2647=CARTESIAN_POINT('',(0.0107916806913876,-0.560031425420592,-0.0846836147961558));
#2648=CARTESIAN_POINT('',(0.0112420613386138,-0.560010565825753,-0.0845338520835199));
#2649=CARTESIAN_POINT('',(0.0119076643026583,-0.559979653286581,-0.08428703647787));
#2650=CARTESIAN_POINT('',(0.0121278689826718,-0.559969411975005,-0.0842010669317045));
#2651=CARTESIAN_POINT('',(0.0125646100104592,-0.559949078954182,-0.0840214165106582));
#2652=CARTESIAN_POINT('',(0.0127811993889355,-0.559938906750855,-0.083927835688205));
#2653=CARTESIAN_POINT('',(0.0129956900506446,-0.559928913163454,-0.0838300704614942));
#2654=CARTESIAN_POINT('',(-0.00945102247312151,-0.560981906320834,-0.0831389331761727));
#2655=CARTESIAN_POINT('',(-0.00923641624734632,-0.560978322926511,-0.0832433309208973));
#2656=CARTESIAN_POINT('',(-0.0090200911226285,-0.560974128532091,-0.0833442441423973));
#2657=CARTESIAN_POINT('',(-0.00858411082490535,-0.560964909318152,-0.0835390266584476));
#2658=CARTESIAN_POINT('',(-0.00836445538330145,-0.56095988607123,-0.0836328934827404));
#2659=CARTESIAN_POINT('',(-0.00770079175225987,-0.560943881092332,-0.0839040421567277));
#2660=CARTESIAN_POINT('',(-0.00725209049414441,-0.560931971367478,-0.0840708779608932));
#2661=CARTESIAN_POINT('',(-0.00589022086408212,-0.560893299774563,-0.0845317692095839));
#2662=CARTESIAN_POINT('',(-0.00496138279833946,-0.560863537395035,-0.084786414008598));
#2663=CARTESIAN_POINT('',(-0.00307717237705756,-0.560798096749469,-0.0851998678657668));
#2664=CARTESIAN_POINT('',(-0.00212178325873617,-0.560762405832132,-0.0853586641323163));
#2665=CARTESIAN_POINT('',(-0.000198402351777484,-0.560686892088259,-0.0855853715079114));
#2666=CARTESIAN_POINT('',(0.000769611125548842,-0.560647069941033,-0.0856532690956292));
#2667=CARTESIAN_POINT('',(0.00270500645451016,-0.560565058910117,-0.0856991167223599));
#2668=CARTESIAN_POINT('',(0.00367241203656045,-0.560522872412053,-0.0856770665571888));
#2669=CARTESIAN_POINT('',(0.00559332062927208,-0.560437831980534,-0.0855402194585618));
#2670=CARTESIAN_POINT('',(0.00654685201683272,-0.560394983468057,-0.0854254313660813));
#2671=CARTESIAN_POINT('',(0.00842591493984469,-0.560310134904355,-0.0850964682706149));
#2672=CARTESIAN_POINT('',(0.00935148528007067,-0.560268147899339,-0.0848822990783226));
#2673=CARTESIAN_POINT('',(0.0107069363959863,-0.56020660984937,-0.0844784720167338));
#2674=CARTESIAN_POINT('',(0.0111532637450855,-0.560186325063273,-0.0843300797429164));
#2675=CARTESIAN_POINT('',(0.0118127739814681,-0.560156315923482,-0.0840854375038775));
#2676=CARTESIAN_POINT('',(0.0120309439643266,-0.560146385794026,-0.0840002082002442));
#2677=CARTESIAN_POINT('',(0.0124636018826458,-0.560126704766578,-0.0838220659578437));
#2678=CARTESIAN_POINT('',(0.0126780440725556,-0.56011703478534,-0.0837290673060741));
#2679=CARTESIAN_POINT('',(0.0128905696893324,-0.560107241179328,-0.0836322576214109));
#2680=CARTESIAN_POINT('',(-0.00861373074120527,-0.562404330957559,-0.081364051418041));
#2681=CARTESIAN_POINT('',(-0.00841738922022809,-0.56240125402173,-0.0814597735839634));
#2682=CARTESIAN_POINT('',(-0.0082192824224749,-0.562397757590433,-0.0815522795167957));
#2683=CARTESIAN_POINT('',(-0.00781985269817007,-0.562389950813941,-0.0817309427051623));
#2684=CARTESIAN_POINT('',(-0.00761852800511238,-0.562385641787282,-0.0818171011629043));
#2685=CARTESIAN_POINT('',(-0.00701007275471333,-0.562371701970826,-0.0820661345849959));
#2686=CARTESIAN_POINT('',(-0.00659844658437982,-0.56236109420685,-0.0822195330064108));
#2687=CARTESIAN_POINT('',(-0.00534824684384719,-0.562326803448053,-0.0826429931769548));
#2688=CARTESIAN_POINT('',(-0.00449438401244697,-0.562300725826696,-0.0828764302718892));
#2689=CARTESIAN_POINT('',(-0.00276072535848432,-0.562244477144504,-0.0832550851579565));
#2690=CARTESIAN_POINT('',(-0.00188094338639116,-0.562214195743372,-0.0834004159555368));
#2691=CARTESIAN_POINT('',(-0.000108979400178226,-0.562150691777484,-0.0836088238588215));
#2692=CARTESIAN_POINT('',(0.000783235113801892,-0.562117463886565,-0.0836718904116286));
#2693=CARTESIAN_POINT('',(0.00256744955513166,-0.562049483435179,-0.0837169715811364));
#2694=CARTESIAN_POINT('',(0.00345948574338102,-0.562014729220519,-0.0836989835123047));
#2695=CARTESIAN_POINT('',(0.00523055741935237,-0.561945193993851,-0.0835788731643574));
#2696=CARTESIAN_POINT('',(0.00610963614720996,-0.561910401959441,-0.083476768526257));
#2697=CARTESIAN_POINT('',(0.00784070773466043,-0.56184246558501,-0.0831808366144672));
#2698=CARTESIAN_POINT('',(0.00869273997919885,-0.561809341679667,-0.0829870026064687));
#2699=CARTESIAN_POINT('',(0.00993797867869165,-0.561762320177626,-0.0826181097819578));
#2700=CARTESIAN_POINT('',(0.0103475363196036,-0.561747136904331,-0.0824820320416362));
#2701=CARTESIAN_POINT('',(0.01095201028959,-0.561724764314365,-0.0822572749767946));
#2702=CARTESIAN_POINT('',(0.0111518593524634,-0.561717364622832,-0.0821789223015279));
#2703=CARTESIAN_POINT('',(0.0115481597414066,-0.561702318861705,-0.0820155215795722));
#2704=CARTESIAN_POINT('',(0.011744656372738,-0.561694591651216,-0.081930556930822));
#2705=CARTESIAN_POINT('',(0.0119393985578848,-0.561686576631168,-0.0818423678173028));
#2706=CARTESIAN_POINT('',(-0.00783438482339657,-0.563520317003344,-0.079712002556138));
#2707=CARTESIAN_POINT('',(-0.00765485852573252,-0.563517669352735,-0.0797996743872081));
#2708=CARTESIAN_POINT('',(-0.00747360666483969,-0.563514753123179,-0.0798842162760488));
#2709=CARTESIAN_POINT('',(-0.00710790724717137,-0.563508430986049,-0.0800471881508981));
#2710=CARTESIAN_POINT('',(-0.00692346105851864,-0.563505024565367,-0.0801256194519021));
#2711=CARTESIAN_POINT('',(-0.00636573658279639,-0.563494105299293,-0.0803520235499621));
#2712=CARTESIAN_POINT('',(-0.00598808321426643,-0.563485882251625,-0.0804911179480383));
#2713=CARTESIAN_POINT('',(-0.00484062949546159,-0.563458784734709,-0.0808750327660252));
#2714=CARTESIAN_POINT('',(-0.00405638273587987,-0.563437546443342,-0.0810865624445562));
#2715=CARTESIAN_POINT('',(-0.00246348926865332,-0.563391092684914,-0.0814301084700392));
#2716=CARTESIAN_POINT('',(-0.00165482781614281,-0.563365853195154,-0.0815621757633628));
#2717=CARTESIAN_POINT('',(-2.56787326195807E-5,-0.563312921934999,-0.0817523200943085));
#2718=CARTESIAN_POINT('',(0.000794840676444015,-0.563285220924831,-0.0818103917405688));
#2719=CARTESIAN_POINT('',(0.00243591820359994,-0.563228680761761,-0.0818536387422938));
#2720=CARTESIAN_POINT('',(0.00325651143935513,-0.563199839261504,-0.0818388165195859));
#2721=CARTESIAN_POINT('',(0.00488567213791826,-0.563142247127739,-0.0817331783835699));
#2722=CARTESIAN_POINT('',(0.00569427373648153,-0.563113505517697,-0.0816423658916378));
#2723=CARTESIAN_POINT('',(0.0072860207667538,-0.563057224229933,-0.0813772808410712));
#2724=CARTESIAN_POINT('',(0.00806914277997621,-0.563029779691921,-0.0812028844430365));
#2725=CARTESIAN_POINT('',(0.00921316800455093,-0.562989560721059,-0.0808704234639348));
#2726=CARTESIAN_POINT('',(0.00958939888785982,-0.562976274788752,-0.0807477927671998));
#2727=CARTESIAN_POINT('',(0.0101445946596265,-0.562956265695488,-0.0805452266929391));
#2728=CARTESIAN_POINT('',(0.0103281358674981,-0.562949579876903,-0.0804746047576222));
#2729=CARTESIAN_POINT('',(0.010691866244172,-0.562936219042688,-0.0803269306719594));
#2730=CARTESIAN_POINT('',(0.01087203605401,-0.562929577917886,-0.0802498426777338));
#2731=CARTESIAN_POINT('',(0.0110503648268112,-0.562922977317992,-0.0801694066033359));
#2732=CARTESIAN_POINT('',(-0.00661378877977168,-0.564976161275418,-0.0771245965549831));
#2733=CARTESIAN_POINT('',(-0.00646013696998884,-0.564974109383522,-0.077199801313241));
#2734=CARTESIAN_POINT('',(-0.00630485226202295,-0.564971928703224,-0.0772720518959799));
#2735=CARTESIAN_POINT('',(-0.00599132123162291,-0.564967275162989,-0.0774109858143379));
#2736=CARTESIAN_POINT('',(-0.00583307368524538,-0.564964803043181,-0.0774776671081525));
#2737=CARTESIAN_POINT('',(-0.00535430031114076,-0.564956935377629,-0.0776697937007116));
#2738=CARTESIAN_POINT('',(-0.00502975157464167,-0.564951086968337,-0.0777873351308814));
#2739=CARTESIAN_POINT('',(-0.00404301473398689,-0.564931796430463,-0.0781112503233831));
#2740=CARTESIAN_POINT('',(-0.00336784998842756,-0.564916582239105,-0.0782891253857758));
#2741=CARTESIAN_POINT('',(-0.00199599031095752,-0.56488278977247,-0.0785786932925126));
#2742=CARTESIAN_POINT('',(-0.00129922983110886,-0.564864251126976,-0.0786902998079606));
#2743=CARTESIAN_POINT('',(0.000104938736213842,-0.56482530485074,-0.0788519587912618));
#2744=CARTESIAN_POINT('',(0.000812380221092435,-0.564804897055405,-0.0789019975766985));
#2745=CARTESIAN_POINT('',(0.00222763583580615,-0.564763289850053,-0.0789414409158756));
#2746=CARTESIAN_POINT('',(0.00293547959743433,-0.564742090038663,-0.0789308483049643));
#2747=CARTESIAN_POINT('',(0.00434096668898747,-0.564699672008715,-0.0788462810445452));
#2748=CARTESIAN_POINT('',(0.00503864570653609,-0.564678455912163,-0.0787723211214219));
#2749=CARTESIAN_POINT('',(0.00641197370172572,-0.564636442568062,-0.0785543960515473));
#2750=CARTESIAN_POINT('',(0.00708768158103988,-0.564615613852007,-0.0784104855674766));
#2751=CARTESIAN_POINT('',(0.00807394295017288,-0.564584852157887,-0.078133661800188));
#2752=CARTESIAN_POINT('',(0.00839812340963446,-0.564574681390962,-0.0780311825086346));
#2753=CARTESIAN_POINT('',(0.00887586243462113,-0.564559706128223,-0.0778606034324854));
#2754=CARTESIAN_POINT('',(0.00903368401713638,-0.564554763626048,-0.077800928675855));
#2755=CARTESIAN_POINT('',(0.00934618397345622,-0.56454499647186,-0.0776756737464046));
#2756=CARTESIAN_POINT('',(0.00950087042279286,-0.564540157870898,-0.0776101084577675));
#2757=CARTESIAN_POINT('',(0.00965383095302016,-0.564535393317534,-0.0775414444426406));
#2758=CARTESIAN_POINT('',(-0.00619828755158993,-0.565424919057161,-0.0762438216443157));
#2759=CARTESIAN_POINT('',(-0.00605338098514835,-0.565423058022553,-0.0763147999957396));
#2760=CARTESIAN_POINT('',(-0.00590688412328327,-0.565421102454423,-0.0763829035482761));
#2761=CARTESIAN_POINT('',(-0.00561099741277109,-0.565416967403632,-0.0765136981402702));
#2762=CARTESIAN_POINT('',(-0.00546161138504324,-0.565414785691194,-0.0765763969857835));
#2763=CARTESIAN_POINT('',(-0.00500955777775515,-0.565407858384049,-0.0767569066034411));
#2764=CARTESIAN_POINT('',(-0.00470300774087181,-0.565402722693819,-0.0768671587465192));
#2765=CARTESIAN_POINT('',(-0.00377087809863345,-0.565385710858693,-0.0771709260676699));
#2766=CARTESIAN_POINT('',(-0.00313291836017826,-0.565372219807749,-0.0773376657112441));
#2767=CARTESIAN_POINT('',(-0.0018364704402341,-0.565342201824115,-0.0776093055170315));
#2768=CARTESIAN_POINT('',(-0.00117790399791903,-0.565325710508786,-0.0777140894484407));
#2769=CARTESIAN_POINT('',(0.000149454882432742,-0.565291064191146,-0.0778661787132847));
#2770=CARTESIAN_POINT('',(0.00081828143079897,-0.565272910626059,-0.0779134681676424));
#2771=CARTESIAN_POINT('',(0.00215640502211491,-0.565235910036804,-0.0779514622892425));
#2772=CARTESIAN_POINT('',(0.00282573055453739,-0.565217063231379,-0.0779421668615859));
#2773=CARTESIAN_POINT('',(0.00415481411332791,-0.565179313483338,-0.0778643894159193));
#2774=CARTESIAN_POINT('',(0.00481460805636017,-0.565160408969258,-0.0777959237090241));
#2775=CARTESIAN_POINT('',(0.00611339750215757,-0.565122837629552,-0.0775935061951086));
#2776=CARTESIAN_POINT('',(0.00675247069150684,-0.565104129366285,-0.0774596580393771));
#2777=CARTESIAN_POINT('',(0.00768503075175893,-0.565076502889174,-0.0772012647030917));
#2778=CARTESIAN_POINT('',(0.00799150900350356,-0.565067374532094,-0.0771054719211836));
#2779=CARTESIAN_POINT('',(0.00844300264886151,-0.56505394454134,-0.076945638342691));
#2780=CARTESIAN_POINT('',(0.0085921272361366,-0.565049511987461,-0.0768896660480889));
#2781=CARTESIAN_POINT('',(0.00888732223335123,-0.565040778689637,-0.0767720096058384));
#2782=CARTESIAN_POINT('',(0.00903338682627928,-0.56503648648407,-0.0767103147940151));
#2783=CARTESIAN_POINT('',(0.00917776658830607,-0.565032286348932,-0.0766455985487434));
#2784=CARTESIAN_POINT('',(-0.00556185283393716,-0.566042301526668,-0.0748947143648035));
#2785=CARTESIAN_POINT('',(-0.00543021836962029,-0.566040712300786,-0.0749592608830695));
#2786=CARTESIAN_POINT('',(-0.00529705069012949,-0.566039065694666,-0.0750210373903089));
#2787=CARTESIAN_POINT('',(-0.00502801581106501,-0.566035580618812,-0.0751395922792135));
#2788=CARTESIAN_POINT('',(-0.00489214505930691,-0.566033744853446,-0.0751963632001424));
#2789=CARTESIAN_POINT('',(-0.00448093503621357,-0.566027897977257,-0.0753597786388306));
#2790=CARTESIAN_POINT('',(-0.00420201716807497,-0.566023539006292,-0.0754595639039463));
#2791=CARTESIAN_POINT('',(-0.00335374836760312,-0.566009102957105,-0.0757345323079915));
#2792=CARTESIAN_POINT('',(-0.00277293253417633,-0.565997693669173,-0.0758854086938957));
#2793=CARTESIAN_POINT('',(-0.00159211904909114,-0.565972491101991,-0.0761311414542173));
#2794=CARTESIAN_POINT('',(-0.000992071805413224,-0.565958711178307,-0.0762259295980749));
#2795=CARTESIAN_POINT('',(0.000217626242073988,-0.565929857001424,-0.0763638381022308));
#2796=CARTESIAN_POINT('',(0.000827304560204004,-0.565914783341877,-0.0764069526019188));
#2797=CARTESIAN_POINT('',(0.00204724411893339,-0.56588412949463,-0.0764424699797834));
#2798=CARTESIAN_POINT('',(0.00265753151738243,-0.565868550117033,-0.0764348737378337));
#2799=CARTESIAN_POINT('',(0.00386941558354001,-0.565837387516441,-0.0763664988308598));
#2800=CARTESIAN_POINT('',(0.0044710437165166,-0.565821803624651,-0.0763057303918912));
#2801=CARTESIAN_POINT('',(0.00565523174962644,-0.565790827754232,-0.0761250278622368));
#2802=CARTESIAN_POINT('',(0.00623786833564685,-0.565775405140455,-0.0760051929927793));
#2803=CARTESIAN_POINT('',(0.00708792551957559,-0.565752542114575,-0.0757731749192992));
#2804=CARTESIAN_POINT('',(0.00736727584459485,-0.565744965620805,-0.0756870846811015));
#2805=CARTESIAN_POINT('',(0.00777866161947657,-0.565733830423722,-0.0755430865222974));
#2806=CARTESIAN_POINT('',(0.00791451295509324,-0.565730159095327,-0.0754926019419803));
#2807=CARTESIAN_POINT('',(0.00818333015601076,-0.565722954038308,-0.0753862680578842));
#2808=CARTESIAN_POINT('',(0.00831629845753951,-0.56571941661579,-0.0753304231122141));
#2809=CARTESIAN_POINT('',(0.00844764013028791,-0.565715987241318,-0.0752716650264683));
#2810=CARTESIAN_POINT('',(-0.00534750824776407,-0.566238792597306,-0.0744403490803378));
#2811=CARTESIAN_POINT('',(-0.00522032352367423,-0.566237291561466,-0.0745027362837334));
#2812=CARTESIAN_POINT('',(-0.00509162541929368,-0.566235745422356,-0.0745623901471924));
#2813=CARTESIAN_POINT('',(-0.00483157776157566,-0.566232481015136,-0.0746768045851753));
#2814=CARTESIAN_POINT('',(-0.00470024611564633,-0.566230749011145,-0.0747316029972221));
#2815=CARTESIAN_POINT('',(-0.00430279000471195,-0.566225201506438,-0.0748894063473573));
#2816=CARTESIAN_POINT('',(-0.0040332084927601,-0.566221038027104,-0.0749858295601547));
#2817=CARTESIAN_POINT('',(-0.00321324826499918,-0.566207303225084,-0.0752514986897497));
#2818=CARTESIAN_POINT('',(-0.00265169449730913,-0.566196509032378,-0.0753972183666194));
#2819=CARTESIAN_POINT('',(-0.00150983884468569,-0.566172777847108,-0.0756344691991536));
#2820=CARTESIAN_POINT('',(-0.000929496399281958,-0.566159844787016,-0.0757259579608378));
#2821=CARTESIAN_POINT('',(0.000240580199017025,-0.56613281500206,-0.0758591620313022));
#2822=CARTESIAN_POINT('',(0.000830341903200462,-0.566118718223731,-0.0759008739066085));
#2823=CARTESIAN_POINT('',(0.0020104780022889,-0.566090085781062,-0.0759355155591815));
#2824=CARTESIAN_POINT('',(0.00260087895255944,-0.566075550944482,-0.075928444837415));
#2825=CARTESIAN_POINT('',(0.00377327080025092,-0.566046510918938,-0.0758630794205154));
#2826=CARTESIAN_POINT('',(0.00435529054730515,-0.566032006005281,-0.0758047897089834));
#2827=CARTESIAN_POINT('',(0.00550081874766191,-0.566003209226103,-0.0756310716059619));
#2828=CARTESIAN_POINT('',(0.00606439141134331,-0.565988894334596,-0.0755157250171725));
#2829=CARTESIAN_POINT('',(0.00688660213938032,-0.565967650434578,-0.0752922342444181));
#2830=CARTESIAN_POINT('',(0.00715679948532604,-0.565960603680068,-0.0752092990225663));
#2831=CARTESIAN_POINT('',(0.00755469495148071,-0.565950225289885,-0.0750705311627965));
#2832=CARTESIAN_POINT('',(0.00768608732507983,-0.565946800360547,-0.0750218706837383));
#2833=CARTESIAN_POINT('',(0.00794605281402217,-0.565940079297795,-0.0749193184514892));
#2834=CARTESIAN_POINT('',(0.00807462178635578,-0.565936786508638,-0.0748654193156712));
#2835=CARTESIAN_POINT('',(0.0082015896065151,-0.565933601409943,-0.0748086533672244));
#2836=CARTESIAN_POINT('',(-0.00502263915814704,-0.566519351733498,-0.073751695175178));
#2837=CARTESIAN_POINT('',(-0.00490216430568114,-0.566517979002946,-0.0738108220819086));
#2838=CARTESIAN_POINT('',(-0.0047802135256234,-0.566516569632205,-0.0738672929505607));
#2839=CARTESIAN_POINT('',(-0.00453391994751398,-0.566513474439701,-0.0739758995984504));
#2840=CARTESIAN_POINT('',(-0.004409543209305,-0.566511816288292,-0.0740279630278081));
#2841=CARTESIAN_POINT('',(-0.00403309067827402,-0.566506531016186,-0.0741778813524802));
#2842=CARTESIAN_POINT('',(-0.00377769606057297,-0.566502597380983,-0.0742694694443973));
#2843=CARTESIAN_POINT('',(-0.00300066643791196,-0.566489764649245,-0.0745216279509046));
#2844=CARTESIAN_POINT('',(-0.0024682505481718,-0.566479833972987,-0.0746597013708924));
#2845=CARTESIAN_POINT('',(-0.00138533552659312,-0.566458168522131,-0.074884354908178));
#2846=CARTESIAN_POINT('',(-0.000834802014672318,-0.566446436902042,-0.0749709049225375));
#2847=CARTESIAN_POINT('',(0.00027532506976917,-0.566422000845991,-0.0750970407998));
#2848=CARTESIAN_POINT('',(0.000834945666583306,-0.566409296942064,-0.0751366241089108));
#2849=CARTESIAN_POINT('',(0.00195483478159736,-0.566383552875348,-0.0751698715926497));
#2850=CARTESIAN_POINT('',(0.00251513010968278,-0.566370513589887,-0.0751635358446951));
#2851=CARTESIAN_POINT('',(0.00362771888332707,-0.566344529814068,-0.0751025209986146));
#2852=CARTESIAN_POINT('',(0.00418003956477894,-0.566331586435214,-0.0750478439536316));
#2853=CARTESIAN_POINT('',(0.00526695290866172,-0.566305991099179,-0.0748842387071527));
#2854=CARTESIAN_POINT('',(0.00580159284227382,-0.566293328060049,-0.0747753564408697));
#2855=CARTESIAN_POINT('',(0.00658140544907213,-0.566274584191551,-0.0745639923779367));
#2856=CARTESIAN_POINT('',(0.00683764248670139,-0.566268374217841,-0.0744855104193111));
#2857=CARTESIAN_POINT('',(0.00721498778828361,-0.566259186655696,-0.0743542338246358));
#2858=CARTESIAN_POINT('',(0.00733959923378929,-0.566256145174873,-0.0743082122895851));
#2859=CARTESIAN_POINT('',(0.00758614253842606,-0.566250159339708,-0.0742112166022524));
#2860=CARTESIAN_POINT('',(0.00770807656759541,-0.566247212971992,-0.0741602466257402));
#2861=CARTESIAN_POINT('',(0.00782844438638125,-0.566244374761449,-0.0741064781193773));
#2862=CARTESIAN_POINT('',(-0.00491368547613167,-0.566610592262577,-0.0735207363643848));
#2863=CARTESIAN_POINT('',(-0.00479545312442098,-0.566609261637158,-0.0735787729515005));
#2864=CARTESIAN_POINT('',(-0.00467584645025491,-0.566607823311579,-0.0736343692009491));
#2865=CARTESIAN_POINT('',(-0.00443421380789464,-0.566604735276762,-0.0737411726060918));
#2866=CARTESIAN_POINT('',(-0.00431218033516723,-0.566603088190741,-0.0737923633397823));
#2867=CARTESIAN_POINT('',(-0.00394279050889559,-0.566597861358205,-0.0739397407199487));
#2868=CARTESIAN_POINT('',(-0.00369215052732426,-0.5665939971886,-0.0740297432052056));
#2869=CARTESIAN_POINT('',(-0.00292950478081423,-0.566581444226354,-0.0742774607579625));
#2870=CARTESIAN_POINT('',(-0.00240684040646814,-0.566571791924851,-0.0744129980886082));
#2871=CARTESIAN_POINT('',(-0.00134365531085835,-0.566550792127317,-0.0746334709906887));
#2872=CARTESIAN_POINT('',(-0.000803099301613761,-0.566539449577795,-0.0747183758442985));
#2873=CARTESIAN_POINT('',(0.000286958770564374,-0.566515854399442,-0.0748421532722789));
#2874=CARTESIAN_POINT('',(0.000836488390720728,-0.566503602704344,-0.0748810226790523));
#2875=CARTESIAN_POINT('',(0.00193620531836834,-0.566478797391358,-0.0749137922813181));
#2876=CARTESIAN_POINT('',(0.00248641972321108,-0.56646624465805,-0.0749076926130728));
#2877=CARTESIAN_POINT('',(0.00357898089526708,-0.566441258012265,-0.0748481017294822));
#2878=CARTESIAN_POINT('',(0.0041213544037427,-0.566428825401111,-0.0747946119456741));
#2879=CARTESIAN_POINT('',(0.0051886273739968,-0.566404285130908,-0.0746343195952782));
#2880=CARTESIAN_POINT('',(0.00571356757671302,-0.566392170238749,-0.0745275503772526));
#2881=CARTESIAN_POINT('',(0.00647914485039847,-0.566374270340873,-0.0743201189825502));
#2882=CARTESIAN_POINT('',(0.00673068825854649,-0.566368346707821,-0.0742430735043263));
#2883=CARTESIAN_POINT('',(0.00710112486915939,-0.566359569834478,-0.0741142218267329));
#2884=CARTESIAN_POINT('',(0.00722345549024693,-0.566356662010309,-0.0740690542300866));
#2885=CARTESIAN_POINT('',(0.00746550957231953,-0.566350914969309,-0.0739739081091242));
#2886=CARTESIAN_POINT('',(0.00758522289722988,-0.56634808285074,-0.0739239107993956));
#2887=CARTESIAN_POINT('',(0.00770338417847624,-0.56634535701533,-0.0738711429797499));
#2888=CARTESIAN_POINT('',(-0.00469516380640802,-0.566787885626129,-0.0730575165443809));
#2889=CARTESIAN_POINT('',(-0.00458142766030308,-0.566786637824308,-0.0731133656727082));
#2890=CARTESIAN_POINT('',(-0.00446648384941383,-0.56678518874817,-0.073167133011626));
#2891=CARTESIAN_POINT('',(-0.00423416028885579,-0.566782159601173,-0.0732702528807081));
#2892=CARTESIAN_POINT('',(-0.00411681733033737,-0.566780549293731,-0.0733196824939875));
#2893=CARTESIAN_POINT('',(-0.00376157284124138,-0.566775472111448,-0.0734619464671336));
#2894=CARTESIAN_POINT('',(-0.00352046493359336,-0.566771756725927,-0.0735487741105166));
#2895=CARTESIAN_POINT('',(-0.00278666027776764,-0.566759776779318,-0.0737875994746541));
#2896=CARTESIAN_POINT('',(-0.00228356178592037,-0.566750669058877,-0.0739180660846557));
#2897=CARTESIAN_POINT('',(-0.00125996944051886,-0.566730971021412,-0.074130167149633));
#2898=CARTESIAN_POINT('',(-0.00073944194153311,-0.566720386711356,-0.0742117742774983));
#2899=CARTESIAN_POINT('',(0.000310324312228005,-0.566698430119754,-0.0743308158097873));
#2900=CARTESIAN_POINT('',(0.000839590728619265,-0.566687059121685,-0.074368246643366));
#2901=CARTESIAN_POINT('',(0.0018987979472918,-0.566664082329659,-0.0744000340464794));
#2902=CARTESIAN_POINT('',(0.00242876626764146,-0.566652477281363,-0.0743943918816227));
#2903=CARTESIAN_POINT('',(0.00348110341245679,-0.566629435365,-0.0743376099247511));
#2904=CARTESIAN_POINT('',(0.00400349943705688,-0.566617999619278,-0.0742864730718252));
#2905=CARTESIAN_POINT('',(0.00503131625614101,-0.566595528245168,-0.0741327289509535));
#2906=CARTESIAN_POINT('',(0.00553677091604763,-0.566584490828103,-0.0740301372389454));
#2907=CARTESIAN_POINT('',(0.00627369583995275,-0.566568276558585,-0.0738303853190808));
#2908=CARTESIAN_POINT('',(0.00651578582783882,-0.566562926405899,-0.0737561355759855));
#2909=CARTESIAN_POINT('',(0.00687225894550819,-0.566555004674894,-0.0736319304769307));
#2910=CARTESIAN_POINT('',(0.00698997170386562,-0.566552380945402,-0.0735883886166043));
#2911=CARTESIAN_POINT('',(0.00722289754372596,-0.566547178061747,-0.0734967071914452));
#2912=CARTESIAN_POINT('',(0.00733815895438016,-0.56654456410266,-0.0734486594152061));
#2913=CARTESIAN_POINT('',(0.00745189450501003,-0.56654205641587,-0.0733978960660315));
#2914=CARTESIAN_POINT('',(-0.00458570838938316,-0.566873853394272,-0.0728254941612607));
#2915=CARTESIAN_POINT('',(-0.00447422594812876,-0.566872646310914,-0.0728802461504145));
#2916=CARTESIAN_POINT('',(-0.00436152402596798,-0.566871270560523,-0.0729328972631268));
#2917=CARTESIAN_POINT('',(-0.0041338262696975,-0.566868311605209,-0.0730340890157119));
#2918=CARTESIAN_POINT('',(-0.00401882742083028,-0.566866729524437,-0.0730826230433236));
#2919=CARTESIAN_POINT('',(-0.00367065839570315,-0.566861749372515,-0.0732223001975161));
#2920=CARTESIAN_POINT('',(-0.0034343278957149,-0.566858114270595,-0.0733075364210601));
#2921=CARTESIAN_POINT('',(-0.00271497679412285,-0.566846429716447,-0.0735419056079604));
#2922=CARTESIAN_POINT('',(-0.00222169414430281,-0.566837587936319,-0.0736698381225079));
#2923=CARTESIAN_POINT('',(-0.0012179634780052,-0.566818526245767,-0.073877747227967));
#2924=CARTESIAN_POINT('',(-0.000707487607433411,-0.566808311085552,-0.073957701983268));
#2925=CARTESIAN_POINT('',(0.000322056311830873,-0.566787152248331,-0.0740743657143597));
#2926=CARTESIAN_POINT('',(0.000841150225589364,-0.566776209740512,-0.0741110721155112));
#2927=CARTESIAN_POINT('',(0.00188002008555232,-0.566754122714052,-0.0741423549353629));
#2928=CARTESIAN_POINT('',(0.00239982325078312,-0.566742978790778,-0.0741369344767713));
#2929=CARTESIAN_POINT('',(0.0034319638527288,-0.566720884433306,-0.0740815373442132));
#2930=CARTESIAN_POINT('',(0.00394433004963639,-0.56670993475082,-0.0740315664347458));
#2931=CARTESIAN_POINT('',(0.0049523304097371,-0.566688477065814,-0.0738810579315188));
#2932=CARTESIAN_POINT('',(0.00544800089745841,-0.56667796896144,-0.073780530671432));
#2933=CARTESIAN_POINT('',(0.00617050714873775,-0.566662595756918,-0.0735845263359909));
#2934=CARTESIAN_POINT('',(0.00640783975520254,-0.566657531527541,-0.073511637297989));
#2935=CARTESIAN_POINT('',(0.00675725939633576,-0.566650051204475,-0.073389658757671));
#2936=CARTESIAN_POINT('',(0.00687263420925817,-0.5666475781974,-0.0733468866696227));
#2937=CARTESIAN_POINT('',(0.00710090950915405,-0.566642688716586,-0.0732567988989945));
#2938=CARTESIAN_POINT('',(0.00721379862455021,-0.566640283203985,-0.0732094614832392));
#2939=CARTESIAN_POINT('',(0.00732531498210306,-0.566637881290682,-0.0731597019178184));
#2940=CARTESIAN_POINT('',(-0.00359887452485167,-0.567623675129596,-0.0707336146434074));
#2941=CARTESIAN_POINT('',(-0.00350772337218499,-0.567622828002042,-0.0707784629905118));
#2942=CARTESIAN_POINT('',(-0.0034155652044804,-0.567621887805157,-0.0708217381822955));
#2943=CARTESIAN_POINT('',(-0.00322935451659519,-0.567619800305307,-0.0709050848267865));
#2944=CARTESIAN_POINT('',(-0.00313530604237965,-0.567618652454905,-0.0709451661347372));
#2945=CARTESIAN_POINT('',(-0.00285051304173617,-0.567614958734179,-0.0710606443048281));
#2946=CARTESIAN_POINT('',(-0.00265710820475921,-0.56761217617778,-0.0711312475421436));
#2947=CARTESIAN_POINT('',(-0.00206789505540799,-0.567603358142887,-0.0713248916370198));
#2948=CARTESIAN_POINT('',(-0.00166311795369762,-0.567596881297663,-0.0714298867350895));
#2949=CARTESIAN_POINT('',(-0.000838609679841616,-0.567583475766965,-0.0715997869822884));
#2950=CARTESIAN_POINT('',(-0.000418866204154842,-0.567576507085688,-0.0716647786886381));
#2951=CARTESIAN_POINT('',(0.000428054182555683,-0.567562351383559,-0.0717598961122042));
#2952=CARTESIAN_POINT('',(0.000855270647946637,-0.567555160377248,-0.0717900146136352));
#2953=CARTESIAN_POINT('',(0.0017104227968002,-0.567540854894096,-0.0718166511312323));
#2954=CARTESIAN_POINT('',(0.00213839575311217,-0.567533739248833,-0.071813165480083));
#2955=CARTESIAN_POINT('',(0.002988102756958,-0.567519914562153,-0.0717701515066104));
#2956=CARTESIAN_POINT('',(0.00340987251077463,-0.567513204416715,-0.0717306309700949));
#2957=CARTESIAN_POINT('',(0.00423895236853666,-0.567500575793963,-0.0716091955781957));
#2958=CARTESIAN_POINT('',(0.00464626565521355,-0.567494681337224,-0.0715272415492998));
#2959=CARTESIAN_POINT('',(0.00523862739211811,-0.567486636547508,-0.0713647746723456));
#2960=CARTESIAN_POINT('',(0.00543293137354163,-0.567484095238114,-0.0713039681019133));
#2961=CARTESIAN_POINT('',(0.0057187491693777,-0.567480310868278,-0.0712020607382673));
#2962=CARTESIAN_POINT('',(0.00581308266064244,-0.56747905061403,-0.0711663147049134));
#2963=CARTESIAN_POINT('',(0.00599982570287253,-0.567476429307875,-0.0710913824545758));
#2964=CARTESIAN_POINT('',(0.00609224348123959,-0.567475058130784,-0.071052211462209));
#2965=CARTESIAN_POINT('',(0.00618373203499629,-0.567473578052339,-0.0710114999696997));
#2966=CARTESIAN_POINT('',(-0.00270942598060868,-0.568121353810191,-0.068848171451032));
#2967=CARTESIAN_POINT('',(-0.00263629689994123,-0.568120777938688,-0.0688841909540392));
#2968=CARTESIAN_POINT('',(-0.00256225078814342,-0.568120169646786,-0.0689185754046347));
#2969=CARTESIAN_POINT('',(-0.00241254282034194,-0.568118898920432,-0.0689844084411946));
#2970=CARTESIAN_POINT('',(-0.00233687836562414,-0.568118236753105,-0.069015850619133));
#2971=CARTESIAN_POINT('',(-0.00210771681065744,-0.568116159385042,-0.0691061045374401));
#2972=CARTESIAN_POINT('',(-0.00195206334490901,-0.568114647402983,-0.0691608590178704));
#2973=CARTESIAN_POINT('',(-0.00147813300143002,-0.568109720757936,-0.0693108629060316));
#2974=CARTESIAN_POINT('',(-0.00115294057885861,-0.568105926033087,-0.0693918960846627));
#2975=CARTESIAN_POINT('',(-0.000490965664326798,-0.568097814256614,-0.0695231405624872));
#2976=CARTESIAN_POINT('',(-0.000154171610005354,-0.568093502883909,-0.0695733604002287));
#2977=CARTESIAN_POINT('',(0.000525297356184036,-0.568084704863665,-0.0696471708175479));
#2978=CARTESIAN_POINT('',(0.000867988960157217,-0.568080215188812,-0.0696707666519642));
#2979=CARTESIAN_POINT('',(0.0015540822051909,-0.568071292158885,-0.0696923769110607));
#2980=CARTESIAN_POINT('',(0.00189750653679822,-0.568066858648486,-0.0696903966258111));
#2981=CARTESIAN_POINT('',(0.00257968716520012,-0.568058235100165,-0.0696587461549266));
#2982=CARTESIAN_POINT('',(0.00291846297739871,-0.568054049788922,-0.069629076834782));
#2983=CARTESIAN_POINT('',(0.00358502604945399,-0.568046016580217,-0.0695367266238465));
#2984=CARTESIAN_POINT('',(0.00391281786797967,-0.568042180765686,-0.069474002436585));
#2985=CARTESIAN_POINT('',(0.00439052842779427,-0.56803649505448,-0.0693491161182425));
#2986=CARTESIAN_POINT('',(0.00454744660786022,-0.568034600957317,-0.0693023555949792));
#2987=CARTESIAN_POINT('',(0.00477846630958555,-0.568031749362778,-0.0692235366052877));
#2988=CARTESIAN_POINT('',(0.00485474629478242,-0.568030797827333,-0.0691958150244995));
#2989=CARTESIAN_POINT('',(0.00500563788989634,-0.568028921235156,-0.0691371844892358));
#2990=CARTESIAN_POINT('',(0.0050802477497011,-0.568027999875453,-0.069106272700637));
#2991=CARTESIAN_POINT('',(0.00515386780930471,-0.568027115564369,-0.0690735274890005));
#2992=CARTESIAN_POINT('',(-0.00135742962871817,-0.568622485966436,-0.0659822245288772));
#2993=CARTESIAN_POINT('',(-0.00131147946721179,-0.568622220479035,-0.0660048817037472));
#2994=CARTESIAN_POINT('',(-0.0012649499956457,-0.568621954511547,-0.0660263910291648));
#2995=CARTESIAN_POINT('',(-0.0011708430449089,-0.568621410537173,-0.0660672873751894));
#2996=CARTESIAN_POINT('',(-0.00112326667298471,-0.568621132480975,-0.0660866775068357));
#2997=CARTESIAN_POINT('',(-0.000979137740847292,-0.568620276810502,-0.0661419638831331));
#2998=CARTESIAN_POINT('',(-0.000881189321752495,-0.5686196786804,-0.066174987542318));
#2999=CARTESIAN_POINT('',(-0.000582974072679706,-0.568617791042299,-0.0662646068755789));
#3000=CARTESIAN_POINT('',(-0.000378397881102957,-0.56861640067601,-0.0663119099535394));
#3001=CARTESIAN_POINT('',(3.74804039684401E-5,-0.568613366802564,-0.0663885166846686));
#3002=CARTESIAN_POINT('',(0.000248820265519093,-0.568611728409226,-0.0664177524362076));
#3003=CARTESIAN_POINT('',(0.000674907261263707,-0.568608320019517,-0.0664611473826093));
#3004=CARTESIAN_POINT('',(0.000889679024750104,-0.568606551897116,-0.0664752767261535));
#3005=CARTESIAN_POINT('',(0.00131980761225945,-0.568602985732221,-0.0664890677708133));
#3006=CARTESIAN_POINT('',(0.00153518473904775,-0.568601187987863,-0.0664887302575918));
#3007=CARTESIAN_POINT('',(0.00196357184028624,-0.568597620448044,-0.0664722785704578));
#3008=CARTESIAN_POINT('',(0.00217660637524137,-0.568595849137676,-0.0664561953047146));
#3009=CARTESIAN_POINT('',(0.0025965934713135,-0.568592358562992,-0.0664045467478232));
#3010=CARTESIAN_POINT('',(0.00280358738229407,-0.568590628821465,-0.0663690605928253));
#3011=CARTESIAN_POINT('',(0.00310546342906788,-0.568588165998082,-0.066295507724112));
#3012=CARTESIAN_POINT('',(0.00320463165027381,-0.568587370543471,-0.0662675580219732));
#3013=CARTESIAN_POINT('',(0.00335048582934221,-0.568586251712397,-0.066219333449402));
#3014=CARTESIAN_POINT('',(0.00339861880796696,-0.568585891275844,-0.066202204875532));
#3015=CARTESIAN_POINT('',(0.00349379108684731,-0.56858519700041,-0.0661656419061205));
#3016=CARTESIAN_POINT('',(0.00354083059403096,-0.568584861923137,-0.0661462073182873));
#3017=CARTESIAN_POINT('',(0.00358727047490657,-0.568584540071042,-0.0661255442047364));
#3018=CARTESIAN_POINT('',(-0.000903786318916186,-0.568748625487848,-0.0650205964552029));
#3019=CARTESIAN_POINT('',(-0.000866916407179057,-0.568748447429195,-0.0650387813890653));
#3020=CARTESIAN_POINT('',(-0.000829556008594892,-0.568748268488878,-0.065055910718586));
#3021=CARTESIAN_POINT('',(-0.000753992230843388,-0.568747908332264,-0.0650883793737286));
#3022=CARTESIAN_POINT('',(-0.000715787484543205,-0.568747727137161,-0.0651037143906201));
#3023=CARTESIAN_POINT('',(-0.000600060644820283,-0.568747175523726,-0.0651473415175752));
#3024=CARTESIAN_POINT('',(-0.000521430986273814,-0.568746796095107,-0.065173264714856));
#3025=CARTESIAN_POINT('',(-0.000282110179506953,-0.568745602750433,-0.0652434294490314));
#3026=CARTESIAN_POINT('',(-0.000118051204414276,-0.568744733660718,-0.0652801966022955));
#3027=CARTESIAN_POINT('',(0.000215230456610295,-0.568742855452321,-0.0653397853546081));
#3028=CARTESIAN_POINT('',(0.000384476843287632,-0.568741847497222,-0.0653625412773305));
#3029=CARTESIAN_POINT('',(0.000725581888479636,-0.568739740001417,-0.0653964635764326));
#3030=CARTESIAN_POINT('',(0.00089745969166708,-0.568738641476823,-0.0654075949970132));
#3031=CARTESIAN_POINT('',(0.00124173434570694,-0.568736406612707,-0.06541870535379));
#3032=CARTESIAN_POINT('',(0.00141414730356375,-0.568735270326815,-0.0654186866049133));
#3033=CARTESIAN_POINT('',(0.00175729522322427,-0.56873300215318,-0.0654064963648789));
#3034=CARTESIAN_POINT('',(0.00192805400265892,-0.568731869020651,-0.0653943651035718));
#3035=CARTESIAN_POINT('',(0.00226501833159275,-0.568729654194427,-0.0653549368298106));
#3036=CARTESIAN_POINT('',(0.00243125765909416,-0.56872857196798,-0.0653277046287679));
#3037=CARTESIAN_POINT('',(0.00267387547048488,-0.568727062643214,-0.0652704292694697));
#3038=CARTESIAN_POINT('',(0.00275361577856993,-0.568726578601065,-0.0652485654624367));
#3039=CARTESIAN_POINT('',(0.00287094728299084,-0.568725893913448,-0.065210608296295));
#3040=CARTESIAN_POINT('',(0.00290967771192908,-0.568725672593929,-0.0651970937866927));
#3041=CARTESIAN_POINT('',(0.0029862557939285,-0.568725248666903,-0.0651681100076903));
#3042=CARTESIAN_POINT('',(0.00302410435752226,-0.568725046687883,-0.0651526436597631));
#3043=CARTESIAN_POINT('',(0.00306142768350091,-0.568724857095504,-0.0651360265251278));
#3044=CARTESIAN_POINT('',(-0.000218776481767973,-0.568875193250434,-0.0635685201743198));
#3045=CARTESIAN_POINT('',(-0.000195628948912738,-0.568875113575341,-0.0635799397692423));
#3046=CARTESIAN_POINT('',(-0.000172172158248924,-0.568875034718031,-0.0635906694445031));
#3047=CARTESIAN_POINT('',(-0.000124709995593336,-0.568874877013562,-0.0636108995507828));
#3048=CARTESIAN_POINT('',(-0.000100705636130661,-0.56887479815574,-0.0636204031386638));
#3049=CARTESIAN_POINT('',(-2.79877454418383E-5,-0.568874560584014,-0.0636473413506942));
#3050=CARTESIAN_POINT('',(2.14246314493658E-5,-0.568874400985898,-0.0636632224467377));
#3051=CARTESIAN_POINT('',(0.000171710691485044,-0.568873910889377,-0.063706229782093));
#3052=CARTESIAN_POINT('',(0.000274592410326598,-0.56887356730074,-0.0637288363435767));
#3053=CARTESIAN_POINT('',(0.000483344819706457,-0.568872828504516,-0.0637657648816249));
#3054=CARTESIAN_POINT('',(0.000589250347491826,-0.568872434253744,-0.0637799941546262));
#3055=CARTESIAN_POINT('',(0.000802617611636096,-0.56887160457603,-0.0638012582975639));
#3056=CARTESIAN_POINT('',(0.000910092143119052,-0.568871169479868,-0.0638082695816248));
#3057=CARTESIAN_POINT('',(0.00112538580045995,-0.568870275496148,-0.0638152699785039));
#3058=CARTESIAN_POINT('',(0.00123321429770281,-0.568869816589331,-0.0638152603694833));
#3059=CARTESIAN_POINT('',(0.00144794747044994,-0.568868894933299,-0.0638077044068458));
#3060=CARTESIAN_POINT('',(0.00155486635960279,-0.568868431856647,-0.0638001844323657));
#3061=CARTESIAN_POINT('',(0.00176613409224075,-0.568867529980574,-0.0637760135304252));
#3062=CARTESIAN_POINT('',(0.00187051950587731,-0.568867090085795,-0.0637594611492978));
#3063=CARTESIAN_POINT('',(0.0020231556837106,-0.568866487331395,-0.0637246290162464));
#3064=CARTESIAN_POINT('',(0.0020733648021517,-0.568866296325085,-0.0637113191694275));
#3065=CARTESIAN_POINT('',(0.00214723808275924,-0.568866034688386,-0.0636879277652249));
#3066=CARTESIAN_POINT('',(0.00217162035015153,-0.568865951676962,-0.0636795544721054));
#3067=CARTESIAN_POINT('',(0.00221981235300487,-0.568865795546018,-0.0636614689185958));
#3068=CARTESIAN_POINT('',(0.00224362111455153,-0.568865722245286,-0.0636517538990057));
#3069=CARTESIAN_POINT('',(0.00226710378070678,-0.568865654568864,-0.0636412878732021));
#3070=CARTESIAN_POINT('',(1.03176093556368E-5,-0.568906942251374,-0.0630828890522969));
#3071=CARTESIAN_POINT('',(2.88646928287954E-5,-0.568906889896736,-0.0630920396478682));
#3072=CARTESIAN_POINT('',(4.7695566311826E-5,-0.56890683830816,-0.0631005318519007));
#3073=CARTESIAN_POINT('',(8.5791146188064E-5,-0.56890673581653,-0.0631165584397377));
#3074=CARTESIAN_POINT('',(0.000105057504791725,-0.568906684922582,-0.0631240875885621));
#3075=CARTESIAN_POINT('',(0.000163396548112148,-0.568906532176442,-0.0631454998991238));
#3076=CARTESIAN_POINT('',(0.000203004168327032,-0.568906430172174,-0.0631582178844505));
#3077=CARTESIAN_POINT('',(0.000323417956089041,-0.568906118075393,-0.0631928241037744));
#3078=CARTESIAN_POINT('',(0.000405779710494246,-0.56890590159226,-0.0632111992152244));
#3079=CARTESIAN_POINT('',(0.000572898485455737,-0.568905439701067,-0.0632412282090958));
#3080=CARTESIAN_POINT('',(0.000657666545222479,-0.568905194519465,-0.0632528366428843));
#3081=CARTESIAN_POINT('',(0.000828445823406453,-0.568904677990443,-0.0632701654758299));
#3082=CARTESIAN_POINT('',(0.000914462615907706,-0.568904406872782,-0.063275867752748));
#3083=CARTESIAN_POINT('',(0.00108677313217208,-0.568903848270188,-0.0632814852909662));
#3084=CARTESIAN_POINT('',(0.00117307187893924,-0.568903560802582,-0.0632814033186657));
#3085=CARTESIAN_POINT('',(0.00134493929621825,-0.568902982911717,-0.0632750741025062));
#3086=CARTESIAN_POINT('',(0.00143051845563568,-0.568902692303983,-0.0632688505823639));
#3087=CARTESIAN_POINT('',(0.00159965478238036,-0.568902128216004,-0.063249054322198));
#3088=CARTESIAN_POINT('',(0.00168323727857948,-0.568901854439289,-0.0632355329952417));
#3089=CARTESIAN_POINT('',(0.00180555749556381,-0.568901482913436,-0.0632074917588727));
#3090=CARTESIAN_POINT('',(0.00184582494211061,-0.568901365649231,-0.0631968406313372));
#3091=CARTESIAN_POINT('',(0.0019051343960483,-0.568901204851311,-0.063178286762448));
#3092=CARTESIAN_POINT('',(0.00192472182349934,-0.568901153777076,-0.0631716697027649));
#3093=CARTESIAN_POINT('',(0.00196344066884472,-0.568901058256978,-0.0631573702958249));
#3094=CARTESIAN_POINT('',(0.00198257394701265,-0.568901013829533,-0.0631496930886955));
#3095=CARTESIAN_POINT('',(0.00200140252716114,-0.568900974049428,-0.0631412979671415));
#3096=CARTESIAN_POINT('',(0.000470033763032515,-0.568949345626157,-0.0621083878313041));
#3097=CARTESIAN_POINT('',(0.000479319989272591,-0.568949332961542,-0.0621129701753519));
#3098=CARTESIAN_POINT('',(0.000488724063836486,-0.568949320677225,-0.0621173456424886));
#3099=CARTESIAN_POINT('',(0.000507752981557993,-0.568949296704459,-0.062125665672628));
#3100=CARTESIAN_POINT('',(0.000517377191533621,-0.568949285012125,-0.0621296123907876));
#3101=CARTESIAN_POINT('',(0.000546538918298205,-0.568949250593007,-0.0621408627494314));
#3102=CARTESIAN_POINT('',(0.000566363455408898,-0.568949228524835,-0.0621475812978222));
#3103=CARTESIAN_POINT('',(0.000626680925169725,-0.568949163000184,-0.0621658914255872));
#3104=CARTESIAN_POINT('',(0.000667998973565482,-0.56894911994476,-0.0621756986359989));
#3105=CARTESIAN_POINT('',(0.000751852157604932,-0.568949028952127,-0.0621918565617534));
#3106=CARTESIAN_POINT('',(0.000794405117768291,-0.568948981109292,-0.0621981693394734));
#3107=CARTESIAN_POINT('',(0.000880151554218,-0.568948879148141,-0.0622075574722322));
#3108=CARTESIAN_POINT('',(0.000923350479421701,-0.568948825052572,-0.0622106189401368));
#3109=CARTESIAN_POINT('',(0.00100987279872542,-0.568948711785992,-0.0622134702932424));
#3110=CARTESIAN_POINT('',(0.00105319871768451,-0.568948652594814,-0.062213260870756));
#3111=CARTESIAN_POINT('',(0.00113944300847843,-0.568948532586017,-0.0622094528371073));
#3112=CARTESIAN_POINT('',(0.00118236755081353,-0.56894847169849,-0.0622058696832731));
#3113=CARTESIAN_POINT('',(0.00126716236868971,-0.568948355181567,-0.0621948885805917));
#3114=CARTESIAN_POINT('',(0.0013090495467461,-0.568948299486501,-0.0621875299243817));
#3115=CARTESIAN_POINT('',(0.00137027917236419,-0.568948229292125,-0.0621724955830538));
#3116=CARTESIAN_POINT('',(0.00139041471509605,-0.56894820821708,-0.0621668015407253));
#3117=CARTESIAN_POINT('',(0.00142003794986007,-0.56894818152882,-0.0621569575020057));
#3118=CARTESIAN_POINT('',(0.0014298148991005,-0.568948173456974,-0.0621534578246457));
#3119=CARTESIAN_POINT('',(0.00144914520368087,-0.568948158975673,-0.0621459844881068));
#3120=CARTESIAN_POINT('',(0.00145869783490062,-0.568948152562013,-0.0621420087132563));
#3121=CARTESIAN_POINT('',(0.00146813108221193,-0.568948146764996,-0.0621378012349774));
#3122=CARTESIAN_POINT('',(0.000700655825585784,-0.56896,-0.0616195177323343));
#3123=CARTESIAN_POINT('',(0.000705290201874767,-0.56896,-0.0616218048228353));
#3124=CARTESIAN_POINT('',(0.000709976117602291,-0.56896,-0.0616240289343865));
#3125=CARTESIAN_POINT('',(0.000719444721524891,-0.56896,-0.0616283505091181));
#3126=CARTESIAN_POINT('',(0.000724227409719967,-0.56896,-0.0616304479722985));
#3127=CARTESIAN_POINT('',(0.000738711173392231,-0.56896,-0.0616365493535771));
#3128=CARTESIAN_POINT('',(0.000748547947956455,-0.56896,-0.0616403622634126));
#3129=CARTESIAN_POINT('',(0.000778525391082927,-0.56896,-0.0616510286742157));
#3130=CARTESIAN_POINT('',(0.000799133179078977,-0.56896,-0.0616571098564799));
#3131=CARTESIAN_POINT('',(0.000841190796684714,-0.56896,-0.0616671685143193));
#3132=CARTESIAN_POINT('',(0.000862640626294402,-0.56896,-0.0616711459898943));
#3133=CARTESIAN_POINT('',(0.000905978716917586,-0.56896,-0.0616769530442085));
#3134=CARTESIAN_POINT('',(0.000927866977931084,-0.56896,-0.0616787826229475));
#3135=CARTESIAN_POINT('',(0.000971678321152057,-0.56896,-0.0616802496934426));
#3136=CARTESIAN_POINT('',(0.000993601403359533,-0.56896,-0.0616798871851987));
#3137=CARTESIAN_POINT('',(0.00103707877875864,-0.56896,-0.061676925891581));
#3138=CARTESIAN_POINT('',(0.00105863307195026,-0.56896,-0.0616743271062072));
#3139=CARTESIAN_POINT('',(0.00110096925910784,-0.56896,-0.0616668490681829));
#3140=CARTESIAN_POINT('',(0.00112175115307378,-0.56896,-0.0616619698155324));
#3141=CARTESIAN_POINT('',(0.00115204198694607,-0.56896,-0.0616529074434888));
#3142=CARTESIAN_POINT('',(0.00116199193039073,-0.56896,-0.0616495960706296));
#3143=CARTESIAN_POINT('',(0.00117665850533139,-0.56896,-0.0616441889952477));
#3144=CARTESIAN_POINT('',(0.00118150430694055,-0.56896,-0.0616423133007715));
#3145=CARTESIAN_POINT('',(0.00119110349034057,-0.56896,-0.061638414549317));
#3146=CARTESIAN_POINT('',(0.00119585687213143,-0.56896,-0.0616363914923387));
#3147=CARTESIAN_POINT('',(0.00120056089080837,-0.56896,-0.0616342944088738));
#3148=CARTESIAN_POINT('',(0.000932048380827841,-0.56896,-0.0611290143514796));
#3149=CARTESIAN_POINT('',(0.000932048380827841,-0.56896,-0.0611290143514796));
#3150=CARTESIAN_POINT('',(0.000932048380827841,-0.56896,-0.0611290143514796));
#3151=CARTESIAN_POINT('',(0.000932048380827841,-0.56896,-0.0611290143514796));
#3152=CARTESIAN_POINT('',(0.000932048380827841,-0.56896,-0.0611290143514796));
#3153=CARTESIAN_POINT('',(0.000932048380827841,-0.56896,-0.0611290143514796));
#3154=CARTESIAN_POINT('',(0.000932048380827841,-0.56896,-0.0611290143514796));
#3155=CARTESIAN_POINT('',(0.000932048380827841,-0.56896,-0.0611290143514796));
#3156=CARTESIAN_POINT('',(0.000932048380827841,-0.56896,-0.0611290143514796));
#3157=CARTESIAN_POINT('',(0.000932048380827841,-0.56896,-0.0611290143514796));
#3158=CARTESIAN_POINT('',(0.000932048380827841,-0.56896,-0.0611290143514796));
#3159=CARTESIAN_POINT('',(0.000932048380827841,-0.56896,-0.0611290143514796));
#3160=CARTESIAN_POINT('',(0.000932048380827841,-0.56896,-0.0611290143514796));
#3161=CARTESIAN_POINT('',(0.000932048380827841,-0.56896,-0.0611290143514796));
#3162=CARTESIAN_POINT('',(0.000932048380827841,-0.56896,-0.0611290143514796));
#3163=CARTESIAN_POINT('',(0.000932048380827841,-0.56896,-0.0611290143514796));
#3164=CARTESIAN_POINT('',(0.000932048380827841,-0.56896,-0.0611290143514796));
#3165=CARTESIAN_POINT('',(0.000932048380827841,-0.56896,-0.0611290143514796));
#3166=CARTESIAN_POINT('',(0.000932048380827841,-0.56896,-0.0611290143514796));
#3167=CARTESIAN_POINT('',(0.000932048380827841,-0.56896,-0.0611290143514796));
#3168=CARTESIAN_POINT('',(0.000932048380827841,-0.56896,-0.0611290143514796));
#3169=CARTESIAN_POINT('',(0.000932048380827841,-0.56896,-0.0611290143514796));
#3170=CARTESIAN_POINT('',(0.000932048380827841,-0.56896,-0.0611290143514796));
#3171=CARTESIAN_POINT('',(0.000932048380827841,-0.56896,-0.0611290143514796));
#3172=CARTESIAN_POINT('',(0.000932048380827841,-0.56896,-0.0611290143514796));
#3173=CARTESIAN_POINT('',(0.000932048380827841,-0.56896,-0.0611290143514796));
#3174=CARTESIAN_POINT('',(-0.0157396354403495,-0.540587062300401,-0.0964694654315656));
#3175=CARTESIAN_POINT('',(-0.0154532144675411,-0.542649995192113,-0.0958623134194224));
#3176=CARTESIAN_POINT('',(-0.0147497187638504,-0.54662568472605,-0.09437105100298));
#3177=CARTESIAN_POINT('',(-0.0132891407580481,-0.5521904563174,-0.0912749338910936));
#3178=CARTESIAN_POINT('',(-0.0115128488806939,-0.55705299172391,-0.0875095700041027));
#3179=CARTESIAN_POINT('',(-0.00939537936930918,-0.561287364649097,-0.0830209815397743));
#3180=CARTESIAN_POINT('',(-0.00744387488893007,-0.564078953021397,-0.0788842039136416));
#3181=CARTESIAN_POINT('',(-0.00578391170900396,-0.565873051185847,-0.0753654323135945));
#3182=CARTESIAN_POINT('',(-0.00404463677561749,-0.567374798824847,-0.0716785365352518));
#3183=CARTESIAN_POINT('',(-0.00181961320761772,-0.568619058453427,-0.0669619561705827));
#3184=CARTESIAN_POINT('',(6.47815985961283E-6,-0.56896,-0.0630910278748984));
#3185=CARTESIAN_POINT('',(0.000932048380827841,-0.56896,-0.0611290143514796));
#3186=CARTESIAN_POINT('',(0.0196337242034742,-0.537886303633006,-0.0963213554223693));
#3187=CARTESIAN_POINT('',(0.0193719602551787,-0.54010609759285,-0.0958287746378537));
#3188=CARTESIAN_POINT('',(0.0188543968523002,-0.543324590863193,-0.0948548369023994));
#3189=CARTESIAN_POINT('',(0.0179257174955718,-0.547391822425303,-0.0931072715517103));
#3190=CARTESIAN_POINT('',(0.0168274359804225,-0.551330304850228,-0.0910405531442515));
#3191=CARTESIAN_POINT('',(0.015521202348117,-0.554905311236025,-0.0885825156965755));
#3192=CARTESIAN_POINT('',(0.0140253741619752,-0.558101718805491,-0.0857677040075394));
#3193=CARTESIAN_POINT('',(0.0123875104541892,-0.561063293133691,-0.0826856134623574));
#3194=CARTESIAN_POINT('',(0.0106045382695003,-0.563542747596588,-0.0793304614514609));
#3195=CARTESIAN_POINT('',(0.00870320714767872,-0.565528132375608,-0.0757525845829712));
#3196=CARTESIAN_POINT('',(0.00670434377477911,-0.567193153700612,-0.0719911739885253));
#3197=CARTESIAN_POINT('',(0.00412195677496237,-0.568582002112779,-0.0671317033754945));
#3198=CARTESIAN_POINT('',(0.00200609842074997,-0.56896,-0.0631501345810564));
#3199=CARTESIAN_POINT('',(0.000932048380827841,-0.56896,-0.0611290143514796));
#3200=CARTESIAN_POINT('',(-0.00167911947490234,-0.56896,0.061392054055009));
#3201=CARTESIAN_POINT('',(-0.000287247950966311,-0.56896,0.0654805328926621));
#3202=CARTESIAN_POINT('',(0.00249622787158232,-0.567586707906733,0.0736567056211817));
#3203=CARTESIAN_POINT('',(0.00625986263975136,-0.56161012343244,0.0847119940136053));
#3204=CARTESIAN_POINT('',(0.0092404900785279,-0.552306105452933,0.093467279251357));
#3205=CARTESIAN_POINT('',(0.0105095918239639,-0.544497395893626,0.0971951345453372));
#3206=CARTESIAN_POINT('',(0.0109334030053464,-0.540383569243523,0.0984400361159527));
#3207=CARTESIAN_POINT('',(-0.00151426686374456,-0.56896,0.0613359320438092));
#3208=CARTESIAN_POINT('',(-0.000122691357770524,-0.56896,0.065422744975455));
#3209=CARTESIAN_POINT('',(0.00266019290333533,-0.567587780283266,0.0735955874385974));
#3210=CARTESIAN_POINT('',(0.0064233437605438,-0.561615706678016,0.0846473009626036));
#3211=CARTESIAN_POINT('',(0.0094042239935078,-0.552318204744795,0.0934016233386586));
#3212=CARTESIAN_POINT('',(0.0106741192250268,-0.544514276641997,0.0971310832771229));
#3213=CARTESIAN_POINT('',(0.0110984878524629,-0.540402685347804,0.0983773797969078));
#3214=CARTESIAN_POINT('',(-0.00133910845760761,-0.568959999999999,0.0612763076820591));
#3215=CARTESIAN_POINT('',(3.70051563469175E-5,-0.568959999999998,0.0653669988306597));
#3216=CARTESIAN_POINT('',(0.00278896892258954,-0.567588646801078,0.0735475979786716));
#3217=CARTESIAN_POINT('',(0.00651055384352826,-0.561620218308109,0.0846105532784154));
#3218=CARTESIAN_POINT('',(0.00945900442197207,-0.552327982377016,0.0933752959168209));
#3219=CARTESIAN_POINT('',(0.0107156186487376,-0.544527919232727,0.0971108289361276));
#3220=CARTESIAN_POINT('',(0.0111357768921538,-0.540418135172503,0.0983598513755131));
#3221=CARTESIAN_POINT('',(-0.00116140264440574,-0.56896,0.0612157466187232));
#3222=CARTESIAN_POINT('',(0.000231682302188824,-0.56896,0.0652981949505621));
#3223=CARTESIAN_POINT('',(0.00301758606256398,-0.567590111812774,0.073462311708642));
#3224=CARTESIAN_POINT('',(0.00678550776953314,-0.561627846816608,0.0845042404499049));
#3225=CARTESIAN_POINT('',(0.00977155164628331,-0.55234451756795,0.0932548677090434));
#3226=CARTESIAN_POINT('',(0.01104513973182,-0.544550994838379,0.0969871270278293));
#3227=CARTESIAN_POINT('',(0.0114713789438288,-0.540444270545016,0.0982362235495084));
#3228=CARTESIAN_POINT('',(-0.00114594656101712,-0.56896,0.0612104876024784));
#3229=CARTESIAN_POINT('',(0.000243184588527928,-0.56896,0.0652942437099617));
#3230=CARTESIAN_POINT('',(0.00302118152121976,-0.567590141676736,0.0734609758037355));
#3231=CARTESIAN_POINT('',(0.0067784176874541,-0.561628002318576,0.0845064677331279));
#3232=CARTESIAN_POINT('',(0.00975601029079491,-0.552344854613816,0.0932599710384426));
#3233=CARTESIAN_POINT('',(0.0110260120334641,-0.544551465180356,0.0969935133533585));
#3234=CARTESIAN_POINT('',(0.0114510587499638,-0.540444803238923,0.0982430632473012));
#3235=CARTESIAN_POINT('',(-0.00113565200709105,-0.56896,0.0612069615967662));
#3236=CARTESIAN_POINT('',(0.00027505806900818,-0.56896,0.0652825808791242));
#3237=CARTESIAN_POINT('',(0.00309620891157598,-0.567590598757204,0.0734330413972833));
#3238=CARTESIAN_POINT('',(0.00691194645233185,-0.561630382414341,0.0844569206970612));
#3239=CARTESIAN_POINT('',(0.00993617445838936,-0.552350013658257,0.093194090506621));
#3240=CARTESIAN_POINT('',(0.0112263617670868,-0.544558664961299,0.0969215226497501));
#3241=CARTESIAN_POINT('',(0.0116582897099716,-0.540452957762133,0.0981693922822312));
#3242=CARTESIAN_POINT('',(-0.00110740514706315,-0.56896,0.0611971321635671));
#3243=CARTESIAN_POINT('',(0.000342612977074026,-0.56896,0.0652575963484899));
#3244=CARTESIAN_POINT('',(0.00324237275882661,-0.567591468392062,0.0733777505518386));
#3245=CARTESIAN_POINT('',(0.00716469598715423,-0.561634910846767,0.0843613880829653));
#3246=CARTESIAN_POINT('',(0.010273930610665,-0.552359829729333,0.0930681711628259));
#3247=CARTESIAN_POINT('',(0.0116009548509099,-0.54457236447417,0.0967842649260052));
#3248=CARTESIAN_POINT('',(0.0120454584407892,-0.540468474304699,0.0980290306657654));
#3249=CARTESIAN_POINT('',(-0.00104107196629036,-0.56896,0.0611729896067923));
#3250=CARTESIAN_POINT('',(0.000501886078293854,-0.56896,0.0651964297027982));
#3251=CARTESIAN_POINT('',(0.00358750878526735,-0.56759339060111,0.0732425449521822));
#3252=CARTESIAN_POINT('',(0.00776184829828535,-0.561644920809129,0.0841276788617596));
#3253=CARTESIAN_POINT('',(0.0110720870723486,-0.552381529556209,0.092759687729471));
#3254=CARTESIAN_POINT('',(0.0124862261985767,-0.544602651964641,0.0964474355425803));
#3255=CARTESIAN_POINT('',(0.0129604745093181,-0.540502780857903,0.0976842251200723));
#3256=CARTESIAN_POINT('',(-0.000900027855432235,-0.56896,0.0611171449489352));
#3257=CARTESIAN_POINT('',(0.000785782873382126,-0.56896,0.0650788541005012));
#3258=CARTESIAN_POINT('',(0.00415708504554129,-0.56759610376398,0.0730015221964748));
#3259=CARTESIAN_POINT('',(0.00871886002025608,-0.561659051149727,0.0837219339196192));
#3260=CARTESIAN_POINT('',(0.0123382628227956,-0.552412166799459,0.0922279113775275));
#3261=CARTESIAN_POINT('',(0.0138865562477419,-0.544645422227136,0.0958667685950318));
#3262=CARTESIAN_POINT('',(0.014406679149396,-0.540551232364121,0.0970892679196015));
#3263=CARTESIAN_POINT('',(-0.000623465979125004,-0.56896,0.0609938251663119));
#3264=CARTESIAN_POINT('',(0.00127395467379701,-0.56896,0.0648545245676801));
#3265=CARTESIAN_POINT('',(0.00506843838031451,-0.56759951241582,0.0725751959648651));
#3266=CARTESIAN_POINT('',(0.0102041741495876,-0.561676805775949,0.0830250820566859));
#3267=CARTESIAN_POINT('',(0.0142816775452498,-0.552450669706538,0.09132205580457));
#3268=CARTESIAN_POINT('',(0.0160288542299223,-0.544699185359853,0.0948775803334256));
#3269=CARTESIAN_POINT('',(0.0166170289854751,-0.540612145328372,0.0960746667345328));
#3270=CARTESIAN_POINT('',(-0.000239551940040042,-0.56896,0.0607941479798288));
#3271=CARTESIAN_POINT('',(0.00185689818981633,-0.56896,0.064545259577939));
#3272=CARTESIAN_POINT('',(0.00604940475647778,-0.567601850251135,0.0720467784230067));
#3273=CARTESIAN_POINT('',(0.0117249376982631,-0.561688984715122,0.0822018839319227));
#3274=CARTESIAN_POINT('',(0.0162331927181194,-0.552477087713012,0.0902685149429628));
#3275=CARTESIAN_POINT('',(0.0181672926461454,-0.544736084598311,0.0937293229118598));
#3276=CARTESIAN_POINT('',(0.0188193910885403,-0.540653959067219,0.0948962143859884));
#3277=CARTESIAN_POINT('',(0.000358155924754838,-0.56896,0.0604397752098053));
#3278=CARTESIAN_POINT('',(0.00269488744540158,-0.56896,0.0640442676898072));
#3279=CARTESIAN_POINT('',(0.00736791290924714,-0.567603778009673,0.0712525777583252));
#3280=CARTESIAN_POINT('',(0.0136948881173891,-0.561699027885367,0.0810122318404496));
#3281=CARTESIAN_POINT('',(0.0187225128171059,-0.552498874756298,0.0887677119922381));
#3282=CARTESIAN_POINT('',(0.0208814844627903,-0.544766518565801,0.0920982293201413));
#3283=CARTESIAN_POINT('',(0.0216102718064645,-0.540688448507205,0.0932225477229507));
#3284=CARTESIAN_POINT('',(0.00108036682601471,-0.56896,0.0599447196808584));
#3285=CARTESIAN_POINT('',(0.00362964489677375,-0.56896,0.0634002597223836));
#3286=CARTESIAN_POINT('',(0.00872772407118695,-0.567604289526304,0.0703106932627982));
#3287=CARTESIAN_POINT('',(0.0156305105710658,-0.561701693054798,0.0796673916589308));
#3288=CARTESIAN_POINT('',(0.0211163300642056,-0.552504657429332,0.0871033742328302));
#3289=CARTESIAN_POINT('',(0.0234727453965394,-0.54477459793923,0.0902974508826108));
#3290=CARTESIAN_POINT('',(0.0242684724457891,-0.540697605628127,0.0913760334788623));
#3291=CARTESIAN_POINT('',(0.00219708206039413,-0.56896,0.059068741448729));
#3292=CARTESIAN_POINT('',(0.00500580279016242,-0.56896,0.0623211574701325));
#3293=CARTESIAN_POINT('',(0.0106227181923483,-0.567603552439902,0.0688253802909804));
#3294=CARTESIAN_POINT('',(0.0182275868063975,-0.561697852712944,0.0776315461216796));
#3295=CARTESIAN_POINT('',(0.0242705217144606,-0.552496325384678,0.0846289512951829));
#3296=CARTESIAN_POINT('',(0.0268653321533178,-0.544762957350904,0.0876335024195233));
#3297=CARTESIAN_POINT('',(0.0277411754929867,-0.540684412716497,0.0886476038198953));
#3298=CARTESIAN_POINT('',(0.00352562247139957,-0.56896,0.0578470490713676));
#3299=CARTESIAN_POINT('',(0.00656474200708806,-0.56896,0.0608897156793261));
#3300=CARTESIAN_POINT('',(0.0126424097642657,-0.567600990904915,0.0669744767532155));
#3301=CARTESIAN_POINT('',(0.0208694894543667,-0.561684507589977,0.0752110351899672));
#3302=CARTESIAN_POINT('',(0.0274035977361342,-0.552467374840996,0.0817524237570993));
#3303=CARTESIAN_POINT('',(0.0302058231664975,-0.544722516083734,0.0845575044246994));
#3304=CARTESIAN_POINT('',(0.0311501970176542,-0.540638581961234,0.0855027272907926));
#3305=CARTESIAN_POINT('',(0.00546265855438224,-0.56896,0.0557710122331049));
#3306=CARTESIAN_POINT('',(0.00876932287762189,-0.56896,0.0585371786091226));
#3307=CARTESIAN_POINT('',(0.0153820251998067,-0.567595772538111,0.0640689871096031));
#3308=CARTESIAN_POINT('',(0.0243297569316847,-0.561657324924705,0.0715539154193637));
#3309=CARTESIAN_POINT('',(0.0314289733168901,-0.552408419856395,0.0774920620186538));
#3310=CARTESIAN_POINT('',(0.0344657478172164,-0.544640184650979,0.0800316713015005));
#3311=CARTESIAN_POINT('',(0.0354858580647037,-0.540545294435279,0.0808845602173882));
#3312=CARTESIAN_POINT('',(0.0076357702653139,-0.56896,0.0529755046647515));
#3313=CARTESIAN_POINT('',(0.0111712563744251,-0.56896,0.0554614376052057));
#3314=CARTESIAN_POINT('',(0.0182415515111695,-0.567588206554392,0.0604328269901191));
#3315=CARTESIAN_POINT('',(0.027802819831455,-0.561617923135066,0.0671553989218486));
#3316=CARTESIAN_POINT('',(0.0353774755471113,-0.552322997752961,0.072480542249681));
#3317=CARTESIAN_POINT('',(0.0386054034145396,-0.544520947185982,0.0747491623808651));
#3318=CARTESIAN_POINT('',(0.0396845343501547,-0.540410227833978,0.0755072960328765));
#3319=CARTESIAN_POINT('',(0.0107232518764918,-0.56896,0.0481734576208418));
#3320=CARTESIAN_POINT('',(0.0145231485133214,-0.56896,0.0502821163890073));
#3321=CARTESIAN_POINT('',(0.0221222005119567,-0.567575339808323,0.0544990217970319));
#3322=CARTESIAN_POINT('',(0.0323882826207966,-0.561550942056314,0.0601953454897641));
#3323=CARTESIAN_POINT('',(0.0405007175195824,-0.552177875499663,0.0646955027239806));
#3324=CARTESIAN_POINT('',(0.0439356305394393,-0.544318524407493,0.0665996594787716));
#3325=CARTESIAN_POINT('',(0.0450745083698303,-0.540181034145473,0.0672304565692807));
#3326=CARTESIAN_POINT('',(0.0138967490173288,-0.56896,0.0418192928207521));
#3327=CARTESIAN_POINT('',(0.0179101133524868,-0.56896,0.0435483716644148));
#3328=CARTESIAN_POINT('',(0.0259360402752692,-0.567558795648334,0.0470061829878736));
#3329=CARTESIAN_POINT('',(0.0367647567153731,-0.561464867834483,0.0516708194473574));
#3330=CARTESIAN_POINT('',(0.0452935010597591,-0.551991564282523,0.0553432959173333));
#3331=CARTESIAN_POINT('',(0.048874164484681,-0.54405893929303,0.0568836033423482));
#3332=CARTESIAN_POINT('',(0.0500483053034796,-0.539887316854965,0.0573880301237073));
#3333=CARTESIAN_POINT('',(0.0178382443224942,-0.56896,0.0312591762471605));
#3334=CARTESIAN_POINT('',(0.0220840170117982,-0.56896,0.0324773513894009));
#3335=CARTESIAN_POINT('',(0.0305746818922896,-0.567532085381914,0.0349134471915357));
#3336=CARTESIAN_POINT('',(0.0420066512322638,-0.561326013388819,0.0381920898499888));
#3337=CARTESIAN_POINT('',(0.0509626730185152,-0.551691399577123,0.0407579073889478));
#3338=CARTESIAN_POINT('',(0.0546710489963211,-0.543641358509837,0.0418173576445661));
#3339=CARTESIAN_POINT('',(0.0558648149644908,-0.539415264349254,0.0421571123899451));
#3340=CARTESIAN_POINT('',(0.0210240980799465,-0.56896,0.0173477990860078));
#3341=CARTESIAN_POINT('',(0.0254436918308927,-0.56896,0.0180206275504443));
#3342=CARTESIAN_POINT('',(0.0342819178248365,-0.567497508178648,0.019366135426128));
#3343=CARTESIAN_POINT('',(0.0461494772106186,-0.561146479376152,0.0211709254158663));
#3344=CARTESIAN_POINT('',(0.0553816107045888,-0.551304062620356,0.0225711076438067));
#3345=CARTESIAN_POINT('',(0.0591338145430655,-0.543103747460695,0.0231360297045973));
#3346=CARTESIAN_POINT('',(0.0603110053522786,-0.538808374169416,0.0233114278616615));
#3347=CARTESIAN_POINT('',(0.0224139994552,-0.56896,0.000344117610456672));
#3348=CARTESIAN_POINT('',(0.0269468725437708,-0.56896,0.000409692911918197));
#3349=CARTESIAN_POINT('',(0.0360115741238057,-0.567455102123464,0.000540825747112964));
#3350=CARTESIAN_POINT('',(0.0481424113499169,-0.560926668641328,0.000714486400924196));
#3351=CARTESIAN_POINT('',(0.0574972321630713,-0.55083114370033,0.000844722509628772));
#3352=CARTESIAN_POINT('',(0.0612101886939011,-0.542449477233721,0.000892389991183376));
#3353=CARTESIAN_POINT('',(0.0623357349903036,-0.538071245574512,0.000905025426680864));
#3354=CARTESIAN_POINT('',(0.0214827614644072,-0.56896,-0.016746008177907));
#3355=CARTESIAN_POINT('',(0.0260448324681944,-0.56896,-0.0173079923954812));
#3356=CARTESIAN_POINT('',(0.0351678628881832,-0.567412915803799,-0.0184318267427202));
#3357=CARTESIAN_POINT('',(0.0473359018719538,-0.560708373180885,-0.0199326651552333));
#3358=CARTESIAN_POINT('',(0.0566371875066155,-0.550362809459207,-0.0210837414554925));
#3359=CARTESIAN_POINT('',(0.0602392998180443,-0.541803691640026,-0.0215337208951272));
#3360=CARTESIAN_POINT('',(0.0612909329884265,-0.537345140592097,-0.0216670251246415));
#3361=CARTESIAN_POINT('',(0.0187382861316527,-0.56896,-0.0305078147910913));
#3362=CARTESIAN_POINT('',(0.0232373469712799,-0.56896,-0.0316507769876));
#3363=CARTESIAN_POINT('',(0.0322343265406402,-0.56738122008711,-0.033936412897123));
#3364=CARTESIAN_POINT('',(0.0442040164893937,-0.560544639546321,-0.0369783333135016));
#3365=CARTESIAN_POINT('',(0.053292828721944,-0.550012509318304,-0.0392903040501635));
#3366=CARTESIAN_POINT('',(0.056746054760611,-0.541322240269138,-0.0401711205704962));
#3367=CARTESIAN_POINT('',(0.0577236422568001,-0.536804886764675,-0.0404215958114365));
#3368=CARTESIAN_POINT('',(0.0151385398540214,-0.56896,-0.0411684575632543));
#3369=CARTESIAN_POINT('',(0.0194783896325535,-0.56896,-0.0428752665938479));
#3370=CARTESIAN_POINT('',(0.0281569610146455,-0.567362334802954,-0.0462884416757927));
#3371=CARTESIAN_POINT('',(0.0396858565184264,-0.560447174078566,-0.0508230779142565));
#3372=CARTESIAN_POINT('',(0.0484053441596357,-0.549804310326216,-0.0542536313394962));
#3373=CARTESIAN_POINT('',(0.0516801965472494,-0.541036614721186,-0.0555431053541897));
#3374=CARTESIAN_POINT('',(0.0525895217498461,-0.536484733222674,-0.0559016394167666));
#3375=CARTESIAN_POINT('',(0.012142657404335,-0.56896,-0.0476810178762226));
#3376=CARTESIAN_POINT('',(0.0163018317818996,-0.56896,-0.0498141482654306));
#3377=CARTESIAN_POINT('',(0.0246190905638149,-0.56735572324076,-0.054079850041254));
#3378=CARTESIAN_POINT('',(0.0356623630142656,-0.560413068365273,-0.0597436615721648));
#3379=CARTESIAN_POINT('',(0.0440031855915665,-0.549731512451442,-0.0640214748920871));
#3380=CARTESIAN_POINT('',(0.0471232768363265,-0.540936835328036,-0.0656217177524593));
#3381=CARTESIAN_POINT('',(0.0479837124583819,-0.536372954255834,-0.0660630306322563));
#3382=CARTESIAN_POINT('',(0.00921161843507644,-0.56896,-0.0525980321076391));
#3383=CARTESIAN_POINT('',(0.0131206607368534,-0.56896,-0.055148149509617));
#3384=CARTESIAN_POINT('',(0.0209377237673716,-0.5673578953454,-0.0602477176940835));
#3385=CARTESIAN_POINT('',(0.0313186944138101,-0.56042427359994,-0.0670197695511573));
#3386=CARTESIAN_POINT('',(0.0391629925030602,-0.549755431332858,-0.0721367817694851));
#3387=CARTESIAN_POINT('',(0.0421014327003792,-0.540969621941427,-0.0740533334714879));
#3388=CARTESIAN_POINT('',(0.0429137095324594,-0.53640968556039,-0.0745830059660482));
#3389=CARTESIAN_POINT('',(0.00711777632867608,-0.56896,-0.0554987960310942));
#3390=CARTESIAN_POINT('',(0.0107966577719593,-0.56896,-0.0583572220502703));
#3391=CARTESIAN_POINT('',(0.0181534673471916,-0.567364427053774,-0.0640733327432444));
#3392=CARTESIAN_POINT('',(0.0279284596510543,-0.560457970280189,-0.071667913523499));
#3393=CARTESIAN_POINT('',(0.0353254131647576,-0.549827366300052,-0.0774140637425648));
#3394=CARTESIAN_POINT('',(0.0381079302325844,-0.541068235009064,-0.0795746732218643));
#3395=CARTESIAN_POINT('',(0.0388826172368054,-0.536520169156829,-0.0801757778210901));
#3396=CARTESIAN_POINT('',(0.00525473716662513,-0.56896,-0.0576509357029854));
#3397=CARTESIAN_POINT('',(0.00865703723323808,-0.56896,-0.0608053937178608));
#3398=CARTESIAN_POINT('',(0.0154607682847576,-0.567375875352445,-0.0671135034754769));
#3399=CARTESIAN_POINT('',(0.0245090483558345,-0.560517060504421,-0.0755023326779723));
#3400=CARTESIAN_POINT('',(0.0313725570637918,-0.549953613462108,-0.0818649658514712));
#3401=CARTESIAN_POINT('',(0.0339725822604091,-0.54124146861548,-0.0842745306188695));
#3402=CARTESIAN_POINT('',(0.0347050342152032,-0.536714369356974,-0.0849529910894775));
#3403=CARTESIAN_POINT('',(0.00397985536610427,-0.56896,-0.0589208133316678));
#3404=CARTESIAN_POINT('',(0.00714227255571858,-0.56896,-0.0622941191775916));
#3405=CARTESIAN_POINT('',(0.0134663110221393,-0.567387347027324,-0.0690398810495976));
#3406=CARTESIAN_POINT('',(0.0218844308127426,-0.5605762940448,-0.0780188218513515));
#3407=CARTESIAN_POINT('',(0.02828563956275,-0.550080246524899,-0.084845378359341));
#3408=CARTESIAN_POINT('',(0.0307278377370974,-0.541415360569468,-0.0874486397097602));
#3409=CARTESIAN_POINT('',(0.0314239403678008,-0.536909395762817,-0.0881900835489902));
#3410=CARTESIAN_POINT('',(0.00289666267783716,-0.56896,-0.0598472690064477));
#3411=CARTESIAN_POINT('',(0.00578518564489164,-0.56896,-0.0634286013610571));
#3412=CARTESIAN_POINT('',(0.0115615175944654,-0.567401595711697,-0.0705903802819392));
#3413=CARTESIAN_POINT('',(0.0192591558277172,-0.560649911950566,-0.0801339214803883));
#3414=CARTESIAN_POINT('',(0.0251298328674997,-0.550237791122683,-0.0874116536797513));
#3415=CARTESIAN_POINT('',(0.0273886951484907,-0.541631958605935,-0.0902110964916718));
#3416=CARTESIAN_POINT('',(0.0280414342836609,-0.537152495754392,-0.0910196704661621));
#3417=CARTESIAN_POINT('',(0.00219429290409527,-0.56896,-0.0603758103591514));
#3418=CARTESIAN_POINT('',(0.00485779736567809,-0.56896,-0.0641065227015336));
#3419=CARTESIAN_POINT('',(0.0101841583130574,-0.567413741231418,-0.0715670389726771));
#3420=CARTESIAN_POINT('',(0.0172890774724708,-0.560712692036655,-0.081518200153033));
#3421=CARTESIAN_POINT('',(0.0227216715802417,-0.550372242714808,-0.0891260063195799));
#3422=CARTESIAN_POINT('',(0.0248273117596197,-0.541816969718122,-0.0920735451184284));
#3423=CARTESIAN_POINT('',(0.0254428746960163,-0.537360255039171,-0.0929346765921601));
#3424=CARTESIAN_POINT('',(0.00161083451232773,-0.56896,-0.0607591696483384));
#3425=CARTESIAN_POINT('',(0.00402031901909901,-0.56896,-0.0646329212083375));
#3426=CARTESIAN_POINT('',(0.00883871225481966,-0.567427676761187,-0.0723794981199008));
#3427=CARTESIAN_POINT('',(0.0152730402142628,-0.560784768136919,-0.0827236754144941));
#3428=CARTESIAN_POINT('',(0.0202069959165206,-0.550526756000787,-0.0906550601628434));
#3429=CARTESIAN_POINT('',(0.0221348565928104,-0.542029834415177,-0.0937533366144855));
#3430=CARTESIAN_POINT('',(0.0227055754750217,-0.537599462486225,-0.0946701864793934));
#3431=CARTESIAN_POINT('',(0.00123505402203157,-0.56896,-0.060977986047812));
#3432=CARTESIAN_POINT('',(0.00343422059270524,-0.56896,-0.064956319541306));
#3433=CARTESIAN_POINT('',(0.00783203629485591,-0.567439266438779,-0.0729120496406441));
#3434=CARTESIAN_POINT('',(0.0137102154215712,-0.560844737160605,-0.0835452182261942));
#3435=CARTESIAN_POINT('',(0.0182287521562291,-0.550655406031105,-0.0917177576245207));
#3436=CARTESIAN_POINT('',(0.0200063985843999,-0.54220721648001,-0.0949316830152397));
#3437=CARTESIAN_POINT('',(0.0205381800246633,-0.537798897422033,-0.0958925584576195));
#3438=CARTESIAN_POINT('',(0.000963572224066182,-0.56896,-0.0611154636881186));
#3439=CARTESIAN_POINT('',(0.00294071815498324,-0.56896,-0.0651869202616969));
#3440=CARTESIAN_POINT('',(0.00689455204122864,-0.567451387705128,-0.0733288899107985));
#3441=CARTESIAN_POINT('',(0.0121842428659609,-0.560907492776768,-0.0842214557176618));
#3442=CARTESIAN_POINT('',(0.0162603812311072,-0.550790160797211,-0.0926145023738932));
#3443=CARTESIAN_POINT('',(0.0178748976928262,-0.542393220986618,-0.0959382855297098));
#3444=CARTESIAN_POINT('',(0.0183628403777769,-0.538008167431373,-0.0969425281384058));
#3445=CARTESIAN_POINT('',(0.0008248511888923,-0.56896,-0.0611786516969869));
#3446=CARTESIAN_POINT('',(0.00265203001015359,-0.56896,-0.0653057122443639));
#3447=CARTESIAN_POINT('',(0.00630596889215111,-0.567459504098381,-0.0735588872552499));
#3448=CARTESIAN_POINT('',(0.0111975248940762,-0.560949529938488,-0.0846073191945256));
#3449=CARTESIAN_POINT('',(0.0149730856535452,-0.550880483454674,-0.0931347654024256));
#3450=CARTESIAN_POINT('',(0.0164753430468906,-0.542517986554332,-0.0965274049380675));
#3451=CARTESIAN_POINT('',(0.0169324301539363,-0.538148601423177,-0.0975595173693507));
#3452=CARTESIAN_POINT('',(0.000759530882721173,-0.56896,-0.0612062868592151));
#3453=CARTESIAN_POINT('',(0.0024907748861442,-0.56896,-0.0653656552963173));
#3454=CARTESIAN_POINT('',(0.00595286875871686,-0.567464625662946,-0.0736834452021444));
#3455=CARTESIAN_POINT('',(0.0105894268245046,-0.560976063378471,-0.0848228889406085));
#3456=CARTESIAN_POINT('',(0.0141718487170971,-0.550937520185229,-0.0934296773254052));
#3457=CARTESIAN_POINT('',(0.0156012790996854,-0.542596815269911,-0.0968638180469213));
#3458=CARTESIAN_POINT('',(0.0160380176322944,-0.538237358495534,-0.0979130291949944));
#3459=CARTESIAN_POINT('',(0.00073169734459597,-0.56896,-0.0612176098958081));
#3460=CARTESIAN_POINT('',(0.00242122672453826,-0.56896,-0.065390385197697));
#3461=CARTESIAN_POINT('',(0.00579990197992529,-0.567466856439935,-0.0737349886187418));
#3462=CARTESIAN_POINT('',(0.0103255285639306,-0.560987621851645,-0.0849123097458665));
#3463=CARTESIAN_POINT('',(0.0138238231517511,-0.550962371483392,-0.0935523301350069));
#3464=CARTESIAN_POINT('',(0.0152214138273126,-0.54263116960081,-0.0970040590750968));
#3465=CARTESIAN_POINT('',(0.015649200337357,-0.538276045260523,-0.098060587737403));
#3466=CARTESIAN_POINT('',(0.000721552072764493,-0.56896,-0.0612216826992491));
#3467=CARTESIAN_POINT('',(0.00238958738014106,-0.56896,-0.0654012581059829));
#3468=CARTESIAN_POINT('',(0.00572527993975785,-0.567467985968288,-0.0737594616296356));
#3469=CARTESIAN_POINT('',(0.0101937284970506,-0.560993474656715,-0.0849559966140956));
#3470=CARTESIAN_POINT('',(0.0136486225618119,-0.550974956382229,-0.0936128784989786));
#3471=CARTESIAN_POINT('',(0.015029744927997,-0.542648568651847,-0.0970735356945425));
#3472=CARTESIAN_POINT('',(0.0154528811594591,-0.538295639702097,-0.0981337804877742));
#3473=CARTESIAN_POINT('',(0.000706314315202684,-0.56896,-0.0612277549406056));
#3474=CARTESIAN_POINT('',(0.00237294482327779,-0.56896,-0.0654076424217808));
#3475=CARTESIAN_POINT('',(0.00570582817606366,-0.567468133484015,-0.0737664702113654));
#3476=CARTESIAN_POINT('',(0.0101705645287021,-0.560994239066578,-0.0849639718893222));
#3477=CARTESIAN_POINT('',(0.0136226911333895,-0.550976600172588,-0.0936218640726369));
#3478=CARTESIAN_POINT('',(0.015002819240575,-0.542650841459336,-0.0970832118959806));
#3479=CARTESIAN_POINT('',(0.0154257011012885,-0.538298199434369,-0.0981437968464789));
#3480=CARTESIAN_POINT('',(0.000531125523600697,-0.568959999999999,-0.061297670296225));
#3481=CARTESIAN_POINT('',(0.00220303363157167,-0.568959999999999,-0.0654745044121212));
#3482=CARTESIAN_POINT('',(0.00554647130789204,-0.567468752540246,-0.0738272269482132));
#3483=CARTESIAN_POINT('',(0.0100255680732235,-0.560997446757385,-0.0850170948486518));
#3484=CARTESIAN_POINT('',(0.0134892451278854,-0.550983497339808,-0.093670182517771));
#3485=CARTESIAN_POINT('',(0.0148744785145345,-0.542660376837105,-0.0971308069573757));
#3486=CARTESIAN_POINT('',(0.0152991432042854,-0.538308937843591,-0.0981917070057945));
#3487=CARTESIAN_POINT('',(0.000358447423969917,-0.56896,-0.0613665197313747));
#3488=CARTESIAN_POINT('',(0.00202450814255219,-0.56896,-0.0655437685209036));
#3489=CARTESIAN_POINT('',(0.0053562529496189,-0.567469917715195,-0.0738973217899629));
#3490=CARTESIAN_POINT('',(0.00982009212881573,-0.561003484738356,-0.0850893308681909));
#3491=CARTESIAN_POINT('',(0.0132727907221721,-0.550996482060172,-0.0937461466268668));
#3492=CARTESIAN_POINT('',(0.0146545281067442,-0.542678331327769,-0.0972105224166979));
#3493=CARTESIAN_POINT('',(0.0150785220181096,-0.538329159640174,-0.098273585600477));
#3494=CARTESIAN_POINT('',(0.000195933160445564,-0.56896,-0.0614313309328054));
#3495=CARTESIAN_POINT('',(0.00186138393244085,-0.56896,-0.0656074532646278));
#3496=CARTESIAN_POINT('',(0.00519190941385855,-0.567470768122276,-0.0739587549503495));
#3497=CARTESIAN_POINT('',(0.00965441379287514,-0.561007891795158,-0.0851484967946818));
#3498=CARTESIAN_POINT('',(0.0131066822046031,-0.551005960224177,-0.0938050692086305));
#3499=CARTESIAN_POINT('',(0.0144889042756861,-0.542691438390238,-0.0972709948040692));
#3500=CARTESIAN_POINT('',(0.0149133411602416,-0.53834392271247,-0.0983352714442715));
#3501=CARTESIAN_POINT('',(0.0157387731062436,-0.540587039953509,0.0964698742484774));
#3502=CARTESIAN_POINT('',(0.0154523673683576,-0.542649973965837,0.095862716103081));
#3503=CARTESIAN_POINT('',(0.0147489088091538,-0.546625665616712,0.0943714380395829));
#3504=CARTESIAN_POINT('',(0.0132884070866511,-0.552190440974939,0.0912752866714984));
#3505=CARTESIAN_POINT('',(0.0115122074065345,-0.557052980087805,0.087509879904185));
#3506=CARTESIAN_POINT('',(0.00939484757226007,-0.5612873562957,0.0830212398385076));
#3507=CARTESIAN_POINT('',(0.00744344371251008,-0.564078947379841,0.0788844136800986));
#3508=CARTESIAN_POINT('',(0.00578356614306379,-0.565873047267787,0.0753656008445424));
#3509=CARTESIAN_POINT('',(0.00404438082977744,-0.567374796504709,0.0716786616892383));
#3510=CARTESIAN_POINT('',(0.00181947169913523,-0.56861905771493,0.0669620253836693));
#3511=CARTESIAN_POINT('',(-6.52573884956514E-6,-0.56896,0.0630910511981352));
#3512=CARTESIAN_POINT('',(-0.000932048380827825,-0.56896,0.0611290143514796));
#3513=CARTESIAN_POINT('',(0.00170643404840081,-0.56896,-0.0614013314955312));
#3514=CARTESIAN_POINT('',(-0.00796169567024243,-0.56896,-0.0898045577941472));
#3515=CARTESIAN_POINT('',(-0.0109047901553854,-0.5403803570003,-0.0984508400754586));
#3516=CARTESIAN_POINT('',(0.0016637706458802,-0.56896,-0.0613868093667563));
#3517=CARTESIAN_POINT('',(-0.00800351091766562,-0.568960000000036,-0.0897861184443338));
#3518=CARTESIAN_POINT('',(-0.0109475138890872,-0.540385304364864,-0.0984346272513271));
#3519=CARTESIAN_POINT('',(0.00157844451063572,-0.56896,-0.0613577631406575));
#3520=CARTESIAN_POINT('',(-0.00808714141866288,-0.568959999999984,-0.0897492388977229));
#3521=CARTESIAN_POINT('',(-0.0110329607550472,-0.540395198246993,-0.0984021976824256));
#3522=CARTESIAN_POINT('',(0.00147178851662306,-0.56896,-0.0613214504376645));
#3523=CARTESIAN_POINT('',(-0.00819168200893024,-0.568960000000002,-0.0897031359840378));
#3524=CARTESIAN_POINT('',(-0.011139761541158,-0.540407563253083,-0.0983616531488532));
#3525=CARTESIAN_POINT('',(0.0013864647264352,-0.56896,-0.0612923973226026));
#3526=CARTESIAN_POINT('',(-0.0082753202207303,-0.56896,-0.0896662501997371));
#3527=CARTESIAN_POINT('',(-0.011225208817871,-0.540417454247929,-0.0983292089747878));
#3528=CARTESIAN_POINT('',(0.0013224723857491,-0.56896,-0.0612706060116743));
#3529=CARTESIAN_POINT('',(-0.00833802879813478,-0.56896,-0.089638592973934));
#3530=CARTESIAN_POINT('',(-0.0112892692850377,-0.540424870984559,-0.0983048815857038));
#3531=CARTESIAN_POINT('',(0.00126914585533799,-0.568959999999999,-0.0612524453515577));
#3532=CARTESIAN_POINT('',(-0.00839034389402462,-0.568959999999998,-0.0896155226247989));
#3533=CARTESIAN_POINT('',(-0.0113427281361313,-0.540431053740852,-0.0982845796083144));
#3534=CARTESIAN_POINT('',(0.00122648487885359,-0.568960000000001,-0.0612379160953566));
#3535=CARTESIAN_POINT('',(-0.00843206624049756,-0.568960000000001,-0.0895971155024975));
#3536=CARTESIAN_POINT('',(-0.011385324162085,-0.540435993570083,-0.0982683969790596));
#3537=CARTESIAN_POINT('',(0.00119982188082953,-0.56896,-0.061228834980364));
#3538=CARTESIAN_POINT('',(-0.00845843730221053,-0.56896,-0.0895854985847453));
#3539=CARTESIAN_POINT('',(-0.0114123347251928,-0.540439094587316,-0.0982581449414274));
#3540=CARTESIAN_POINT('',(0.00117849152775053,-0.56896,-0.0612215699551844));
#3541=CARTESIAN_POINT('',(-0.00847885885812789,-0.56896,-0.0895764624942365));
#3542=CARTESIAN_POINT('',(-0.0114330538163929,-0.540441543799366,-0.0982502574841419));
#3543=CARTESIAN_POINT('',(0.00116516012307445,-0.568960000000001,-0.0612170291205519));
#3544=CARTESIAN_POINT('',(-0.00849316288919695,-0.568960000000001,-0.0895702274171043));
#3545=CARTESIAN_POINT('',(-0.0114480321165976,-0.540443146437723,-0.0982446100664125));
#3546=CARTESIAN_POINT('',(0.00115582807370137,-0.568959999999999,-0.0612138507304976));
#3547=CARTESIAN_POINT('',(-0.00850008815492463,-0.568959999999999,-0.0895670402796018));
#3548=CARTESIAN_POINT('',(-0.0114544506735577,-0.540444124138636,-0.0982420949930516));
#3549=CARTESIAN_POINT('',(0.00115049560289531,-0.568960000000001,-0.061212034129117));
#3550=CARTESIAN_POINT('',(-0.00850887614628799,-0.568960000000001,-0.0895633768766887));
#3551=CARTESIAN_POINT('',(-0.0114644804036871,-0.540444908321179,-0.098238407597622));
#3552=CARTESIAN_POINT('',(0.00114649589983062,-0.568960000000001,-0.0612106727061922));
#3553=CARTESIAN_POINT('',(-0.00850185722470773,-0.568960000000002,-0.0895658194368477));
#3554=CARTESIAN_POINT('',(-0.0114540785000286,-0.540444861130335,-0.0982419816964574));
#3555=CARTESIAN_POINT('',(0.00114249757812609,-0.568959999999998,-0.0612093072251092));
#3556=CARTESIAN_POINT('',(-0.00856655163383725,-0.568959999999998,-0.0895409302948378));
#3557=CARTESIAN_POINT('',(-0.0115381254034552,-0.540448165970466,-0.0982121737382338));
#3558=CARTESIAN_POINT('',(0.00113716970781083,-0.568960000000001,-0.0612074771084442));
#3559=CARTESIAN_POINT('',(-0.00862640798494028,-0.568960000000001,-0.0895176848585168));
#3560=CARTESIAN_POINT('',(-0.0116154169110932,-0.54045130559733,-0.0981845371957303));
#3561=CARTESIAN_POINT('',(0.00112785335016585,-0.568959999999999,-0.0612042526191557));
#3562=CARTESIAN_POINT('',(-0.00874021834714164,-0.568959999999999,-0.0894733235060143));
#3563=CARTESIAN_POINT('',(-0.0117626205154811,-0.540457162885196,-0.0981316135142502));
#3564=CARTESIAN_POINT('',(0.0011145652092057,-0.56896,-0.0611995846857758));
#3565=CARTESIAN_POINT('',(-0.00888955962142898,-0.56896,-0.0894143679496102));
#3566=CARTESIAN_POINT('',(-0.0119554770280724,-0.540464743610121,-0.0980612368969498));
#3567=CARTESIAN_POINT('',(0.00109334605385716,-0.568959999999998,-0.0611919929779492));
#3568=CARTESIAN_POINT('',(-0.00911912217661103,-0.568959999999998,-0.0893224980892029));
#3569=CARTESIAN_POINT('',(-0.0122517159766626,-0.540476137929524,-0.097951342301757));
#3570=CARTESIAN_POINT('',(0.00106689646182973,-0.568960000000001,-0.0611822849689859));
#3571=CARTESIAN_POINT('',(-0.0093843138417603,-0.568960000000001,-0.0892141626806626));
#3572=CARTESIAN_POINT('',(-0.0125933806209951,-0.54048888938996,-0.0978214548232088));
#3573=CARTESIAN_POINT('',(0.00103526489565069,-0.568959999999999,-0.0611703179780088));
#3574=CARTESIAN_POINT('',(-0.00967778651142412,-0.568959999999999,-0.0890914167487646));
#3575=CARTESIAN_POINT('',(-0.012970793653444,-0.540502460832491,-0.0976739154797705));
#3576=CARTESIAN_POINT('',(0.000993222701280795,-0.56896,-0.0611539718716863));
#3577=CARTESIAN_POINT('',(-0.0100418292322081,-0.568960000000001,-0.0889358274418086));
#3578=CARTESIAN_POINT('',(-0.0134381587006069,-0.540518678220188,-0.0974864957845666));
#3579=CARTESIAN_POINT('',(0.000919969707475426,-0.568959999999998,-0.0611244111253342));
#3580=CARTESIAN_POINT('',(-0.0106208934932202,-0.568959999999998,-0.0886806980037804));
#3581=CARTESIAN_POINT('',(-0.014179709054516,-0.540543064059358,-0.0971783157785637));
#3582=CARTESIAN_POINT('',(0.000816170552165307,-0.568960000000003,-0.0610797924823163));
#3583=CARTESIAN_POINT('',(-0.0113300393738736,-0.568960000000003,-0.0883514241860976));
#3584=CARTESIAN_POINT('',(-0.0150834612918125,-0.540569887652081,-0.0967790664016227));
#3585=CARTESIAN_POINT('',(0.000692560974842752,-0.568959999999999,-0.0610229989906345));
#3586=CARTESIAN_POINT('',(-0.0120646990391193,-0.568959999999999,-0.0879915440847774));
#3587=CARTESIAN_POINT('',(-0.0160146071495704,-0.540594481357395,-0.096341658496158));
#3588=CARTESIAN_POINT('',(0.000570577706465656,-0.568960000000001,-0.0609637631271301));
#3589=CARTESIAN_POINT('',(-0.0127162922688127,-0.568960000000001,-0.0876574714471668));
#3590=CARTESIAN_POINT('',(-0.0168364475673894,-0.5406138232775,-0.0959350501845273));
#3591=CARTESIAN_POINT('',(0.000409934136492676,-0.568959999999999,-0.0608819640460823));
#3592=CARTESIAN_POINT('',(-0.0135034246294976,-0.568959999999999,-0.0872375964056821));
#3593=CARTESIAN_POINT('',(-0.0178248558593088,-0.540634564419526,-0.0954236549915366));
#3594=CARTESIAN_POINT('',(0.000212438914021363,-0.56896,-0.0607749719513605));
#3595=CARTESIAN_POINT('',(-0.0143674750486585,-0.56896,-0.0867510804474925));
#3596=CARTESIAN_POINT('',(-0.018902647804566,-0.540653451655719,-0.0948311974136375));
#3597=CARTESIAN_POINT('',(-2.01116351574459E-5,-0.56896,-0.0606402370355205));
#3598=CARTESIAN_POINT('',(-0.015281901990014,-0.56896,-0.0862060187093265));
#3599=CARTESIAN_POINT('',(-0.0200350052576848,-0.540669097105087,-0.0941682263241282));
#3600=CARTESIAN_POINT('',(-0.000248783920842134,-0.568960000000001,-0.0604999587658048));
#3601=CARTESIAN_POINT('',(-0.0161063699627629,-0.568960000000001,-0.0856895894158295));
#3602=CARTESIAN_POINT('',(-0.0210491823399017,-0.540679837683383,-0.0935412279792177));
#3603=CARTESIAN_POINT('',(-0.000474003652697285,-0.568959999999999,-0.06035474501815));
#3604=CARTESIAN_POINT('',(-0.0168618540734639,-0.568959999999999,-0.0851952370302368));
#3605=CARTESIAN_POINT('',(-0.0219728250686629,-0.540687031988751,-0.0929423950085862));
#3606=CARTESIAN_POINT('',(-0.000770113892398648,-0.568960000000001,-0.0601551591729831));
#3607=CARTESIAN_POINT('',(-0.0177975432375813,-0.568960000000001,-0.0845584279483613));
#3608=CARTESIAN_POINT('',(-0.0231104378848012,-0.540692957934774,-0.092172747374862));
#3609=CARTESIAN_POINT('',(-0.00127827367343874,-0.568959999999999,-0.0597914479944511));
#3610=CARTESIAN_POINT('',(-0.0192797742009974,-0.568959999999999,-0.0834926085060349));
#3611=CARTESIAN_POINT('',(-0.0248978947958233,-0.540695893472042,-0.0908895424165371));
#3612=CARTESIAN_POINT('',(-0.00197911298418858,-0.568959999999999,-0.0592367897003925));
#3613=CARTESIAN_POINT('',(-0.021090166234001,-0.568959999999999,-0.0820635015570527));
#3614=CARTESIAN_POINT('',(-0.0270501983485832,-0.540686437417445,-0.0891822515709236));
#3615=CARTESIAN_POINT('',(-0.00278955992026891,-0.568959999999999,-0.0585238965525558));
#3616=CARTESIAN_POINT('',(-0.0229735048658613,-0.56896,-0.0804276521153104));
#3617=CARTESIAN_POINT('',(-0.0292569782476645,-0.540663756120485,-0.0872464843414961));
#3618=CARTESIAN_POINT('',(-0.00356218529766839,-0.568960000000001,-0.0577815621919371));
#3619=CARTESIAN_POINT('',(-0.0246323152763951,-0.56896,-0.0788640263964194));
#3620=CARTESIAN_POINT('',(-0.0311766560690156,-0.540634508144948,-0.085412186839457));
#3621=CARTESIAN_POINT('',(-0.0043028354749722,-0.56896,-0.0570139141944724));
#3622=CARTESIAN_POINT('',(-0.0261290671721268,-0.56896,-0.0773497020651411));
#3623=CARTESIAN_POINT('',(-0.0328905526483917,-0.540601211479906,-0.0836494789904065));
#3624=CARTESIAN_POINT('',(-0.00501518507644599,-0.56896,-0.0562239816298041));
#3625=CARTESIAN_POINT('',(-0.02750062338203,-0.56896,-0.075870929507565));
#3626=CARTESIAN_POINT('',(-0.0344465555665436,-0.54056510810383,-0.0819400603385972));
#3627=CARTESIAN_POINT('',(-0.00570213718137621,-0.56896,-0.0554140085235378));
#3628=CARTESIAN_POINT('',(-0.0287711826477756,-0.56896,-0.0744191618791327));
#3629=CARTESIAN_POINT('',(-0.0358760676884955,-0.540527134055613,-0.0802724821647293));
#3630=CARTESIAN_POINT('',(-0.00658710985229914,-0.568959999999999,-0.0543096741633081));
#3631=CARTESIAN_POINT('',(-0.0303543460590671,-0.568959999999999,-0.0725101920777343));
#3632=CARTESIAN_POINT('',(-0.0376438226102238,-0.54047457708178,-0.0780924770024006));
#3633=CARTESIAN_POINT('',(-0.00764001298404125,-0.568960000000001,-0.0528869342618709));
#3634=CARTESIAN_POINT('',(-0.0321576128593879,-0.568960000000001,-0.0701625251019413));
#3635=CARTESIAN_POINT('',(-0.0396363982469602,-0.540406281631723,-0.0754325521093458));
#3636=CARTESIAN_POINT('',(-0.00882815671462416,-0.568959999999999,-0.0511215546385));
#3637=CARTESIAN_POINT('',(-0.0341082527732273,-0.568959999999999,-0.0673833900423136));
#3638=CARTESIAN_POINT('',(-0.0417676169619528,-0.540321774891738,-0.0723107859855964));
#3639=CARTESIAN_POINT('',(-0.00995081568102871,-0.568960000000001,-0.0492997563550044));
#3640=CARTESIAN_POINT('',(-0.0358915474927265,-0.568960000000001,-0.0646202710079105));
#3641=CARTESIAN_POINT('',(-0.0436964690732003,-0.540235303569199,-0.0692302620370004));
#3642=CARTESIAN_POINT('',(-0.0110043096413182,-0.568959999999999,-0.0474418209861685));
#3643=CARTESIAN_POINT('',(-0.0375220097371188,-0.568959999999999,-0.061885922533297));
#3644=CARTESIAN_POINT('',(-0.0454442003159431,-0.540148028641708,-0.0662015680098327));
#3645=CARTESIAN_POINT('',(-0.012318993999014,-0.568960000000001,-0.0449323944885347));
#3646=CARTESIAN_POINT('',(-0.0395155786608007,-0.568960000000001,-0.0582817771183111));
#3647=CARTESIAN_POINT('',(-0.0475631733197553,-0.5400314104996,-0.0622330166141203));
#3648=CARTESIAN_POINT('',(-0.0138111293390482,-0.56896,-0.0417351373835722));
#3649=CARTESIAN_POINT('',(-0.0417219633976233,-0.56896,-0.0538275929978882));
#3650=CARTESIAN_POINT('',(-0.0498811981077225,-0.539884987796742,-0.0573646329878209));
#3651=CARTESIAN_POINT('',(-0.0153904080102552,-0.56896,-0.0378160894125029));
#3652=CARTESIAN_POINT('',(-0.0440101617191712,-0.568960000000001,-0.0485266895093606));
#3653=CARTESIAN_POINT('',(-0.0522537036995006,-0.539708407191152,-0.0516138472683416));
#3654=CARTESIAN_POINT('',(-0.0167795026478773,-0.568960000000001,-0.0338217289731084));
#3655=CARTESIAN_POINT('',(-0.0459998641799222,-0.568960000000001,-0.0432403667509595));
#3656=CARTESIAN_POINT('',(-0.0542899901679397,-0.539530555128116,-0.0459147136518356));
#3657=CARTESIAN_POINT('',(-0.017992409697287,-0.56896,-0.0297601968038648));
#3658=CARTESIAN_POINT('',(-0.0477298446948441,-0.56896,-0.0379531682550857));
#3659=CARTESIAN_POINT('',(-0.0560370300720752,-0.539351335481416,-0.0402441360001778));
#3660=CARTESIAN_POINT('',(-0.0193902288009791,-0.568960000000002,-0.0242489164821604));
#3661=CARTESIAN_POINT('',(-0.0497299319683858,-0.568960000000001,-0.0308644362540835));
#3662=CARTESIAN_POINT('',(-0.0580264159131055,-0.539109646852091,-0.032678803695178));
#3663=CARTESIAN_POINT('',(-0.0207226241312272,-0.56896,-0.0172919489159563));
#3664=CARTESIAN_POINT('',(-0.0516689583143262,-0.568960000000001,-0.022040514953419));
#3665=CARTESIAN_POINT('',(-0.059902964185285,-0.538806440990141,-0.0233133329752459));
#3666=CARTESIAN_POINT('',(-0.0217162269331793,-0.56896,-0.00884561668449318));
#3667=CARTESIAN_POINT('',(-0.0532178253788568,-0.56896,-0.0114325262872701));
#3668=CARTESIAN_POINT('',(-0.06131926882734,-0.538439981767006,-0.0121073099028215));
#3669=CARTESIAN_POINT('',(-0.0221234560218214,-0.56896,-0.000331010614411361));
#3670=CARTESIAN_POINT('',(-0.0540306690144254,-0.56896,-0.000764144254382706));
#3671=CARTESIAN_POINT('',(-0.0619516918595691,-0.538072492712149,-0.000881072283848012));
#3672=CARTESIAN_POINT('',(-0.0219523575653958,-0.568960000000001,0.00815884050452862));
#3673=CARTESIAN_POINT('',(-0.0541163210064357,-0.568960000000001,0.00991326529578826));
#3674=CARTESIAN_POINT('',(-0.0618178917958586,-0.537709942099216,0.0103241462903147));
#3675=CARTESIAN_POINT('',(-0.0211910223028528,-0.56896,0.0166589301059963));
#3676=CARTESIAN_POINT('',(-0.0534473511512399,-0.56896,0.0207102239088383));
#3677=CARTESIAN_POINT('',(-0.0608930442345351,-0.537355146233866,0.0216366484963291));
#3678=CARTESIAN_POINT('',(-0.0200578036785669,-0.568960000000001,0.0236107525229687));
#3679=CARTESIAN_POINT('',(-0.0522220782207991,-0.56896,0.0296864582134865));
#3680=CARTESIAN_POINT('',(-0.0594290382796978,-0.53707783949618,0.0310433815126892));
#3681=CARTESIAN_POINT('',(-0.0188323750386051,-0.568959999999999,0.0290993416270891));
#3682=CARTESIAN_POINT('',(-0.0507853665028035,-0.56896,0.0369145138845849));
#3683=CARTESIAN_POINT('',(-0.0577851713542262,-0.536873111429291,0.0386247755070026));
#3684=CARTESIAN_POINT('',(-0.017744497730896,-0.56896,0.0331752873076158));
#3685=CARTESIAN_POINT('',(-0.0494533255620906,-0.56896,0.0423730913917298));
#3686=CARTESIAN_POINT('',(-0.0562898903605598,-0.536730890187777,0.0443545943534819));
#3687=CARTESIAN_POINT('',(-0.0164753446967889,-0.56896,0.0372085805147827));
#3688=CARTESIAN_POINT('',(-0.0478330840614957,-0.56896,0.0478843390906491));
#3689=CARTESIAN_POINT('',(-0.0544967808813035,-0.536603601701538,0.0501516580638163));
#3690=CARTESIAN_POINT('',(-0.015008200585494,-0.56896,0.0411938802562415));
#3691=CARTESIAN_POINT('',(-0.0458754894883286,-0.56896,0.0534695694628245));
#3692=CARTESIAN_POINT('',(-0.0523544729581126,-0.536496546535923,0.0560451826676778));
#3693=CARTESIAN_POINT('',(-0.0135972435154518,-0.56896,0.0444733423527087));
#3694=CARTESIAN_POINT('',(-0.043896040129324,-0.56896,0.0582178164181801));
#3695=CARTESIAN_POINT('',(-0.0502071472190045,-0.536431045129299,0.061080411155215));
#3696=CARTESIAN_POINT('',(-0.0123585097961748,-0.56896,0.0470253226107063));
#3697=CARTESIAN_POINT('',(-0.042073037845896,-0.56896,0.0620353710127751));
#3698=CARTESIAN_POINT('',(-0.04824000187734,-0.536400145221468,0.0651504828603383));
#3699=CARTESIAN_POINT('',(-0.0113692129425488,-0.56896,0.0489049225553587));
#3700=CARTESIAN_POINT('',(-0.040565744970366,-0.56896,0.0649193492250943));
#3701=CARTESIAN_POINT('',(-0.0466179362367598,-0.53638995617442,0.0682389918092907));
#3702=CARTESIAN_POINT('',(-0.0103150548970488,-0.56896,0.0507462384720194));
#3703=CARTESIAN_POINT('',(-0.0388945880415543,-0.56896,0.0678305670250728));
#3704=CARTESIAN_POINT('',(-0.0448229413655896,-0.536395839019666,0.0713744913112904));
#3705=CARTESIAN_POINT('',(-0.00918948420574724,-0.56896,0.05254570186216));
#3706=CARTESIAN_POINT('',(-0.0370251358556206,-0.56896,0.0707803475952138));
#3707=CARTESIAN_POINT('',(-0.0428169618825563,-0.536422123560202,0.0745745992164906));
#3708=CARTESIAN_POINT('',(-0.00798361000678389,-0.56896,0.0542981956912592));
#3709=CARTESIAN_POINT('',(-0.0349059339684028,-0.56896,0.073784768946058));
#3710=CARTESIAN_POINT('',(-0.0405425757663295,-0.536475344858294,0.0778647869206301));
#3711=CARTESIAN_POINT('',(-0.00690194038664263,-0.56896,0.0557131338969011));
#3712=CARTESIAN_POINT('',(-0.0328665340616186,-0.56896,0.0763537280051154));
#3713=CARTESIAN_POINT('',(-0.0383502217850176,-0.536550510143068,0.0807130515216578));
#3714=CARTESIAN_POINT('',(-0.00598012682561924,-0.56896,0.056812970386477));
#3715=CARTESIAN_POINT('',(-0.0309958686999679,-0.56896,0.0784716875142387));
#3716=CARTESIAN_POINT('',(-0.0363328347171272,-0.536638628440485,0.0830924443551324));
#3717=CARTESIAN_POINT('',(-0.00526434040777592,-0.568959999999999,0.0576115686461203));
#3718=CARTESIAN_POINT('',(-0.0294582139901017,-0.568959999999999,0.080083728016384));
#3719=CARTESIAN_POINT('',(-0.0346689113226167,-0.536721896936375,0.0849235426385927));
#3720=CARTESIAN_POINT('',(-0.0045206357635387,-0.568960000000001,0.0583819089641215));
#3721=CARTESIAN_POINT('',(-0.0277477238788384,-0.568960000000001,0.0817302562350252));
#3722=CARTESIAN_POINT('',(-0.0328098880299574,-0.536827320052964,0.0868186281267859));
#3723=CARTESIAN_POINT('',(-0.00374516547756234,-0.56896,0.0591196780158777));
#3724=CARTESIAN_POINT('',(-0.0258026626141589,-0.56896,0.0834268605494753));
#3725=CARTESIAN_POINT('',(-0.0306829744074429,-0.536963094717484,0.0888044259390091));
#3726=CARTESIAN_POINT('',(-0.00306771539149339,-0.56896,0.0597023911101865));
#3727=CARTESIAN_POINT('',(-0.023901212223792,-0.56896,0.0849031913502463));
#3728=CARTESIAN_POINT('',(-0.0285867947492792,-0.537112794341369,0.0905701986750637));
#3729=CARTESIAN_POINT('',(-0.00257258390486263,-0.568960000000001,0.0600891500298256));
#3730=CARTESIAN_POINT('',(-0.0223198629406997,-0.56896,0.0859946778986588));
#3731=CARTESIAN_POINT('',(-0.0268269304601795,-0.537250177628613,0.0919069424504329));
#3732=CARTESIAN_POINT('',(-0.00228289589636729,-0.56896,0.0603027999829769));
#3733=CARTESIAN_POINT('',(-0.0213151039498559,-0.56896,0.0866408018379502));
#3734=CARTESIAN_POINT('',(-0.0257014067899059,-0.537341975531171,0.0927106614716148));
#3735=CARTESIAN_POINT('',(-0.0020636986696262,-0.568960000000001,0.0604577817733556));
#3736=CARTESIAN_POINT('',(-0.0205058224775461,-0.568960000000001,0.087135308216533));
#3737=CARTESIAN_POINT('',(-0.0247904557210714,-0.537418374114214,0.0933330072333685));
#3738=CARTESIAN_POINT('',(-0.00184202107841698,-0.568959999999999,0.0606073365862537));
#3739=CARTESIAN_POINT('',(-0.019624144778616,-0.568959999999999,0.0876441713795999));
#3740=CARTESIAN_POINT('',(-0.023792725900584,-0.537504406901999,0.0939819396652879));
#3741=CARTESIAN_POINT('',(-0.00161770781900078,-0.568960000000001,0.0607508206005903));
#3742=CARTESIAN_POINT('',(-0.0186512052227063,-0.568960000000001,0.0881702562488572));
#3743=CARTESIAN_POINT('',(-0.0226850682697098,-0.537602591389034,0.0946632094729282));
#3744=CARTESIAN_POINT('',(-0.00142828519095254,-0.568959999999999,0.0608647160410102));
#3745=CARTESIAN_POINT('',(-0.0177344006679253,-0.568959999999999,0.0886297637526486));
#3746=CARTESIAN_POINT('',(-0.0216340021024239,-0.537698353680112,0.0952692880582015));
#3747=CARTESIAN_POINT('',(-0.00127500119503601,-0.56896,0.0609518487122187));
#3748=CARTESIAN_POINT('',(-0.0169058500277009,-0.56896,0.0890160604001555));
#3749=CARTESIAN_POINT('',(-0.0206777320301631,-0.537787375851183,0.0957879770463303));
#3750=CARTESIAN_POINT('',(-0.00115907571058548,-0.56896,0.0610150040732536));
#3751=CARTESIAN_POINT('',(-0.0162239514625185,-0.56896,0.089317394322009));
#3752=CARTESIAN_POINT('',(-0.0198866737229429,-0.537862034041317,0.0961981997624293));
#3753=CARTESIAN_POINT('',(-0.00104207405384148,-0.56896,0.0610757055853333));
#3754=CARTESIAN_POINT('',(-0.0154599622803152,-0.56896,0.0896346990869398));
#3755=CARTESIAN_POINT('',(-0.0189953689171843,-0.537947306320594,0.0966371436755624));
#3756=CARTESIAN_POINT('',(-0.000943541546851411,-0.568960000000001,0.061123939166831));
#3757=CARTESIAN_POINT('',(-0.0147245536152012,-0.568960000000001,0.0899184545159787));
#3758=CARTESIAN_POINT('',(-0.0181318709322626,-0.538031034237232,0.0970373366312798));
#3759=CARTESIAN_POINT('',(-0.000863971392692111,-0.568959999999999,0.0611608293192865));
#3760=CARTESIAN_POINT('',(-0.0140425492372756,-0.568959999999999,0.0901629798813111));
#3761=CARTESIAN_POINT('',(-0.0173261499158858,-0.538109968953082,0.0973889462806934));
#3762=CARTESIAN_POINT('',(-0.000813890473402434,-0.568960000000001,0.0611830886158717));
#3763=CARTESIAN_POINT('',(-0.0135631243631707,-0.568960000000001,0.0903256789302532));
#3764=CARTESIAN_POINT('',(-0.0167571436637316,-0.538166068532582,0.0976264341592611));
#3765=CARTESIAN_POINT('',(-0.000773582540967624,-0.568959999999999,0.0612003415478141));
#3766=CARTESIAN_POINT('',(-0.0131298828949333,-0.568959999999999,0.0904652398394663));
#3767=CARTESIAN_POINT('',(-0.0162408026582044,-0.538217222840578,0.0978330852678881));
#3768=CARTESIAN_POINT('',(-0.000748278881543654,-0.568959999999999,0.061210871083301));
#3769=CARTESIAN_POINT('',(-0.0128367733392952,-0.568959999999999,0.0905562347558193));
#3770=CARTESIAN_POINT('',(-0.0158905010072138,-0.538252025969522,0.0979691984385482));
#3771=CARTESIAN_POINT('',(-0.000731770870181895,-0.568960000000002,0.0612175770345555));
#3772=CARTESIAN_POINT('',(-0.0126227636459206,-0.568960000000002,0.0906204066548496));
#3773=CARTESIAN_POINT('',(-0.0156339647099804,-0.538277576671037,0.0980661800986124));
#3774=CARTESIAN_POINT('',(-0.000724139569349399,-0.568959999999999,0.0612206442297827));
#3775=CARTESIAN_POINT('',(-0.0125270650995381,-0.568959999999999,0.0906487244114945));
#3776=CARTESIAN_POINT('',(-0.0155192435476402,-0.538289006214786,0.0981090796152313));
#3777=CARTESIAN_POINT('',(-0.000719048211953591,-0.568960000000001,0.0612226803086302));
#3778=CARTESIAN_POINT('',(-0.0124454140130267,-0.568960000000001,0.0906726537818937));
#3779=CARTESIAN_POINT('',(-0.0154209837826179,-0.538298814831678,0.0981455895269009));
#3780=CARTESIAN_POINT('',(-0.00071013409520337,-0.568960000000001,0.0612262337762956));
#3781=CARTESIAN_POINT('',(-0.0124715445240058,-0.568960000000001,0.0906653118001072));
#3782=CARTESIAN_POINT('',(-0.0154549976743102,-0.538295299980697,0.0981329652216724));
#3783=CARTESIAN_POINT('',(-0.000697401772922378,-0.568959999999999,0.061231315015624));
#3784=CARTESIAN_POINT('',(-0.0124387033176547,-0.568959999999999,0.0906752703614164));
#3785=CARTESIAN_POINT('',(-0.0154180752845333,-0.538298864422338,0.0981467151231749));
#3786=CARTESIAN_POINT('',(-0.000677028832098771,-0.56896,0.0612394422051163));
#3787=CARTESIAN_POINT('',(-0.0124253716066183,-0.56896,0.0906797773171178));
#3788=CARTESIAN_POINT('',(-0.0154067884184728,-0.538299769462671,0.0981509520745951));
#3789=CARTESIAN_POINT('',(-0.000651563014576874,-0.568959999999999,0.0612496020093951));
#3790=CARTESIAN_POINT('',(-0.0123952806363866,-0.568959999999999,0.0906893232424143));
#3791=CARTESIAN_POINT('',(-0.015376316717725,-0.538302543626353,0.0981623300181775));
#3792=CARTESIAN_POINT('',(-0.000610817367326904,-0.56896,0.0612658569227996));
#3793=CARTESIAN_POINT('',(-0.0123546389054835,-0.56896,0.0907024100031436));
#3794=CARTESIAN_POINT('',(-0.0153367070926319,-0.538306064088348,0.0981771349861338));
#3795=CARTESIAN_POINT('',(-0.000559885180580277,-0.568959999999998,0.0612861752734709));
#3796=CARTESIAN_POINT('',(-0.0123012623979054,-0.568959999999998,0.0907195182634985));
#3797=CARTESIAN_POINT('',(-0.0152840569506531,-0.538310779692481,0.0981968065016415));
#3798=CARTESIAN_POINT('',(-0.000498766192740598,-0.56896,0.0613105564648656));
#3799=CARTESIAN_POINT('',(-0.0122383117095554,-0.568960000000001,0.0907397268188188));
#3800=CARTESIAN_POINT('',(-0.0152222192321034,-0.538316303564884,0.0982199115774344));
#3801=CARTESIAN_POINT('',(-0.000417273780546078,-0.56896,0.0613430637432852));
#3802=CARTESIAN_POINT('',(-0.0121539938514567,-0.568959999999992,0.0907667825974168));
#3803=CARTESIAN_POINT('',(-0.015139298794102,-0.538323715838788,0.0982508907411667));
#3804=CARTESIAN_POINT('',(-0.000315407436080545,-0.568960000000002,0.0613836959501053));
#3805=CARTESIAN_POINT('',(-0.0120487291582249,-0.568960000000071,0.0908005623726537));
#3806=CARTESIAN_POINT('',(-0.0150358087681241,-0.538332964890312,0.0982895506185674));
#3807=CARTESIAN_POINT('',(-0.000233913480606393,-0.568960000000002,0.0614161997111984));
#3808=CARTESIAN_POINT('',(-0.0119644720305589,-0.568959999999858,0.0908275981587253));
#3809=CARTESIAN_POINT('',(-0.0149529656670255,-0.538340369072048,0.0983204927994324));
#3810=CARTESIAN_POINT('',(-0.000193166283196034,-0.568960000000002,0.0614324510891505));
#3811=CARTESIAN_POINT('',(-0.0119223484484782,-0.568960000000002,0.0908411142531975));
#3812=CARTESIAN_POINT('',(-0.0149115498720108,-0.538344070537643,0.0983359605737163));
#3813=CARTESIAN_POINT('',(-0.0196369028521933,-0.537886000325433,0.0963197743489466));
#3814=CARTESIAN_POINT('',(-0.0193751013377438,-0.540105812235893,0.0958272287225651));
#3815=CARTESIAN_POINT('',(-0.0188574588206783,-0.543324332147377,0.0948533514004819));
#3816=CARTESIAN_POINT('',(-0.0179286310170414,-0.547391598293579,0.0931058822412432));
#3817=CARTESIAN_POINT('',(-0.0168301703350795,-0.551330116769339,0.0910392708016966));
#3818=CARTESIAN_POINT('',(-0.015523717013837,-0.554905163301537,0.0885813481620887));
#3819=CARTESIAN_POINT('',(-0.0140276359254286,-0.558101603178275,0.0857666654496665));
#3820=CARTESIAN_POINT('',(-0.0123894938171332,-0.561063207999932,0.0826847133359509));
#3821=CARTESIAN_POINT('',(-0.0106062141826112,-0.563542691274462,0.0793297037729038));
#3822=CARTESIAN_POINT('',(-0.00870455524949132,-0.565528097122289,0.0757519788985989));
#3823=CARTESIAN_POINT('',(-0.00670534661319494,-0.567193136061023,0.0719907268978161));
#3824=CARTESIAN_POINT('',(-0.00412251067294213,-0.568581999563132,0.067131455748425));
#3825=CARTESIAN_POINT('',(-0.0020062849913041,-0.56896,0.0631500513393712));
#3826=CARTESIAN_POINT('',(-0.000932048380827825,-0.56896,0.0611290143514796));
#3827=CARTESIAN_POINT('',(0.0157387731062436,-0.540587039953509,0.0964698742484774));
#3828=CARTESIAN_POINT('',(0.0153926436546297,-0.540578069711768,0.0966339636371457));
#3829=CARTESIAN_POINT('',(0.0150445323480247,-0.540568343426618,0.096793859546567));
#3830=CARTESIAN_POINT('',(0.0143445010940594,-0.540547368049413,0.0971049848212951));
#3831=CARTESIAN_POINT('',(0.0139925811466993,-0.540536118957358,0.097256214186602));
#3832=CARTESIAN_POINT('',(0.0129313409473281,-0.540500071390701,0.0976964830879206));
#3833=CARTESIAN_POINT('',(0.0122165403380259,-0.540472972625608,0.0979721034293302));
#3834=CARTESIAN_POINT('',(0.0100520779116866,-0.540382346527298,0.0987419326477066));
#3835=CARTESIAN_POINT('',(0.0085824141769931,-0.5403095152047,0.0991789935307264));
#3836=CARTESIAN_POINT('',(0.00560429236235123,-0.54013962092947,0.0998849718015732));
#3837=CARTESIAN_POINT('',(0.00409584460957867,-0.540042558765304,0.100153807024563));
#3838=CARTESIAN_POINT('',(0.00105907722642549,-0.539826507199133,0.100511778215708));
#3839=CARTESIAN_POINT('',(-0.000469191991475867,-0.539707563873007,0.10060084008936));
#3840=CARTESIAN_POINT('',(-0.00352393491826487,-0.539452437603973,0.100594268932007));
#3841=CARTESIAN_POINT('',(-0.00505038789250039,-0.539316251982576,0.100498634191551));
#3842=CARTESIAN_POINT('',(-0.00807975928425883,-0.539033473472866,0.100125235107649));
#3843=CARTESIAN_POINT('',(-0.00958269768837486,-0.538886914423014,0.0998474999618284));
#3844=CARTESIAN_POINT('',(-0.012545708928444,-0.538592220094242,0.09911920856353));
#3845=CARTESIAN_POINT('',(-0.0140057638733244,-0.538444082029792,0.0986687361834164));
#3846=CARTESIAN_POINT('',(-0.0161522220977118,-0.538228171032024,0.0978739846701222));
#3847=CARTESIAN_POINT('',(-0.0168604489546165,-0.53815725102966,0.0975892399313009));
#3848=CARTESIAN_POINT('',(-0.0179108430997361,-0.538053398457761,0.0971339389115455));
#3849=CARTESIAN_POINT('',(-0.0182589834580697,-0.538019202172403,0.0969774745863731));
#3850=CARTESIAN_POINT('',(-0.018951105909091,-0.537951810734954,0.0966554108721972));
#3851=CARTESIAN_POINT('',(-0.0192950880017786,-0.537918615582864,0.0964898114831938));
#3852=CARTESIAN_POINT('',(-0.0196369028521933,-0.537886000325433,0.0963197743489466));
#3853=CARTESIAN_POINT('',(0.0156671716717721,-0.541102773456591,0.0963180847121283));
#3854=CARTESIAN_POINT('',(0.0153223072068709,-0.541093902334108,0.0964816860666518));
#3855=CARTESIAN_POINT('',(0.0149749553792138,-0.541084387981879,0.0966413089566627));
#3856=CARTESIAN_POINT('',(0.014276997025531,-0.541063738490709,0.0969517090901301));
#3857=CARTESIAN_POINT('',(0.0139261288522551,-0.541052662089544,0.0971025868510999));
#3858=CARTESIAN_POINT('',(0.0128680862408085,-0.541017163918732,0.0975418384977208));
#3859=CARTESIAN_POINT('',(0.0121554729611715,-0.540990465944998,0.0978168331589302));
#3860=CARTESIAN_POINT('',(0.00999774936961645,-0.540901143334608,0.0985849619800159));
#3861=CARTESIAN_POINT('',(0.00853285522261518,-0.540829322731674,0.0990211138812223));
#3862=CARTESIAN_POINT('',(0.00556465559457899,-0.540661731722823,0.099725903001814));
#3863=CARTESIAN_POINT('',(0.00406144042772423,-0.540565964092726,0.0999944401654935));
#3864=CARTESIAN_POINT('',(0.00103548690203043,-0.540352778925108,0.100352566765969));
#3865=CARTESIAN_POINT('',(-0.000487092256374941,-0.540235410376891,0.100442073852521));
#3866=CARTESIAN_POINT('',(-0.00353021073515116,-0.539983691928873,0.10043726214739));
#3867=CARTESIAN_POINT('',(-0.0050505996830609,-0.539849342990465,0.100342942724687));
#3868=CARTESIAN_POINT('',(-0.00806760608769237,-0.539570464691553,0.0999731440079123));
#3869=CARTESIAN_POINT('',(-0.00956413478027954,-0.539425972492426,0.0996977100404582));
#3870=CARTESIAN_POINT('',(-0.0125141571512075,-0.539135589310943,0.0989750798067833));
#3871=CARTESIAN_POINT('',(-0.0139675414522681,-0.538989697508329,0.0985279899063666));
#3872=CARTESIAN_POINT('',(-0.0161038766647828,-0.538777241170635,0.0977391777405085));
#3873=CARTESIAN_POINT('',(-0.016808703720686,-0.538707485712841,0.0974565590926371));
#3874=CARTESIAN_POINT('',(-0.017853974059043,-0.538605393406269,0.0970046697603945));
#3875=CARTESIAN_POINT('',(-0.0182004022974702,-0.53857178768007,0.0968493793631693));
#3876=CARTESIAN_POINT('',(-0.0188890938674754,-0.538505582662464,0.0965297378493793));
#3877=CARTESIAN_POINT('',(-0.0192308729100262,-0.53847308273321,0.0963656125314835));
#3878=CARTESIAN_POINT('',(-0.019571452473581,-0.538440953303048,0.0961966379423512));
#3879=CARTESIAN_POINT('',(0.0155914125712229,-0.541613965852529,0.0961574812433367));
#3880=CARTESIAN_POINT('',(0.0152477211538948,-0.541605195211849,0.0963206330001771));
#3881=CARTESIAN_POINT('',(0.0149018139104179,-0.541595752996965,0.0964797170689592));
#3882=CARTESIAN_POINT('',(0.0142061515280295,-0.541575439784736,0.0967892437466382));
#3883=CARTESIAN_POINT('',(0.013856435266528,-0.54156455394293,0.0969396782675295));
#3884=CARTESIAN_POINT('',(0.0128019062050683,-0.541529661297274,0.0973775818220065));
#3885=CARTESIAN_POINT('',(0.0120916780329179,-0.541503415775168,0.0976516599724762));
#3886=CARTESIAN_POINT('',(0.00994140580429184,-0.541415548553428,0.0984171964077668));
#3887=CARTESIAN_POINT('',(0.00848170487365448,-0.541344775926485,0.0988518360695705));
#3888=CARTESIAN_POINT('',(0.00552449462883145,-0.541179529381394,0.0995544226696371));
#3889=CARTESIAN_POINT('',(0.00402701848522227,-0.541085046197499,0.0998222731677988));
#3890=CARTESIAN_POINT('',(0.00101305487505004,-0.540874772605769,0.100180039636391));
#3891=CARTESIAN_POINT('',(-0.000503327981401983,-0.540759004403578,0.100269889555806));
#3892=CARTESIAN_POINT('',(-0.00353365148795668,-0.540510785841791,0.100266932402907));
#3893=CARTESIAN_POINT('',(-0.00504748817574167,-0.540378330963769,0.100174130955945));
#3894=CARTESIAN_POINT('',(-0.008051107576386,-0.540103463144676,0.0998086160924794));
#3895=CARTESIAN_POINT('',(-0.00954083975656952,-0.539961081982194,0.0995359488975865));
#3896=CARTESIAN_POINT('',(-0.0124770423801367,-0.539674996478984,0.0988200903037034));
#3897=CARTESIAN_POINT('',(-0.0139234578296537,-0.539531293652041,0.0983770047006129));
#3898=CARTESIAN_POINT('',(-0.0160491756489007,-0.539322125943297,0.0975949067323236));
#3899=CARTESIAN_POINT('',(-0.0167504440247098,-0.539253475583266,0.0973146595833997));
#3900=CARTESIAN_POINT('',(-0.017790435858,-0.539153064247131,0.0968663701436436));
#3901=CARTESIAN_POINT('',(-0.0181351084659187,-0.539120023788094,0.0967122919885478));
#3902=CARTESIAN_POINT('',(-0.0188205290700496,-0.539054924831197,0.0963949910580736));
#3903=CARTESIAN_POINT('',(-0.0191613923199998,-0.539022848024422,0.0962317089090627));
#3904=CARTESIAN_POINT('',(-0.0195008115515787,-0.538991209552021,0.096063736200935));
#3905=CARTESIAN_POINT('',(0.0154316218059177,-0.54262731019312,0.0958187371056307));
#3906=CARTESIAN_POINT('',(0.0150904988074127,-0.542618743609183,0.095980877630882));
#3907=CARTESIAN_POINT('',(0.0147473110471496,-0.542609562534317,0.0961388572895089));
#3908=CARTESIAN_POINT('',(0.0140570626953412,-0.54258985676827,0.0964461599611326));
#3909=CARTESIAN_POINT('',(0.0137099967579117,-0.542579336991684,0.0965954856208132));
#3910=CARTESIAN_POINT('',(0.0126634151715214,-0.542545642827217,0.0970300537972331));
#3911=CARTESIAN_POINT('',(0.0119585038422478,-0.542520326139855,0.0973018924419494));
#3912=CARTESIAN_POINT('',(0.00982460162162219,-0.542435398140413,0.0980609790274717));
#3913=CARTESIAN_POINT('',(0.00837629924959927,-0.542366760277998,0.0984917392354145));
#3914=CARTESIAN_POINT('',(0.00544302298333129,-0.542206211304431,0.0991885042755691));
#3915=CARTESIAN_POINT('',(0.00395806190663513,-0.542114318755383,0.0994543958239472));
#3916=CARTESIAN_POINT('',(0.000970055213469415,-0.54190990790235,0.0998107058140125));
#3917=CARTESIAN_POINT('',(-0.000532902779553016,-0.541797393445244,0.0999010658479426));
#3918=CARTESIAN_POINT('',(-0.0035357400342703,-0.541556294267609,0.0999019158846578));
#3919=CARTESIAN_POINT('',(-0.00503552347595009,-0.541427706547673,0.0998124141851216));
#3920=CARTESIAN_POINT('',(-0.00801070645312627,-0.541160983447216,0.0994563455653553));
#3921=CARTESIAN_POINT('',(-0.00948604913861939,-0.541022871166311,0.0991898357431756));
#3922=CARTESIAN_POINT('',(-0.0123933682229719,-0.54074536168515,0.0984888564403012));
#3923=CARTESIAN_POINT('',(-0.0138252499657628,-0.540605956954129,0.0980545266209149));
#3924=CARTESIAN_POINT('',(-0.0159294582778051,-0.540403113138653,0.0972865816694954));
#3925=CARTESIAN_POINT('',(-0.0166235811240376,-0.540336564203671,0.0970112250956171));
#3926=CARTESIAN_POINT('',(-0.0176534536789937,-0.54023926413947,0.0965701066935792));
#3927=CARTESIAN_POINT('',(-0.0179948639010175,-0.540207252258018,0.0964183854162998));
#3928=CARTESIAN_POINT('',(-0.0186743569994397,-0.540144142086177,0.0961055520657162));
#3929=CARTESIAN_POINT('',(-0.0190123710209943,-0.540113055053197,0.0959444706465357));
#3930=CARTESIAN_POINT('',(-0.0193492427821036,-0.540082406127804,0.095778579200763));
#3931=CARTESIAN_POINT('',(0.0153475901411616,-0.543129462137774,0.0956405964367165));
#3932=CARTESIAN_POINT('',(0.0150079011565267,-0.543120999222722,0.0958021573313535));
#3933=CARTESIAN_POINT('',(0.0146661865138646,-0.54311194834673,0.0959595124054955));
#3934=CARTESIAN_POINT('',(0.0139788666412271,-0.543092559268466,0.0962655390610874));
#3935=CARTESIAN_POINT('',(0.0136332778275532,-0.54308221889652,0.096414207512812));
#3936=CARTESIAN_POINT('',(0.0125910990050745,-0.54304912836754,0.0968467974428668));
#3937=CARTESIAN_POINT('',(0.0118891119527195,-0.543024285456832,0.0971173023910085));
#3938=CARTESIAN_POINT('',(0.0097641497388237,-0.542940850855228,0.0978725249058583));
#3939=CARTESIAN_POINT('',(0.00832203242240159,-0.5428732916104,0.0983009192191535));
#3940=CARTESIAN_POINT('',(0.00540171750764457,-0.542715098863966,0.0989940607127202));
#3941=CARTESIAN_POINT('',(0.00392351804102558,-0.542624506617496,0.0992586834516365));
#3942=CARTESIAN_POINT('',(0.000949495012270221,-0.542423051028081,0.0996138933275194));
#3943=CARTESIAN_POINT('',(-0.000546250620132458,-0.542312186999052,0.0997044229168477));
#3944=CARTESIAN_POINT('',(-0.0035343803610482,-0.542074708926041,0.099707224241409));
#3945=CARTESIAN_POINT('',(-0.00502667618878709,-0.541948093459446,0.0996195045311949));
#3946=CARTESIAN_POINT('',(-0.00798679643700401,-0.541685506207736,0.0992685993145387));
#3947=CARTESIAN_POINT('',(-0.00945456197125806,-0.541549553021912,0.0990054778709998));
#3948=CARTESIAN_POINT('',(-0.0123468019647365,-0.541276320971762,0.0983126103183793));
#3949=CARTESIAN_POINT('',(-0.0137711433638901,-0.54113902709251,0.0978830315160762));
#3950=CARTESIAN_POINT('',(-0.015864443120493,-0.540939214126271,0.0971225297997258));
#3951=CARTESIAN_POINT('',(-0.0165550045726656,-0.540873655741524,0.0968496959546241));
#3952=CARTESIAN_POINT('',(-0.0175799397422856,-0.540777804067404,0.0964121938467658));
#3953=CARTESIAN_POINT('',(-0.0179197853168298,-0.540746266381902,0.0962616444338127));
#3954=CARTESIAN_POINT('',(-0.0185962448716108,-0.540684114073981,0.0959511097261682));
#3955=CARTESIAN_POINT('',(-0.0189328663682796,-0.540653496865589,0.0957911170716876));
#3956=CARTESIAN_POINT('',(-0.0192683149346309,-0.540623346454615,0.0956263239420074));
#3957=CARTESIAN_POINT('',(0.0150831504525051,-0.544622419939314,0.0950800046269331));
#3958=CARTESIAN_POINT('',(0.014748242461754,-0.544614272688345,0.0952395909198053));
#3959=CARTESIAN_POINT('',(0.0144112564162017,-0.544605625894978,0.0953948787533756));
#3960=CARTESIAN_POINT('',(0.01373345424633,-0.544587205003331,0.0956966345882532));
#3961=CARTESIAN_POINT('',(0.0133926257561179,-0.544577426928808,0.0958431048727326));
#3962=CARTESIAN_POINT('',(0.0123647586276973,-0.544546143290426,0.0962690510087273));
#3963=CARTESIAN_POINT('',(0.0116723393654117,-0.544522676146731,0.0965350601507648));
#3964=CARTESIAN_POINT('',(0.00957649724978423,-0.544443581113136,0.0972772808236316));
#3965=CARTESIAN_POINT('',(0.00815441848142555,-0.54437915457361,0.0976977077162378));
#3966=CARTESIAN_POINT('',(0.00527587679798281,-0.544227930126324,0.0983784947498963));
#3967=CARTESIAN_POINT('',(0.00381937609153034,-0.544141230093169,0.0986387006557428));
#3968=CARTESIAN_POINT('',(0.000890056268291781,-0.543948672933073,0.0989897948272673));
#3969=CARTESIAN_POINT('',(-0.000582703078796448,-0.543842806643091,0.0990806261519498));
#3970=CARTESIAN_POINT('',(-0.00352414946636268,-0.543616316815902,0.0990892946578397));
#3971=CARTESIAN_POINT('',(-0.00499275974440086,-0.543495695455452,0.0990071409821174));
#3972=CARTESIAN_POINT('',(-0.0079054604809989,-0.543245654438794,0.0986724812153453));
#3973=CARTESIAN_POINT('',(-0.00934947795980508,-0.543116243626118,0.0984200590445228));
#3974=CARTESIAN_POINT('',(-0.0121948216381486,-0.542855887914995,0.0977526441731264));
#3975=CARTESIAN_POINT('',(-0.0135959125910186,-0.54272489882199,0.0973378946664798));
#3976=CARTESIAN_POINT('',(-0.0156560244375139,-0.542533962889278,0.0966003582983363));
#3977=CARTESIAN_POINT('',(-0.016335852467298,-0.542471267996714,0.0963352568683282));
#3978=CARTESIAN_POINT('',(-0.0173456340050365,-0.542379630120469,0.0959089188795225));
#3979=CARTESIAN_POINT('',(-0.0176805863020559,-0.542349485130027,0.0957620184410239));
#3980=CARTESIAN_POINT('',(-0.018347535982998,-0.542290146734747,0.0954586094349624));
#3981=CARTESIAN_POINT('',(-0.0186795358492967,-0.542260956680071,0.0953021044293937));
#3982=CARTESIAN_POINT('',(-0.019010242245971,-0.542232309854493,0.0951407936181852));
#3983=CARTESIAN_POINT('',(0.0148903977342168,-0.54559972776378,0.0946713836830236));
#3984=CARTESIAN_POINT('',(0.0145591545720269,-0.545591796800115,0.0948294143139258));
#3985=CARTESIAN_POINT('',(0.0142258397240759,-0.545583489759492,0.0949830391496028));
#3986=CARTESIAN_POINT('',(0.0135553621791333,-0.545565766607613,0.0952813618725249));
#3987=CARTESIAN_POINT('',(0.0132182036499898,-0.545556357947669,0.0954260632581453));
#3988=CARTESIAN_POINT('',(0.0122013696418568,-0.54552627811557,0.0958466218228737));
#3989=CARTESIAN_POINT('',(0.0115163488568571,-0.545503704480366,0.0961089589322773));
#3990=CARTESIAN_POINT('',(0.0094429679678681,-0.545427338248768,0.096840617826955));
#3991=CARTESIAN_POINT('',(0.00803624179441581,-0.545364827579629,0.0972546026863834));
#3992=CARTESIAN_POINT('',(0.0051894100450039,-0.545218084681362,0.0979252179268774));
#3993=CARTESIAN_POINT('',(0.0037492576310758,-0.545133959498904,0.0981816846302817));
#3994=CARTESIAN_POINT('',(0.000853402593999544,-0.544947370217863,0.0985289677314568));
#3995=CARTESIAN_POINT('',(-0.000602246274876572,-0.544844895632397,0.0986197284115515));
#3996=CARTESIAN_POINT('',(-0.00350917260385579,-0.544625893782474,0.0986323173428276));
#3997=CARTESIAN_POINT('',(-0.0049603762294576,-0.544509370124479,0.0985541564509105));
#3998=CARTESIAN_POINT('',(-0.00783851362782257,-0.544267878835976,0.0982312946652044));
#3999=CARTESIAN_POINT('',(-0.00926536401509636,-0.544142918314346,0.0979866881989391));
#4000=CARTESIAN_POINT('',(-0.0120772705710593,-0.543891209353596,0.0973376767875622));
#4001=CARTESIAN_POINT('',(-0.0134620844360548,-0.543764378689892,0.0969335433294747));
#4002=CARTESIAN_POINT('',(-0.0154993947867575,-0.543579068620179,0.0962122192233082));
#4003=CARTESIAN_POINT('',(-0.016171919906625,-0.543518148055044,0.0959525473623633));
#4004=CARTESIAN_POINT('',(-0.0171710299861742,-0.543429151484996,0.0955341373223453));
#4005=CARTESIAN_POINT('',(-0.0175024671011336,-0.543399885661499,0.0953898433051858));
#4006=CARTESIAN_POINT('',(-0.0181623235257352,-0.543342365754021,0.0950915657747975));
#4007=CARTESIAN_POINT('',(-0.0184907427544585,-0.543314108823329,0.0949375725400401));
#4008=CARTESIAN_POINT('',(-0.0188178082585424,-0.543286475347006,0.0947787540055634));
#4009=CARTESIAN_POINT('',(0.0144723152561918,-0.547518682763615,0.093785080971863));
#4010=CARTESIAN_POINT('',(0.0141492704108039,-0.547511193853766,0.0939395624002071));
#4011=CARTESIAN_POINT('',(0.0138241769956417,-0.547503360235818,0.094089411867713));
#4012=CARTESIAN_POINT('',(0.0131701695694812,-0.547486802376103,0.0943799596584319));
#4013=CARTESIAN_POINT('',(0.0128412567252371,-0.547478062124147,0.0945206616011337));
#4014=CARTESIAN_POINT('',(0.0118492890845932,-0.547449918701652,0.0949292849973324));
#4015=CARTESIAN_POINT('',(0.0111810139567429,-0.547428561544926,0.0951837487899143));
#4016=CARTESIAN_POINT('',(0.00915839637244846,-0.547356078387169,0.0958928389172831));
#4017=CARTESIAN_POINT('',(0.00778617423359736,-0.54729669068561,0.0962930722454853));
#4018=CARTESIAN_POINT('',(0.00500986688064128,-0.547158193774546,0.0969416632000451));
#4019=CARTESIAN_POINT('',(0.0036057612284159,-0.547079106240096,0.0971899018047868));
#4020=CARTESIAN_POINT('',(0.00078320646578509,-0.546904385556127,0.0975283987824357));
#4021=CARTESIAN_POINT('',(-0.000635200198019245,-0.546808738291921,0.0976186088940281));
#4022=CARTESIAN_POINT('',(-0.00346735135606696,-0.546604865780412,0.097638552802712));
#4023=CARTESIAN_POINT('',(-0.004881030465568,-0.546496647443768,0.0975682987936155));
#4024=CARTESIAN_POINT('',(-0.0076849571048719,-0.546272613378427,0.0972690344207304));
#4025=CARTESIAN_POINT('',(-0.00907511424941809,-0.546156809441267,0.097040119011328));
#4026=CARTESIAN_POINT('',(-0.0118157304284412,-0.545923215685908,0.0964280642972004));
#4027=CARTESIAN_POINT('',(-0.0131660241267788,-0.545805305470262,0.0960451840232144));
#4028=CARTESIAN_POINT('',(-0.0151540972336709,-0.545632100866883,0.0953571723559979));
#4029=CARTESIAN_POINT('',(-0.0158106328229841,-0.545574994485735,0.0951088365437378));
#4030=CARTESIAN_POINT('',(-0.0167859977076953,-0.545491583443506,0.0947073178962453));
#4031=CARTESIAN_POINT('',(-0.0171095512452691,-0.545464162211755,0.0945686363694862));
#4032=CARTESIAN_POINT('',(-0.0177535532625931,-0.545410405313952,0.0942814358686003));
#4033=CARTESIAN_POINT('',(-0.0180740029785038,-0.54538407270353,0.094132920909738));
#4034=CARTESIAN_POINT('',(-0.0183929225175153,-0.545358473064887,0.093979386538593));
#4035=CARTESIAN_POINT('',(0.0142469076200006,-0.548460258136503,0.0933072341125149));
#4036=CARTESIAN_POINT('',(0.0139284329937294,-0.548452995368034,0.0934597054524863));
#4037=CARTESIAN_POINT('',(0.0136077975510609,-0.548445802027652,0.093607219817003));
#4038=CARTESIAN_POINT('',(0.0129628385590075,-0.54843008555607,0.0938932543256677));
#4039=CARTESIAN_POINT('',(0.0126385211858511,-0.548421557974338,0.0940317849698153));
#4040=CARTESIAN_POINT('',(0.0116604588501498,-0.548393865205776,0.0944340454134983));
#4041=CARTESIAN_POINT('',(0.0110015950448923,-0.548372618492633,0.0946844373613744));
#4042=CARTESIAN_POINT('',(0.00900735114598267,-0.548301038328184,0.0953816870219588));
#4043=CARTESIAN_POINT('',(0.00765426778889733,-0.548242879123336,0.0957745980254115));
#4044=CARTESIAN_POINT('',(0.00491677596323888,-0.548108133795013,0.0964113327079304));
#4045=CARTESIAN_POINT('',(0.00353237002824504,-0.548031512094716,0.0966550724503595));
#4046=CARTESIAN_POINT('',(0.000749656813318427,-0.54786269307889,0.0969885840416194));
#4047=CARTESIAN_POINT('',(-0.000648612672881548,-0.547770482666412,0.0970783113620436));
#4048=CARTESIAN_POINT('',(-0.00344049760767272,-0.54757425714912,0.0971016903590601));
#4049=CARTESIAN_POINT('',(-0.0048340524668199,-0.547470250465338,0.0970353539305845));
#4050=CARTESIAN_POINT('',(-0.00759831316503928,-0.547255139050527,0.0967479023971649));
#4051=CARTESIAN_POINT('',(-0.00896893096942865,-0.547144053004037,0.0965268734585716));
#4052=CARTESIAN_POINT('',(-0.0116716391614276,-0.546919975111856,0.09593339299554));
#4053=CARTESIAN_POINT('',(-0.0130036124154891,-0.546806893438232,0.0955611600640806));
#4054=CARTESIAN_POINT('',(-0.014965230687518,-0.546640217347613,0.0948902303620969));
#4055=CARTESIAN_POINT('',(-0.0156131172031434,-0.546585134254804,0.0946477969620828));
#4056=CARTESIAN_POINT('',(-0.0165755072188776,-0.546504563248677,0.0942552127569315));
#4057=CARTESIAN_POINT('',(-0.0168947316446548,-0.546478063202739,0.0941195173184367));
#4058=CARTESIAN_POINT('',(-0.0175299662003343,-0.546426184297992,0.0938382037751066));
#4059=CARTESIAN_POINT('',(-0.0178459741365971,-0.546400806417267,0.0936925815417438));
#4060=CARTESIAN_POINT('',(-0.0181603615703923,-0.54637622721935,0.0935418532507762));
#4061=CARTESIAN_POINT('',(0.0139443232039079,-0.549614448394035,0.09266577841314));
#4062=CARTESIAN_POINT('',(0.0136320994729935,-0.54960747257487,0.0928154646007203));
#4063=CARTESIAN_POINT('',(0.0133178728323785,-0.549599965743317,0.0929604590758667));
#4064=CARTESIAN_POINT('',(0.012685827868645,-0.549583476219464,0.0932415716317824));
#4065=CARTESIAN_POINT('',(0.0123679672632523,-0.549574634570399,0.0933775999058037));
#4066=CARTESIAN_POINT('',(0.0114092634017627,-0.549546282535394,0.0937722709594361));
#4067=CARTESIAN_POINT('',(0.0107632876786847,-0.549524976937778,0.0940174930762323));
#4068=CARTESIAN_POINT('',(0.00880777427913389,-0.549454094190666,0.0946996054657663));
#4069=CARTESIAN_POINT('',(0.00748062007772618,-0.549397533350215,0.0950829659228049));
#4070=CARTESIAN_POINT('',(0.00479554563895697,-0.549267473083841,0.0957042558182566));
#4071=CARTESIAN_POINT('',(0.00343762513552449,-0.549193965957283,0.0959420859700439));
#4072=CARTESIAN_POINT('',(0.000708280194775088,-0.549032561588888,0.0962688571429981));
#4073=CARTESIAN_POINT('',(-0.000663115418507573,-0.548944664658116,0.0963577492111455));
#4074=CARTESIAN_POINT('',(-0.00340139049094552,-0.548758036612869,0.096384959717906));
#4075=CARTESIAN_POINT('',(-0.00476821772801361,-0.548659315095691,0.0963232894910299));
#4076=CARTESIAN_POINT('',(-0.00747979931638096,-0.548455488893244,0.0960501116058207));
#4077=CARTESIAN_POINT('',(-0.00882447611858562,-0.548350404430867,0.095838681193069));
#4078=CARTESIAN_POINT('',(-0.0114765528679156,-0.548138804872287,0.0952678490025404));
#4079=CARTESIAN_POINT('',(-0.0127838669674761,-0.548032266831676,0.0949086040375921));
#4080=CARTESIAN_POINT('',(-0.0147092280369008,-0.547875290906479,0.0942584445875457));
#4081=CARTESIAN_POINT('',(-0.0153451450763448,-0.547823408325412,0.0940231613900832));
#4082=CARTESIAN_POINT('',(-0.0162895961680848,-0.547747203463512,0.0936416266247717));
#4083=CARTESIAN_POINT('',(-0.0166028436437652,-0.547722077321421,0.0935096726497307));
#4084=CARTESIAN_POINT('',(-0.0172260467038704,-0.547672790162496,0.0932358890154521));
#4085=CARTESIAN_POINT('',(-0.0175360013808052,-0.547648631895739,0.0930940574031082));
#4086=CARTESIAN_POINT('',(-0.0178441932414654,-0.54762532423863,0.0929470235075618));
#4087=CARTESIAN_POINT('',(0.0138827440043278,-0.549844206168234,0.0925352352442494));
#4088=CARTESIAN_POINT('',(0.0135717973585578,-0.549837287952559,0.0926843507742553));
#4089=CARTESIAN_POINT('',(0.0132589711968684,-0.549829394048952,0.0928290242709231));
#4090=CARTESIAN_POINT('',(0.0126295549860648,-0.549812790855099,0.0931091168850497));
#4091=CARTESIAN_POINT('',(0.0123130222456774,-0.549803854643793,0.093244656735836));
#4092=CARTESIAN_POINT('',(0.0113582745609845,-0.549775363677713,0.0936377968534922));
#4093=CARTESIAN_POINT('',(0.0107149315163374,-0.549754039856533,0.093881977983361));
#4094=CARTESIAN_POINT('',(0.0087673220668207,-0.549683294590249,0.0945610327793445));
#4095=CARTESIAN_POINT('',(0.00744545425442264,-0.549627055153352,0.0949424629947805));
#4096=CARTESIAN_POINT('',(0.00477105748046522,-0.549497935143384,0.0955606291852131));
#4097=CARTESIAN_POINT('',(0.00341852726319835,-0.549425052337546,0.0957972626395255));
#4098=CARTESIAN_POINT('',(0.000700034697996992,-0.549265133373113,0.0961226593966318));
#4099=CARTESIAN_POINT('',(-0.000665900672965291,-0.549178099954216,0.0962113727644799));
#4100=CARTESIAN_POINT('',(-0.00339328913662924,-0.548993393289018,0.0962393270594123));
#4101=CARTESIAN_POINT('',(-0.00475469179296417,-0.548895729674092,0.0961785791209721));
#4102=CARTESIAN_POINT('',(-0.00745558208088232,-0.548694166153719,0.0959082333858738));
#4103=CARTESIAN_POINT('',(-0.00879499458654359,-0.548590286344399,0.0956987110695787));
#4104=CARTESIAN_POINT('',(-0.011436783641285,-0.548381207909969,0.0951323832825313));
#4105=CARTESIAN_POINT('',(-0.0127390797464088,-0.548275999586661,0.0947757223934347));
#4106=CARTESIAN_POINT('',(-0.0146570327095813,-0.54812103607705,0.0941296886395993));
#4107=CARTESIAN_POINT('',(-0.0152904979779205,-0.548069827541365,0.0938958230164939));
#4108=CARTESIAN_POINT('',(-0.0162312730025699,-0.54799454518199,0.0935164868978439));
#4109=CARTESIAN_POINT('',(-0.0165432959867985,-0.547969708696148,0.0933852793890414));
#4110=CARTESIAN_POINT('',(-0.0171640383169409,-0.547920954939424,0.0931130093806232));
#4111=CARTESIAN_POINT('',(-0.0174727567134931,-0.54789704042387,0.0929719441788114));
#4112=CARTESIAN_POINT('',(-0.0177796841563561,-0.547873986988741,0.0928256580227239));
#4113=CARTESIAN_POINT('',(0.0137579729968531,-0.550299683574916,0.0922707303008194));
#4114=CARTESIAN_POINT('',(0.0134496330659071,-0.550292880940466,0.0924186778069073));
#4115=CARTESIAN_POINT('',(0.013139455278175,-0.550284997404072,0.0925622529854736));
#4116=CARTESIAN_POINT('',(0.0125154084509884,-0.550268162451072,0.09284028303877));
#4117=CARTESIAN_POINT('',(0.0122015529828523,-0.550259160067377,0.0929747658132503));
#4118=CARTESIAN_POINT('',(0.0112548523901994,-0.550230487083302,0.0933647579159504));
#4119=CARTESIAN_POINT('',(0.0106168681043783,-0.550209165696638,0.0936068158796745));
#4120=CARTESIAN_POINT('',(0.00868535434835027,-0.550138762374903,0.0942796625405942));
#4121=CARTESIAN_POINT('',(0.00737425164806278,-0.550083182111267,0.0946571906101365));
#4122=CARTESIAN_POINT('',(0.00472158358718586,-0.549955967247518,0.0952690391977568));
#4123=CARTESIAN_POINT('',(0.00338001512054392,-0.54988433908589,0.095503251784366));
#4124=CARTESIAN_POINT('',(0.000683576066831559,-0.549727398670784,0.095825849558256));
#4125=CARTESIAN_POINT('',(-0.00067127124182329,-0.549642093860762,0.0959141826611573));
#4126=CARTESIAN_POINT('',(-0.00337656217535483,-0.549461231629749,0.095943577676502));
#4127=CARTESIAN_POINT('',(-0.00472695914211837,-0.549365683754402,0.0958846503156149));
#4128=CARTESIAN_POINT('',(-0.00740615637633181,-0.549168650396534,0.0956199187891371));
#4129=CARTESIAN_POINT('',(-0.00873488716793435,-0.549067183387142,0.0954141873172456));
#4130=CARTESIAN_POINT('',(-0.0113557729907487,-0.548863182104617,0.0948568150792244));
#4131=CARTESIAN_POINT('',(-0.0126478588182967,-0.548760658547626,0.0945052981216759));
#4132=CARTESIAN_POINT('',(-0.0145506751515691,-0.548609852944084,0.0938674484743783));
#4133=CARTESIAN_POINT('',(-0.0151791182581854,-0.548560059360751,0.0936363862594117));
#4134=CARTESIAN_POINT('',(-0.016112347444646,-0.548486766204024,0.0932613870478804));
#4135=CARTESIAN_POINT('',(-0.0164218547197679,-0.548462563207333,0.0931316514738787));
#4136=CARTESIAN_POINT('',(-0.017037553801125,-0.548414950308417,0.0928623911444568));
#4137=CARTESIAN_POINT('',(-0.0173437486967936,-0.548391529865256,0.0927228713591847));
#4138=CARTESIAN_POINT('',(-0.0176480987570551,-0.548368984317297,0.0925780971441797));
#4139=CARTESIAN_POINT('',(0.0136947248564112,-0.550525622491608,0.0921366491056104));
#4140=CARTESIAN_POINT('',(0.0133877145551449,-0.550518877834892,0.0922839992453549));
#4141=CARTESIAN_POINT('',(0.0130788696306539,-0.550511067293478,0.0924269770580083));
#4142=CARTESIAN_POINT('',(0.0124575248337119,-0.550494257745558,0.0927038829169911));
#4143=CARTESIAN_POINT('',(0.0121450326512373,-0.550485231212035,0.0928378262958679));
#4144=CARTESIAN_POINT('',(0.0112024175107749,-0.550456535266432,0.0932261898029181));
#4145=CARTESIAN_POINT('',(0.01056716168048,-0.550435225589487,0.0934671706042339));
#4146=CARTESIAN_POINT('',(0.00864383846419189,-0.550365031171275,0.0941368641703476));
#4147=CARTESIAN_POINT('',(0.00733821507209271,-0.550309786482911,0.0945124215693293));
#4148=CARTESIAN_POINT('',(0.00469659776126078,-0.55018353762784,0.0951210756155525));
#4149=CARTESIAN_POINT('',(0.00336060090171943,-0.550112539251441,0.0953540643300714));
#4150=CARTESIAN_POINT('',(0.000675362910841539,-0.549957092268749,0.0956752373716788));
#4151=CARTESIAN_POINT('',(-0.000673856536816131,-0.549872652412789,0.0957633689877525));
#4152=CARTESIAN_POINT('',(-0.00336793656420012,-0.549693713305898,0.0957934609016447));
#4153=CARTESIAN_POINT('',(-0.00471275240510685,-0.549599223233188,0.0957354318504309));
#4154=CARTESIAN_POINT('',(-0.00738094788945755,-0.549404457348304,0.0954734823989195));
#4155=CARTESIAN_POINT('',(-0.0087042612501076,-0.5493041984781,0.0952696336815781));
#4156=CARTESIAN_POINT('',(-0.0113145315493636,-0.549102753153002,0.0947167126289398));
#4157=CARTESIAN_POINT('',(-0.0126014251002554,-0.549001584593825,0.0943677555381964));
#4158=CARTESIAN_POINT('',(-0.0144965128622717,-0.548852924541668,0.0937339641923941));
#4159=CARTESIAN_POINT('',(-0.0151223854115363,-0.548803872297354,0.0935042874388308));
#4160=CARTESIAN_POINT('',(-0.0160517440199694,-0.548731648332265,0.0931314250999882));
#4161=CARTESIAN_POINT('',(-0.0163599581931059,-0.548707795228781,0.0930024111961512));
#4162=CARTESIAN_POINT('',(-0.0169730775478633,-0.548660781745002,0.0927346524383539));
#4163=CARTESIAN_POINT('',(-0.017277985351439,-0.548637610782169,0.0925959117714418));
#4164=CARTESIAN_POINT('',(-0.0175810224468962,-0.5486153188994,0.0924519017580605));
#4165=CARTESIAN_POINT('',(0.0135024150588971,-0.551198086896031,0.0917289671196906));
#4166=CARTESIAN_POINT('',(0.0131994705620563,-0.551191516654369,0.0918744859153866));
#4167=CARTESIAN_POINT('',(0.0128946977929434,-0.551183926993136,0.0920156337726548));
#4168=CARTESIAN_POINT('',(0.0122815668824436,-0.551167353980884,0.0922890190002343));
#4169=CARTESIAN_POINT('',(0.0119732076917108,-0.551158378830789,0.0924212526184127));
#4170=CARTESIAN_POINT('',(0.011043016139834,-0.551129838303242,0.0928045450547775));
#4171=CARTESIAN_POINT('',(0.0104160703164154,-0.551108657924652,0.0930422117855385));
#4172=CARTESIAN_POINT('',(0.00851771177799364,-0.551039276656001,0.093702259154265));
#4173=CARTESIAN_POINT('',(0.00722880258668603,-0.550985078481069,0.0940718397295667));
#4174=CARTESIAN_POINT('',(0.00462087605592104,-0.550861789996858,0.0946708005236484));
#4175=CARTESIAN_POINT('',(0.00330185859954011,-0.55079269329008,0.0949000792104297));
#4176=CARTESIAN_POINT('',(0.000650735095311149,-0.550641742361221,0.0952169054531277));
#4177=CARTESIAN_POINT('',(-0.000681353739335636,-0.550559899130166,0.095304399070741));
#4178=CARTESIAN_POINT('',(-0.00334132071643128,-0.550386728576856,0.0953365098192681));
#4179=CARTESIAN_POINT('',(-0.00466916010481718,-0.550295408719136,0.0952811376002579));
#4180=CARTESIAN_POINT('',(-0.00730388524233953,-0.550107441027641,0.0950274554863632));
#4181=CARTESIAN_POINT('',(-0.00861071540179476,-0.550010802920318,0.09482921598612));
#4182=CARTESIAN_POINT('',(-0.0111886453647198,-0.549817043322489,0.0942895734838414));
#4183=CARTESIAN_POINT('',(-0.0124597014920468,-0.549719947402608,0.0939482693232302));
#4184=CARTESIAN_POINT('',(-0.0143311334528687,-0.549577851108164,0.0933265699958296));
#4185=CARTESIAN_POINT('',(-0.0149491267836514,-0.549531074802278,0.0931010194433921));
#4186=CARTESIAN_POINT('',(-0.0158665721194104,-0.549462287280214,0.0927344465854964));
#4187=CARTESIAN_POINT('',(-0.0161707994374702,-0.549439581768137,0.0926075476734051));
#4188=CARTESIAN_POINT('',(-0.0167759201391042,-0.549394717576538,0.0923441128257484));
#4189=CARTESIAN_POINT('',(-0.017076884323087,-0.549372335589467,0.0922077091238633));
#4190=CARTESIAN_POINT('',(-0.017375912792622,-0.549350803290442,0.0920660145207246));
#4191=CARTESIAN_POINT('',(0.0133707890688951,-0.551639262214743,0.0914499301403148));
#4192=CARTESIAN_POINT('',(0.0130706576621868,-0.551632808892247,0.0915941757132876));
#4193=CARTESIAN_POINT('',(0.0127686897482026,-0.551625401390112,0.0917340357334624));
#4194=CARTESIAN_POINT('',(0.0121611852276872,-0.55160917403207,0.0920048898669377));
#4195=CARTESIAN_POINT('',(0.0118556492378717,-0.551600356091479,0.0921358833238593));
#4196=CARTESIAN_POINT('',(0.0109339602652663,-0.55157222294371,0.0925155434258175));
#4197=CARTESIAN_POINT('',(0.0103127196013693,-0.551551259040358,0.0927508876618719));
#4198=CARTESIAN_POINT('',(0.00843152244760436,-0.551482686227329,0.0934042453067341));
#4199=CARTESIAN_POINT('',(0.00715412477298686,-0.551429240008593,0.0937697546833025));
#4200=CARTESIAN_POINT('',(0.00456937517256869,-0.551308011981559,0.09436210541014));
#4201=CARTESIAN_POINT('',(0.00326203025800275,-0.55124019970793,0.0945888596617129));
#4202=CARTESIAN_POINT('',(0.000634330831416386,-0.551092268018346,0.0949026906406749));
#4203=CARTESIAN_POINT('',(-0.000686008165770579,-0.551012158291034,0.0949897143997199));
#4204=CARTESIAN_POINT('',(-0.00332259293692069,-0.550842832515164,0.0950230746952231));
#4205=CARTESIAN_POINT('',(-0.00463880395015681,-0.550753621891625,0.0949694230199331));
#4206=CARTESIAN_POINT('',(-0.00725059521454622,-0.550570180589052,0.0947211467407753));
#4207=CARTESIAN_POINT('',(-0.00854612873833088,-0.550475951360639,0.0945265946952653));
#4208=CARTESIAN_POINT('',(-0.0111018387145095,-0.550287339194255,0.0939957038295133));
#4209=CARTESIAN_POINT('',(-0.0123619892826091,-0.550192968696329,0.0936594654831834));
#4210=CARTESIAN_POINT('',(-0.0142170200561825,-0.550055419311273,0.0930457127613046));
#4211=CARTESIAN_POINT('',(-0.0148295380099444,-0.550010225587639,0.0928228722242472));
#4212=CARTESIAN_POINT('',(-0.0157386372074084,-0.549944026869885,0.0924603284712339));
#4213=CARTESIAN_POINT('',(-0.0160400558674004,-0.54992223522927,0.0923347583191666));
#4214=CARTESIAN_POINT('',(-0.016639476492319,-0.549879336926383,0.0920739237368467));
#4215=CARTESIAN_POINT('',(-0.0169374374638286,-0.549858380287558,0.0919385811851706));
#4216=CARTESIAN_POINT('',(-0.0172337005407363,-0.549837352495264,0.0917984605960217));
#4217=CARTESIAN_POINT('',(0.0126957975263303,-0.553809959144589,0.0900189999635421));
#4218=CARTESIAN_POINT('',(0.0124102189873113,-0.553804092569998,0.0901566286979159));
#4219=CARTESIAN_POINT('',(0.0121227406692403,-0.553797534153606,0.0902898526531396));
#4220=CARTESIAN_POINT('',(0.0115442505335277,-0.553783093060808,0.0905475928882092));
#4221=CARTESIAN_POINT('',(0.0112532367287917,-0.553775212583161,0.0906721085502942));
#4222=CARTESIAN_POINT('',(0.010375228068594,-0.553749809583698,0.0910327060333003));
#4223=CARTESIAN_POINT('',(0.00978325669446187,-0.553730554578446,0.0912558319737224));
#4224=CARTESIAN_POINT('',(0.00799024126242671,-0.553667379095352,0.0918743514211439));
#4225=CARTESIAN_POINT('',(0.00677207818176343,-0.553618152114883,0.0922189957795042));
#4226=CARTESIAN_POINT('',(0.0043065735085209,-0.553507804547063,0.0927775478027688));
#4227=CARTESIAN_POINT('',(0.00305926670139101,-0.553446535247669,0.0929914451566634));
#4228=CARTESIAN_POINT('',(0.000551965582373037,-0.553313825871809,0.0932898534001249));
#4229=CARTESIAN_POINT('',(-0.000708025154011996,-0.553242385336569,0.0933743128038954));
#4230=CARTESIAN_POINT('',(-0.00322455881910548,-0.553092224040809,0.0934134417032256));
#4231=CARTESIAN_POINT('',(-0.00448108783634469,-0.553013499840368,0.0933681215967242));
#4232=CARTESIAN_POINT('',(-0.00697511944483532,-0.552852489765269,0.0931463515125758));
#4233=CARTESIAN_POINT('',(-0.00821261504617286,-0.552770178121894,0.0929699748464444));
#4234=CARTESIAN_POINT('',(-0.0106540026509781,-0.552606823324891,0.0924825530923717));
#4235=CARTESIAN_POINT('',(-0.0118579217082457,-0.552525792833387,0.0921715927796559));
#4236=CARTESIAN_POINT('',(-0.0136283371848537,-0.552409998412651,0.0915979183426261));
#4237=CARTESIAN_POINT('',(-0.0142125480244663,-0.55237244936261,0.0913887321207693));
#4238=CARTESIAN_POINT('',(-0.0150788360279637,-0.552317587677892,0.0910471330218984));
#4239=CARTESIAN_POINT('',(-0.0153659295975284,-0.552299529255883,0.09092863312308));
#4240=CARTESIAN_POINT('',(-0.0159367196549406,-0.552263348588552,0.0906824618104853));
#4241=CARTESIAN_POINT('',(-0.0162204493414871,-0.552245101487123,0.0905548532455463));
#4242=CARTESIAN_POINT('',(-0.0165024617652045,-0.552226579127789,0.0904227295904705));
#4243=CARTESIAN_POINT('',(0.0121021547010523,-0.555434583336301,0.0887605228133143));
#4244=CARTESIAN_POINT('',(0.011829609642506,-0.55542919266064,0.088892136981408));
#4245=CARTESIAN_POINT('',(0.0115551497540242,-0.555423309310715,0.0890193104560736));
#4246=CARTESIAN_POINT('',(0.011002638275459,-0.555410588946646,0.089264962836844));
#4247=CARTESIAN_POINT('',(0.0107245880375917,-0.555403750694431,0.0893834435224477));
#4248=CARTESIAN_POINT('',(0.00988544922193623,-0.555381818060894,0.0897261580628084));
#4249=CARTESIAN_POINT('',(0.00931937421850798,-0.55536529886906,0.0899376764433187));
#4250=CARTESIAN_POINT('',(0.00760438653340568,-0.555310337867059,0.0905235165710414));
#4251=CARTESIAN_POINT('',(0.00643875651523012,-0.555266482905909,0.090849338113265));
#4252=CARTESIAN_POINT('',(0.00407919733945014,-0.555167068914092,0.0913780767307754));
#4253=CARTESIAN_POINT('',(0.00288524763908955,-0.555111528159682,0.091580880869759));
#4254=CARTESIAN_POINT('',(0.000484707722077834,-0.554991515498342,0.0918654472386639));
#4255=CARTESIAN_POINT('',(-0.000721882930393022,-0.554927033731372,0.0919471668192131));
#4256=CARTESIAN_POINT('',(-0.00313231583983489,-0.554792003310857,0.0919893659988862));
#4257=CARTESIAN_POINT('',(-0.00433615362677741,-0.554721448085191,0.0919498576783496));
#4258=CARTESIAN_POINT('',(-0.00672607543373383,-0.554577519977653,0.0917477335324431));
#4259=CARTESIAN_POINT('',(-0.00791216550882762,-0.554504148137678,0.0915851752661988));
#4260=CARTESIAN_POINT('',(-0.0102520096747133,-0.554358352778222,0.0911323298041745));
#4261=CARTESIAN_POINT('',(-0.0114057492599563,-0.554286071214635,0.0908420385884114));
#4262=CARTESIAN_POINT('',(-0.0131012795572707,-0.554180916955125,0.0903039395003572));
#4263=CARTESIAN_POINT('',(-0.0136606170119482,-0.554146372605142,0.0901074315528069));
#4264=CARTESIAN_POINT('',(-0.0144896493494086,-0.554095115654502,0.0897860264599329));
#4265=CARTESIAN_POINT('',(-0.0147643340156784,-0.554078115711873,0.0896744537444102));
#4266=CARTESIAN_POINT('',(-0.0153101654682033,-0.554044339100585,0.089442231736642));
#4267=CARTESIAN_POINT('',(-0.0155812986648217,-0.554027615443952,0.0893215548487715));
#4268=CARTESIAN_POINT('',(-0.0158505455709477,-0.554011036164645,0.0891962337433269));
#4269=CARTESIAN_POINT('',(0.0111319437207362,-0.557705137737314,0.0867037501250294));
#4270=CARTESIAN_POINT('',(0.0108806591398739,-0.557700454788427,0.0868254430110782));
#4271=CARTESIAN_POINT('',(0.0106274108226827,-0.557695500992008,0.0869426997437454));
#4272=CARTESIAN_POINT('',(0.0101173242465064,-0.557684890811865,0.0871688075730946));
#4273=CARTESIAN_POINT('',(0.00986048585688873,-0.557679235250416,0.0872776580411073));
#4274=CARTESIAN_POINT('',(0.00908506486460234,-0.557661079410772,0.0875921754631193));
#4275=CARTESIAN_POINT('',(0.00856159052554496,-0.557647366544142,0.0877858492026225));
#4276=CARTESIAN_POINT('',(0.0069750268263193,-0.557601230478194,0.0883220467671894));
#4277=CARTESIAN_POINT('',(0.00589583714992757,-0.557563827652484,0.0886199105168861));
#4278=CARTESIAN_POINT('',(0.00371009112571075,-0.557478894287892,0.0891039010120223));
#4279=CARTESIAN_POINT('',(0.00260349395439101,-0.55743142692498,0.0892898851528266));
#4280=CARTESIAN_POINT('',(0.000377651777933745,-0.55732943342945,0.0895527785049759));
#4281=CARTESIAN_POINT('',(-0.000741595863025371,-0.557274893440128,0.0896296676004881));
#4282=CARTESIAN_POINT('',(-0.00297827946718495,-0.557161306330081,0.0896745786971279));
#4283=CARTESIAN_POINT('',(-0.00409571926734548,-0.557102257803724,0.0896426079183639));
#4284=CARTESIAN_POINT('',(-0.00631454532170267,-0.55698211640527,0.0894675507315972));
#4285=CARTESIAN_POINT('',(-0.0074159466044626,-0.556921036226148,0.0893244966326459));
#4286=CARTESIAN_POINT('',(-0.00958842303992089,-0.556799030166004,0.0889220266476195));
#4287=CARTESIAN_POINT('',(-0.0106595616137465,-0.55673805724726,0.0886627264125431));
#4288=CARTESIAN_POINT('',(-0.0122321208537085,-0.556648046170057,0.0881790474945673));
#4289=CARTESIAN_POINT('',(-0.0127506036309654,-0.556618281876735,0.0880019827609369));
#4290=CARTESIAN_POINT('',(-0.0135180892016486,-0.556574469324827,0.0877109889740019));
#4291=CARTESIAN_POINT('',(-0.0137722085827174,-0.556560009908197,0.0876097509335134));
#4292=CARTESIAN_POINT('',(-0.0142767368458974,-0.556531482384628,0.0873984648838516));
#4293=CARTESIAN_POINT('',(-0.0145271507097039,-0.55651739112772,0.087288428443921));
#4294=CARTESIAN_POINT('',(-0.0147755688562328,-0.556503565991827,0.0871738043452095));
#4295=CARTESIAN_POINT('',(0.0107951888107083,-0.558434133443906,0.085989855605545));
#4296=CARTESIAN_POINT('',(0.0105512894720154,-0.55842968582681,0.0861080856573574));
#4297=CARTESIAN_POINT('',(0.010305386947505,-0.55842505453533,0.0862218634852844));
#4298=CARTESIAN_POINT('',(0.00980997289799834,-0.558415181709967,0.0864411021997642));
#4299=CARTESIAN_POINT('',(0.00956046671349596,-0.55840993174369,0.0865465748085097));
#4300=CARTESIAN_POINT('',(0.00880712844711663,-0.558392961194853,0.0868513442130307));
#4301=CARTESIAN_POINT('',(0.00829849727930968,-0.558379987565987,0.0870390505830597));
#4302=CARTESIAN_POINT('',(0.00675673329764075,-0.55833616208137,0.0875588271711648));
#4303=CARTESIAN_POINT('',(0.00570769143447854,-0.558300552384567,0.0878475595418155));
#4304=CARTESIAN_POINT('',(0.00358241645289923,-0.558220052309385,0.0883167375233875));
#4305=CARTESIAN_POINT('',(0.00250616484882197,-0.558175171206867,0.0884971004579086));
#4306=CARTESIAN_POINT('',(0.000340990710342921,-0.558078994102566,0.0887526350445481));
#4307=CARTESIAN_POINT('',(-0.000747935926811353,-0.558027682550216,0.0888277944630012));
#4308=CARTESIAN_POINT('',(-0.00292427182453354,-0.557921040856178,0.0888732913097072));
#4309=CARTESIAN_POINT('',(-0.00401168817628678,-0.557865711570004,0.0888436313898187));
#4310=CARTESIAN_POINT('',(-0.00617098893032181,-0.557753252009914,0.0886771547648272));
#4311=CARTESIAN_POINT('',(-0.00724288916494315,-0.557696136489427,0.0885403584455592));
#4312=CARTESIAN_POINT('',(-0.00935699617654291,-0.557581881082167,0.0881542375252311));
#4313=CARTESIAN_POINT('',(-0.0103992787566966,-0.557524669038206,0.0879050483788212));
#4314=CARTESIAN_POINT('',(-0.0119289653525697,-0.557439837596844,0.0874394331206869));
#4315=CARTESIAN_POINT('',(-0.012433221883799,-0.557411726224136,0.0872688751288589));
#4316=CARTESIAN_POINT('',(-0.0131793528775803,-0.557370317684522,0.0869882125374199));
#4317=CARTESIAN_POINT('',(-0.0134263499939192,-0.557356646282456,0.0868905116567546));
#4318=CARTESIAN_POINT('',(-0.0139165782424253,-0.557329723473784,0.0866864174942778));
#4319=CARTESIAN_POINT('',(-0.0141598052043853,-0.557316487778859,0.0865800148692899));
#4320=CARTESIAN_POINT('',(-0.0144009741413407,-0.557303554672674,0.0864690529274283));
#4321=CARTESIAN_POINT('',(0.0103571647536656,-0.559309741857592,0.0850612782799787));
#4322=CARTESIAN_POINT('',(0.0101228193177095,-0.559305585036432,0.0851750082705138));
#4323=CARTESIAN_POINT('',(0.0098864549935322,-0.559301272353018,0.085284351295828));
#4324=CARTESIAN_POINT('',(0.00941026338536241,-0.559291857598202,0.0854952333748179));
#4325=CARTESIAN_POINT('',(0.00917043061611827,-0.559286766576227,0.0855967601008191));
#4326=CARTESIAN_POINT('',(0.00844620875122325,-0.559270276229746,0.0858901934880844));
#4327=CARTESIAN_POINT('',(0.00795708847410664,-0.559257681828192,0.0860709458287189));
#4328=CARTESIAN_POINT('',(0.00647389818152853,-0.559215655118599,0.0865711302757646));
#4329=CARTESIAN_POINT('',(0.00546401772633701,-0.55918202674106,0.0868485801728831));
#4330=CARTESIAN_POINT('',(0.00341724963648248,-0.559106635232715,0.0872993389663911));
#4331=CARTESIAN_POINT('',(0.00238035265544056,-0.559064864760453,0.0874726009735344));
#4332=CARTESIAN_POINT('',(0.000293879394685513,-0.558975702536887,0.0877187109877474));
#4333=CARTESIAN_POINT('',(-0.000755705063275409,-0.558928300423489,0.0877915495535279));
#4334=CARTESIAN_POINT('',(-0.00285368098579795,-0.558830059695221,0.0878373855801115));
#4335=CARTESIAN_POINT('',(-0.00390208415591581,-0.558779223776847,0.0878103840779961));
#4336=CARTESIAN_POINT('',(-0.0059839352934907,-0.558676115310107,0.0876540644898074));
#4337=CARTESIAN_POINT('',(-0.00701740059823168,-0.558623859161445,0.0875247566341521));
#4338=CARTESIAN_POINT('',(-0.00905527526812466,-0.558519448779653,0.0871581323352773));
#4339=CARTESIAN_POINT('',(-0.0100597441472056,-0.558467259975475,0.0869209001592943));
#4340=CARTESIAN_POINT('',(-0.0115331616588534,-0.558389708389153,0.086476700922084));
#4341=CARTESIAN_POINT('',(-0.0120187512196149,-0.558363959930019,0.0863138886409487));
#4342=CARTESIAN_POINT('',(-0.0127369929461813,-0.558325884761491,0.086045829713086));
#4343=CARTESIAN_POINT('',(-0.0129747119350006,-0.55831328963708,0.0859524934020289));
#4344=CARTESIAN_POINT('',(-0.0134463642404869,-0.558288488808149,0.0857573828455469));
#4345=CARTESIAN_POINT('',(-0.0136802972643269,-0.558276280271217,0.0856556086708383));
#4346=CARTESIAN_POINT('',(-0.0139121043370933,-0.558264422327319,0.085549307736274));
#4347=CARTESIAN_POINT('',(0.0102687046341226,-0.55948307904385,0.0848737496273765));
#4348=CARTESIAN_POINT('',(0.010036286096215,-0.559478980213437,0.0849865710297321));
#4349=CARTESIAN_POINT('',(0.00980184349183466,-0.559474733594008,0.0850950161159683));
#4350=CARTESIAN_POINT('',(0.00932954731480039,-0.559465375475818,0.0853042539793975));
#4351=CARTESIAN_POINT('',(0.0090916831665313,-0.559460284182759,0.0854050239778717));
#4352=CARTESIAN_POINT('',(0.00837336415370386,-0.559443835668391,0.0856962414162026));
#4353=CARTESIAN_POINT('',(0.00788819042550332,-0.559431296694152,0.0858756217215636));
#4354=CARTESIAN_POINT('',(0.00641683846202163,-0.559389586942149,0.0863719225143181));
#4355=CARTESIAN_POINT('',(0.00541486185772936,-0.559356344942953,0.0866471184996643));
#4356=CARTESIAN_POINT('',(0.00338393929679124,-0.559281957466615,0.0870941939546587));
#4357=CARTESIAN_POINT('',(0.00235498370601147,-0.559240803694907,0.087266031197739));
#4358=CARTESIAN_POINT('',(0.000284393337774119,-0.559153032591327,0.0875102441405186));
#4359=CARTESIAN_POINT('',(-0.000757250986513439,-0.559106406140312,0.0875826103389866));
#4360=CARTESIAN_POINT('',(-0.00283940914415116,-0.559009831518934,0.0876284946990843));
#4361=CARTESIAN_POINT('',(-0.00387993578638405,-0.558959886295262,0.0876020133291424));
#4362=CARTESIAN_POINT('',(-0.00594614573367671,-0.558858634365438,0.087447697758575));
#4363=CARTESIAN_POINT('',(-0.00697184659348979,-0.558807344214585,0.0873198716688951));
#4364=CARTESIAN_POINT('',(-0.00899431318267407,-0.55870490662297,0.0869571028075361));
#4365=CARTESIAN_POINT('',(-0.00999113342214169,-0.558653733767626,0.0867222319262492));
#4366=CARTESIAN_POINT('',(-0.0114531620967026,-0.558577679143571,0.0862822547344779));
#4367=CARTESIAN_POINT('',(-0.0119349709272989,-0.558552422488702,0.0861209678689303));
#4368=CARTESIAN_POINT('',(-0.0126475716852096,-0.558515034972645,0.0858554070642671));
#4369=CARTESIAN_POINT('',(-0.0128834152537312,-0.558502660532249,0.0857629388458971));
#4370=CARTESIAN_POINT('',(-0.0133513189529006,-0.558478283149295,0.0855696264448741));
#4371=CARTESIAN_POINT('',(-0.013583377703903,-0.558466281687402,0.0854687798287076));
#4372=CARTESIAN_POINT('',(-0.0138132973862205,-0.558454636782219,0.0853634152611644));
#4373=CARTESIAN_POINT('',(0.0100900586980321,-0.559826152959288,0.0844950339771947));
#4374=CARTESIAN_POINT('',(0.00986152492446626,-0.559822169707304,0.0846060216302629));
#4375=CARTESIAN_POINT('',(0.00963100705576689,-0.559817963337743,0.0847127634206557));
#4376=CARTESIAN_POINT('',(0.00916668567234191,-0.559808505432363,0.0849189480872384));
#4377=CARTESIAN_POINT('',(0.00893280133324969,-0.559803399490256,0.0850182191991656));
#4378=CARTESIAN_POINT('',(0.0082264384415619,-0.559786946800477,0.0853051002210514));
#4379=CARTESIAN_POINT('',(0.0077492279769522,-0.559774513448598,0.0854817389243128));
#4380=CARTESIAN_POINT('',(0.00630176971349485,-0.559733403356042,0.0859702942898635));
#4381=CARTESIAN_POINT('',(0.00531573375765885,-0.559700929493274,0.0862409699382581));
#4382=CARTESIAN_POINT('',(0.00331677613415586,-0.559628530676088,0.0866806604662637));
#4383=CARTESIAN_POINT('',(0.00230384018581809,-0.559588602766319,0.086849633840706));
#4384=CARTESIAN_POINT('',(0.000265294299927236,-0.55950359299351,0.0870900227274749));
#4385=CARTESIAN_POINT('',(-0.000760328591395394,-0.559458505658486,0.0871614269563525));
#4386=CARTESIAN_POINT('',(-0.00281056415554086,-0.559365234183389,0.0872073691399984));
#4387=CARTESIAN_POINT('',(-0.00383519206237536,-0.559317053531176,0.0871819064142954));
#4388=CARTESIAN_POINT('',(-0.00586982216089769,-0.559219484077383,0.087031548320745));
#4389=CARTESIAN_POINT('',(-0.00687984289138416,-0.559170111446806,0.0869066578181982));
#4390=CARTESIAN_POINT('',(-0.00887117705870057,-0.559071618925699,0.0865515189354714));
#4391=CARTESIAN_POINT('',(-0.00985253576126209,-0.55902249072111,0.0863213179910048));
#4392=CARTESIAN_POINT('',(-0.0112915093308293,-0.558949518533462,0.0858896407195646));
#4393=CARTESIAN_POINT('',(-0.0117656566910876,-0.558925291378001,0.0857313401957015));
#4394=CARTESIAN_POINT('',(-0.0124668304679119,-0.558889349675167,0.0854706873839377));
#4395=CARTESIAN_POINT('',(-0.0126988775457937,-0.558877437264625,0.0853799300975209));
#4396=CARTESIAN_POINT('',(-0.0131592057947923,-0.558853934469451,0.0851901875435261));
#4397=CARTESIAN_POINT('',(-0.0133874865133122,-0.558842343869957,0.0850912014158802));
#4398=CARTESIAN_POINT('',(-0.0136136034422575,-0.558831120870914,0.0849877169810357));
#4399=CARTESIAN_POINT('',(0.00999977559930624,-0.559996065180109,0.0843036407488758));
#4400=CARTESIAN_POINT('',(0.00977319969203352,-0.559992139515807,0.0844137032408361));
#4401=CARTESIAN_POINT('',(0.00954481883766843,-0.559987660623447,0.0845199238125415));
#4402=CARTESIAN_POINT('',(0.00908452863924034,-0.55997813818401,0.0847245972194514));
#4403=CARTESIAN_POINT('',(0.00885267341878954,-0.55997298442703,0.0848231642613211));
#4404=CARTESIAN_POINT('',(0.00815235564326556,-0.559956501644734,0.0851079073503704));
#4405=CARTESIAN_POINT('',(0.00767916483665794,-0.559944112778048,0.0852831829402684));
#4406=CARTESIAN_POINT('',(0.00624376026489589,-0.559903288782986,0.0857678728454423));
#4407=CARTESIAN_POINT('',(0.00526576181687566,-0.559871195220599,0.0860362837053757));
#4408=CARTESIAN_POINT('',(0.0032829232190886,-0.55979978184939,0.08647227174553));
#4409=CARTESIAN_POINT('',(0.00227806568438669,-0.559760462746008,0.0866398064061912));
#4410=CARTESIAN_POINT('',(0.000255681299821369,-0.559676823390256,0.0868782680872374));
#4411=CARTESIAN_POINT('',(-0.000761860252175285,-0.55963249941371,0.086949182809273));
#4412=CARTESIAN_POINT('',(-0.00279599101328669,-0.559540865029277,0.086995134437087));
#4413=CARTESIAN_POINT('',(-0.0038125966962003,-0.559493558226796,0.086970170244067));
#4414=CARTESIAN_POINT('',(-0.00583128816142832,-0.559397814709479,0.086821765614308));
#4415=CARTESIAN_POINT('',(-0.00683339318466897,-0.559349393579769,0.0866983289573614));
#4416=CARTESIAN_POINT('',(-0.00880900304509969,-0.559252873323513,0.0863469645782192));
#4417=CARTESIAN_POINT('',(-0.00978254880404997,-0.559204773748029,0.0861190723817322));
#4418=CARTESIAN_POINT('',(-0.0112098558644074,-0.559133387446861,0.0856914722680867));
#4419=CARTESIAN_POINT('',(-0.0116801220153932,-0.559109698513092,0.085534632075287));
#4420=CARTESIAN_POINT('',(-0.012375508838073,-0.559074516799237,0.0852763870974724));
#4421=CARTESIAN_POINT('',(-0.0126056346423881,-0.55906284651086,0.0851864724070672));
#4422=CARTESIAN_POINT('',(-0.0130621371972989,-0.559039791700245,0.0849985039231396));
#4423=CARTESIAN_POINT('',(-0.0132885148865894,-0.559028404642859,0.0849004518516632));
#4424=CARTESIAN_POINT('',(-0.0135127164526114,-0.559017390511239,0.0847979111824963));
#4425=CARTESIAN_POINT('',(0.00981816859851907,-0.560330973628365,0.0839186478691842));
#4426=CARTESIAN_POINT('',(0.00959553812531918,-0.560327162670179,0.0840268440449203));
#4427=CARTESIAN_POINT('',(0.00937119859887282,-0.560322653481785,0.0841314534085295));
#4428=CARTESIAN_POINT('',(0.00891902460401549,-0.560313029879403,0.0843330716302889));
#4429=CARTESIAN_POINT('',(0.00869121942798465,-0.560307860674737,0.0844301417382367));
#4430=CARTESIAN_POINT('',(0.00800305703259085,-0.560291383979872,0.0847105342726234));
#4431=CARTESIAN_POINT('',(0.00753795694078951,-0.560279109699733,0.0848830522524106));
#4432=CARTESIAN_POINT('',(0.00612682984551145,-0.560238901047122,0.0853599463277904));
#4433=CARTESIAN_POINT('',(0.00516503128671312,-0.56020757241457,0.0856238028350932));
#4434=CARTESIAN_POINT('',(0.00321468749697003,-0.56013813116424,0.0860523406913919));
#4435=CARTESIAN_POINT('',(0.00222611957299395,-0.560100024573552,0.0862169790502739));
#4436=CARTESIAN_POINT('',(0.000236329570523576,-0.560019109025742,0.0864515494333664));
#4437=CARTESIAN_POINT('',(-0.000764910595462179,-0.55997629958652,0.0865214670919396));
#4438=CARTESIAN_POINT('',(-0.00276654970956484,-0.559887909309713,0.0865673992750512));
#4439=CARTESIAN_POINT('',(-0.0037669676723419,-0.559842332179316,0.086543412168416));
#4440=CARTESIAN_POINT('',(-0.0057534910496401,-0.559750204799922,0.0863988704452173));
#4441=CARTESIAN_POINT('',(-0.00673961778476981,-0.559703668018442,0.086278319036943));
#4442=CARTESIAN_POINT('',(-0.00868347554558585,-0.559611075291346,0.0859344394745986));
#4443=CARTESIAN_POINT('',(-0.00964124194293958,-0.559565029801986,0.0857111285693501));
#4444=CARTESIAN_POINT('',(-0.0110449496459803,-0.55949688074389,0.0852915487433386));
#4445=CARTESIAN_POINT('',(-0.0115073571133745,-0.559474303789888,0.0851375679086944));
#4446=CARTESIAN_POINT('',(-0.012191001994436,-0.559440744840148,0.0848839975559536));
#4447=CARTESIAN_POINT('',(-0.0124172221890363,-0.55942960689715,0.0847957070443565));
#4448=CARTESIAN_POINT('',(-0.0128659678285593,-0.559407517485413,0.0846112019563688));
#4449=CARTESIAN_POINT('',(-0.0130885005671811,-0.55939655360815,0.0845150010689975));
#4450=CARTESIAN_POINT('',(-0.01330884549763,-0.559385952856284,0.0844143543973746));
#4451=CARTESIAN_POINT('',(0.00972680422717096,-0.56049605564376,0.0837249624260346));
#4452=CARTESIAN_POINT('',(0.00950616132175078,-0.560492301804006,0.0838322174466545));
#4453=CARTESIAN_POINT('',(0.00928380568126146,-0.560487876315502,0.0839359053807515));
#4454=CARTESIAN_POINT('',(0.00883567093715613,-0.560478302538249,0.0841358826645294));
#4455=CARTESIAN_POINT('',(0.00860990042570107,-0.560473138993704,0.0842321890483163));
#4456=CARTESIAN_POINT('',(0.00792783996948726,-0.56045671394814,0.084510351360283));
#4457=CARTESIAN_POINT('',(0.00746681360668543,-0.560444504662245,0.0846814805202397));
#4458=CARTESIAN_POINT('',(0.00606790842904866,-0.560404628687628,0.0851544403478003));
#4459=CARTESIAN_POINT('',(0.00511427301513319,-0.560373683284756,0.0854160088572674));
#4460=CARTESIAN_POINT('',(0.00318030458650724,-0.560305229483412,0.085840798138249));
#4461=CARTESIAN_POINT('',(0.00219994804293712,-0.560267726271025,0.0860039792776493));
#4462=CARTESIAN_POINT('',(0.000226590815675183,-0.560188164305944,0.0862365853460106));
#4463=CARTESIAN_POINT('',(-0.000766429255083763,-0.560146105957769,0.0863059955507331));
#4464=CARTESIAN_POINT('',(-0.00275168155360627,-0.560059322747314,0.0863518987838117));
#4465=CARTESIAN_POINT('',(-0.0037439340145586,-0.560014601401698,0.0863283902782814));
#4466=CARTESIAN_POINT('',(-0.00571422794266147,-0.559924264232702,0.0861857579806295));
#4467=CARTESIAN_POINT('',(-0.00669229213562253,-0.559878660222462,0.0860666380622821));
#4468=CARTESIAN_POINT('',(-0.00862012207613752,-0.559788022765781,0.0857264687799014));
#4469=CARTESIAN_POINT('',(-0.00956992225513034,-0.559743002422537,0.0855054307601322));
#4470=CARTESIAN_POINT('',(-0.0109616968583258,-0.559676504908082,0.0850897936311612));
#4471=CARTESIAN_POINT('',(-0.0114201276021156,-0.559654500282183,0.0849372131829718));
#4472=CARTESIAN_POINT('',(-0.0120978143846734,-0.559621809083652,0.084685903787065));
#4473=CARTESIAN_POINT('',(-0.0123220491265463,-0.559610962753981,0.0845983927334655));
#4474=CARTESIAN_POINT('',(-0.0127668517622972,-0.559589411370724,0.0844155548239127));
#4475=CARTESIAN_POINT('',(-0.0129874578786654,-0.559578641808449,0.0843202998583936));
#4476=CARTESIAN_POINT('',(-0.0132058615364644,-0.559568245568911,0.0842206034186372));
#4477=CARTESIAN_POINT('',(0.00954296378762474,-0.560821517742751,0.0833352348278809));
#4478=CARTESIAN_POINT('',(0.0093263244524926,-0.560817877604429,0.0834405921231797));
#4479=CARTESIAN_POINT('',(0.00910797287206213,-0.56081359895924,0.0835424447756365));
#4480=CARTESIAN_POINT('',(0.00866791387035138,-0.560804233188549,0.0837389982591526));
#4481=CARTESIAN_POINT('',(0.00844620795199529,-0.560799145167965,0.0838337004210872));
#4482=CARTESIAN_POINT('',(0.00777636931563702,-0.560782956630885,0.084107239164572));
#4483=CARTESIAN_POINT('',(0.00732352417842255,-0.56077092855761,0.0842755263090222));
#4484=CARTESIAN_POINT('',(0.00594919263875101,-0.56073181775239,0.0847404776856227));
#4485=CARTESIAN_POINT('',(0.00501199958339369,-0.560701652639295,0.0849974308007499));
#4486=CARTESIAN_POINT('',(0.00311102204710034,-0.560635192776879,0.085414651305152));
#4487=CARTESIAN_POINT('',(0.00214721675858362,-0.560598893879479,0.0855748941405528));
#4488=CARTESIAN_POINT('',(0.000206989004201891,-0.560522025635307,0.0858035278011604));
#4489=CARTESIAN_POINT('',(-0.000769454772141603,-0.560481457282756,0.0858719042507641));
#4490=CARTESIAN_POINT('',(-0.0027216568076609,-0.560397856839852,0.0859177121285856));
#4491=CARTESIAN_POINT('',(-0.00369743770444328,-0.560354827597796,0.0858951426698571));
#4492=CARTESIAN_POINT('',(-0.00563498969086364,-0.560268028567494,0.0857562934946724));
#4493=CARTESIAN_POINT('',(-0.00659678701458575,-0.560224266512347,0.0856400204829028));
#4494=CARTESIAN_POINT('',(-0.00849227580363006,-0.560137498689492,0.0853072342624299));
#4495=CARTESIAN_POINT('',(-0.00942600334529723,-0.560094507014387,0.0850907270679804));
#4496=CARTESIAN_POINT('',(-0.0107936821038044,-0.56003131685711,0.0846829006490023));
#4497=CARTESIAN_POINT('',(-0.0112440828795568,-0.560010458609429,0.084533092759211));
#4498=CARTESIAN_POINT('',(-0.0119097128255396,-0.559979549118393,0.0842862069414951));
#4499=CARTESIAN_POINT('',(-0.0121299259677407,-0.559969308987586,0.0842002135904884));
#4500=CARTESIAN_POINT('',(-0.0125666827319453,-0.559948978735242,0.0840205146592401));
#4501=CARTESIAN_POINT('',(-0.0127832794486253,-0.559938808025708,0.083926909230436));
#4502=CARTESIAN_POINT('',(-0.0129977767141458,-0.559928816271924,0.0838291187881346));
#4503=CARTESIAN_POINT('',(0.00945048771752823,-0.560981897818317,0.0831391926688523));
#4504=CARTESIAN_POINT('',(0.00923586438490442,-0.560978314262994,0.0832435933939463));
#4505=CARTESIAN_POINT('',(0.00901952194347016,-0.560974119534135,0.0833445088644441));
#4506=CARTESIAN_POINT('',(0.00858350662100613,-0.560964899401019,0.0835392944450084));
#4507=CARTESIAN_POINT('',(0.00836383347176983,-0.560959875569146,0.0836331620847095));
#4508=CARTESIAN_POINT('',(0.00770011620964673,-0.560943868521493,0.0839043111651817));
#4509=CARTESIAN_POINT('',(0.00725137852390502,-0.560931956995271,0.084071144529019));
#4510=CARTESIAN_POINT('',(0.00588939823611149,-0.560893278990041,0.0845320212782371));
#4511=CARTESIAN_POINT('',(0.00496048457957125,-0.560863510993497,0.0847866468858889));
#4512=CARTESIAN_POINT('',(0.00307612238001079,-0.560798057697309,0.0852000470633087));
#4513=CARTESIAN_POINT('',(0.00212065706825106,-0.560762359743907,0.0853588088274604));
#4514=CARTESIAN_POINT('',(0.000197125923490592,-0.560686831666747,0.0855854343156242));
#4515=CARTESIAN_POINT('',(-0.000770961604751556,-0.56064700221953,0.0856532845096771));
#4516=CARTESIAN_POINT('',(-0.00270650022606528,-0.560564977473701,0.0856990259348228));
#4517=CARTESIAN_POINT('',(-0.00367397505724903,-0.560522784558786,0.0856769169610413));
#4518=CARTESIAN_POINT('',(-0.0055950145519378,-0.560437733396399,0.0855399415116633));
#4519=CARTESIAN_POINT('',(-0.00654860760242302,-0.560394880570258,0.0854250838811998));
#4520=CARTESIAN_POINT('',(-0.0084277830800119,-0.560310026804235,0.0850959708081648));
#4521=CARTESIAN_POINT('',(-0.00935340432400246,-0.560268038915066,0.0848817211766533));
#4522=CARTESIAN_POINT('',(-0.010708920781312,-0.560206503159178,0.0844777644057585));
#4523=CARTESIAN_POINT('',(-0.011155268070782,-0.56018621974112,0.0843293273784212));
#4524=CARTESIAN_POINT('',(-0.0118148050110446,-0.560156213670594,0.0840846155751701));
#4525=CARTESIAN_POINT('',(-0.0120329833606807,-0.560146284732537,0.0839993626789343));
#4526=CARTESIAN_POINT('',(-0.0124656568417505,-0.560126606462311,0.0838211723887206));
#4527=CARTESIAN_POINT('',(-0.012680106207767,-0.560116938070314,0.0837281492629445));
#4528=CARTESIAN_POINT('',(-0.0128926383536589,-0.560107146289957,0.0836313145862315));
#4529=CARTESIAN_POINT('',(0.00861323921397648,-0.562404323754376,0.0813642902091301));
#4530=CARTESIAN_POINT('',(0.00841688215979563,-0.562401246738756,0.0814600150396216));
#4531=CARTESIAN_POINT('',(0.00821875960091973,-0.562397750082097,0.0815525229566939));
#4532=CARTESIAN_POINT('',(0.00781929796799241,-0.562389942590429,0.0817311888076771));
#4533=CARTESIAN_POINT('',(0.00761795712655674,-0.56238563307488,0.0818173479438507));
#4534=CARTESIAN_POINT('',(0.00700945292058754,-0.562371691477528,0.0820663815109736));
#4535=CARTESIAN_POINT('',(0.00659779342867491,-0.562361082119443,0.0822197774992621));
#4536=CARTESIAN_POINT('',(0.00534749228044773,-0.562326785747616,0.082643223579116));
#4537=CARTESIAN_POINT('',(0.00449355995068373,-0.562300703251706,0.0828766423140205));
#4538=CARTESIAN_POINT('',(0.00275976153588643,-0.562244443586557,0.0832552466160317));
#4539=CARTESIAN_POINT('',(0.00187990928763999,-0.562214156072041,0.0834005451778925));
#4540=CARTESIAN_POINT('',(0.000107806525317993,-0.562150639674295,0.0836088772368833));
#4541=CARTESIAN_POINT('',(-0.000784476499340995,-0.562117405464936,0.0836719001679229));
#4542=CARTESIAN_POINT('',(-0.0025688237342097,-0.562049413218731,0.0837168840947323));
#4543=CARTESIAN_POINT('',(-0.00346092421575652,-0.562014653525676,0.0836988424019567));
#4544=CARTESIAN_POINT('',(-0.00523211758776223,-0.561945109267962,0.0835786152994975));
#4545=CARTESIAN_POINT('',(-0.00611125373390485,-0.561910313674733,0.0834764475377105));
#4546=CARTESIAN_POINT('',(-0.00784243003579483,-0.561842373313517,0.0831803794222809));
#4547=CARTESIAN_POINT('',(-0.00869450960484493,-0.561809248954268,0.0829864723658006));
#4548=CARTESIAN_POINT('',(-0.00993980844033352,-0.561762230317398,0.0826174611855221));
#4549=CARTESIAN_POINT('',(-0.010349384299633,-0.561747048601353,0.082481342514675));
#4550=CARTESIAN_POINT('',(-0.0109538823359867,-0.561724679487133,0.0822565214663101));
#4551=CARTESIAN_POINT('',(-0.0111537388748303,-0.561717281147813,0.0821781470265543));
#4552=CARTESIAN_POINT('',(-0.0115500530878701,-0.561702238454837,0.0820147018800139));
#4553=CARTESIAN_POINT('',(-0.0117465560837276,-0.561694512942364,0.0819297145833392));
#4554=CARTESIAN_POINT('',(-0.0119413041239227,-0.56168649967066,0.0818415025025678));
#4555=CARTESIAN_POINT('',(0.00783393350795068,-0.563520310828763,0.0797122220255107));
#4556=CARTESIAN_POINT('',(0.00765439310409585,-0.563517663153126,0.0797998962372359));
#4557=CARTESIAN_POINT('',(0.00747312691071655,-0.563514746779765,0.0798844398482016));
#4558=CARTESIAN_POINT('',(0.00710739843297887,-0.563508424144295,0.080047413922386));
#4559=CARTESIAN_POINT('',(0.00692293751709873,-0.563505017368844,0.0801258457008198));
#4560=CARTESIAN_POINT('',(0.00636516835635929,-0.563494096751404,0.08035224948191));
#4561=CARTESIAN_POINT('',(0.00598748452975036,-0.563485872418098,0.0804913413406006));
#4562=CARTESIAN_POINT('',(0.00483993804327048,-0.563458770177711,0.0808752424052129));
#4563=CARTESIAN_POINT('',(0.0040556275920623,-0.563437527610252,0.081086754763741));
#4564=CARTESIAN_POINT('',(0.00246260583178808,-0.56339106424125,0.0814302535962521));
#4565=CARTESIAN_POINT('',(0.00165387977023714,-0.563365819401434,0.0815622910200239));
#4566=CARTESIAN_POINT('',(2.46029211575965E-5,-0.56331287731947,0.081752365460147));
#4567=CARTESIAN_POINT('',(-0.000795979655244539,-0.563285170834619,0.0818103970757924));
#4568=CARTESIAN_POINT('',(-0.00243717978155483,-0.563228620530871,0.081853555138171));
#4569=CARTESIAN_POINT('',(-0.0032578324604766,-0.563199774361921,0.0818386840056348));
#4570=CARTESIAN_POINT('',(-0.00488710577663699,-0.563142174673971,0.0817329395209913));
#4571=CARTESIAN_POINT('',(-0.00569576056428914,-0.56311343017474,0.0816420695980367));
#4572=CARTESIAN_POINT('',(-0.00728760453786075,-0.563057146004968,0.0813768604881643));
#4573=CARTESIAN_POINT('',(-0.008070770301878,-0.563029701489841,0.0812023974567369));
#4574=CARTESIAN_POINT('',(-0.00921485094066359,-0.562989485699684,0.0808698281573541));
#4575=CARTESIAN_POINT('',(-0.00959109858522645,-0.562976201355002,0.0807471599425823));
#4576=CARTESIAN_POINT('',(-0.0101463165539306,-0.56295619543688,0.080544535338423));
#4577=CARTESIAN_POINT('',(-0.0103298646720592,-0.562949510805198,0.0804738935213107));
#4578=CARTESIAN_POINT('',(-0.0106936078194141,-0.562936152602018,0.0803261789143316));
#4579=CARTESIAN_POINT('',(-0.0108737834835844,-0.56292951292724,0.0802490702770602));
#4580=CARTESIAN_POINT('',(-0.0110521175133509,-0.56292291396376,0.0801686131115546));
#4581=CARTESIAN_POINT('',(0.00661340041604163,-0.564976156490939,0.0771247857054553));
#4582=CARTESIAN_POINT('',(0.00645973663619092,-0.564974104629249,0.0771999924362841));
#4583=CARTESIAN_POINT('',(0.00630443974201368,-0.564971923890682,0.0772722443798173));
#4584=CARTESIAN_POINT('',(0.00599088396989286,-0.56496727006591,0.0774111799014696));
#4585=CARTESIAN_POINT('',(0.00583262386783612,-0.564964797719955,0.0774778614375334));
#4586=CARTESIAN_POINT('',(0.00535381235603518,-0.564956929145165,0.0776699872170127));
#4587=CARTESIAN_POINT('',(0.0050292375690929,-0.56495107982214,0.0777875260560471));
#4588=CARTESIAN_POINT('',(0.00404242128696107,-0.564931785804163,0.0781114282606802));
#4589=CARTESIAN_POINT('',(0.00336720188372371,-0.564916568310221,0.0782892877650087));
#4590=CARTESIAN_POINT('',(0.00199523190703633,-0.564882768326378,0.0785788141071809));
#4591=CARTESIAN_POINT('',(0.00129841576987022,-0.564864225468234,0.078690394594376));
#4592=CARTESIAN_POINT('',(-0.000105863076207284,-0.564825270718202,0.0788519931273534));
#4593=CARTESIAN_POINT('',(-0.000813359191305206,-0.56480485865723,0.0789019974881185));
#4594=CARTESIAN_POINT('',(-0.00222872102746487,-0.564763243640474,0.0789413646860867));
#4595=CARTESIAN_POINT('',(-0.00293661639025311,-0.564742040281104,0.0789307303583154));
#4596=CARTESIAN_POINT('',(-0.00434220139175185,-0.564699616661912,0.0788460725464672));
#4597=CARTESIAN_POINT('',(-0.00503992673036597,-0.564678398524239,0.0787720637901753));
#4598=CARTESIAN_POINT('',(-0.00641333924647141,-0.564636383442892,0.078554033179887));
#4599=CARTESIAN_POINT('',(-0.00708908534415674,-0.564615555033026,0.0784100659909967));
#4600=CARTESIAN_POINT('',(-0.0080753950804407,-0.564584796176712,0.0781331499660846));
#4601=CARTESIAN_POINT('',(-0.00839959016188106,-0.564574626747981,0.0780306387173188));
#4602=CARTESIAN_POINT('',(-0.0088773483765748,-0.564559654199844,0.0778600096247885));
#4603=CARTESIAN_POINT('',(-0.00903517589674406,-0.564554712721981,0.0778003178472191));
#4604=CARTESIAN_POINT('',(-0.00934768671576471,-0.564544947885201,0.0776750281161087));
#4605=CARTESIAN_POINT('',(-0.00950237809255492,-0.564540110575067,0.0776094450479699));
#4606=CARTESIAN_POINT('',(-0.0096553430049967,-0.56453534744441,0.0775407628618068));
#4607=CARTESIAN_POINT('',(0.00619792061275324,-0.565424914710272,0.0762440004646419));
#4608=CARTESIAN_POINT('',(0.00605300278705945,-0.56542305372031,0.0763149806564103));
#4609=CARTESIAN_POINT('',(0.00590649445591185,-0.565421098117632,0.0763830854554149));
#4610=CARTESIAN_POINT('',(0.00561058444743612,-0.56541696284527,0.076513881460462));
#4611=CARTESIAN_POINT('',(0.00546118659131088,-0.56541478094569,0.0765765804736024));
#4612=CARTESIAN_POINT('',(0.00500909704569099,-0.565407852862108,0.0767570891294765));
#4613=CARTESIAN_POINT('',(0.0047025224493863,-0.56540271636577,0.0768673386879817));
#4614=CARTESIAN_POINT('',(0.00377031789108037,-0.565385701417683,0.0771710933717636));
#4615=CARTESIAN_POINT('',(0.00313230656877688,-0.565372207376488,0.0773378181115913));
#4616=CARTESIAN_POINT('',(0.00183575447096891,-0.565342182571962,0.0776094183218105));
#4617=CARTESIAN_POINT('',(0.00117713542173141,-0.565325687425235,0.0777141775433888));
#4618=CARTESIAN_POINT('',(-0.000150327759999017,-0.565291033408743,0.0778662095758679));
#4619=CARTESIAN_POINT('',(-0.000819206011415281,-0.565272875972317,0.0779134665055416));
#4620=CARTESIAN_POINT('',(-0.00215743019256992,-0.565235868319443,0.0779513888084088));
#4621=CARTESIAN_POINT('',(-0.00282680462101235,-0.565217018320017,0.0779420540854719));
#4622=CARTESIAN_POINT('',(-0.00415598100729096,-0.565179263584078,0.0778641914030386));
#4623=CARTESIAN_POINT('',(-0.0048158188929921,-0.565160357276557,0.0777956797535663));
#4624=CARTESIAN_POINT('',(-0.00611468856454709,-0.565122784495293,0.077593162940131));
#4625=CARTESIAN_POINT('',(-0.00675379806533713,-0.565104076575791,0.0774592614414477));
#4626=CARTESIAN_POINT('',(-0.00768640405739093,-0.565076452812819,0.0772007812467281));
#4627=CARTESIAN_POINT('',(-0.00799289618442779,-0.565067325729762,0.0771049583604916));
#4628=CARTESIAN_POINT('',(-0.00844440799703621,-0.565053898310772,0.0769450776177054));
#4629=CARTESIAN_POINT('',(-0.00859353819804866,-0.565049466724361,0.0768890892662285));
#4630=CARTESIAN_POINT('',(-0.00888874344667139,-0.56504073559914,0.0767713999873744));
#4631=CARTESIAN_POINT('',(-0.00903481267554765,-0.565036444600016,0.0767096883949535));
#4632=CARTESIAN_POINT('',(-0.00917919653193422,-0.565032245808715,0.0766449549696454));
#4633=CARTESIAN_POINT('',(0.00556151870624905,-0.566042297799478,0.0748948773495399));
#4634=CARTESIAN_POINT('',(0.00542987404881695,-0.566040708633888,0.0749594255146519));
#4635=CARTESIAN_POINT('',(0.00529669597604018,-0.566039062019893,0.0750212031014995));
#4636=CARTESIAN_POINT('',(0.00502763997630113,-0.566035576791804,0.0751397591569559));
#4637=CARTESIAN_POINT('',(0.00489175849715243,-0.566033740882164,0.0751965301643305));
#4638=CARTESIAN_POINT('',(0.00448051587248432,-0.566027893379682,0.0753599445343016));
#4639=CARTESIAN_POINT('',(0.00420157571272081,-0.566023533733467,0.0754597273215254));
#4640=CARTESIAN_POINT('',(0.00335323885549352,-0.56600909505946,0.0757346838307572));
#4641=CARTESIAN_POINT('',(0.00277237608709205,-0.565997683232996,0.0758855463590124));
#4642=CARTESIAN_POINT('',(0.00159146771444927,-0.565972474859398,0.0761312425641678));
#4643=CARTESIAN_POINT('',(0.000991372509399859,-0.565958691665399,0.076226008002108));
#4644=CARTESIAN_POINT('',(-0.000218420702236764,-0.565929830917529,0.076363864159774));
#4645=CARTESIAN_POINT('',(-0.000828146231911012,-0.565914753954528,0.0764069490174616));
#4646=CARTESIAN_POINT('',(-0.00204817771367217,-0.56588409410076,0.0764424011391291));
#4647=CARTESIAN_POINT('',(-0.00265850983295037,-0.565868512018705,0.0764347692822078));
#4648=CARTESIAN_POINT('',(-0.00387047885534698,-0.56583734523974,0.0763663172278088));
#4649=CARTESIAN_POINT('',(-0.00447214723395709,-0.565821759874171,0.0763055072553559));
#4650=CARTESIAN_POINT('',(-0.00565640875397118,-0.565790782933635,0.0761247149194599));
#4651=CARTESIAN_POINT('',(-0.00623907860590836,-0.565775360717588,0.0760048317852093));
#4652=CARTESIAN_POINT('',(-0.00708917783786991,-0.565752500218983,0.0757727349754975));
#4653=CARTESIAN_POINT('',(-0.00736854086330175,-0.565744924889436,0.0756866174291216));
#4654=CARTESIAN_POINT('',(-0.00777994323149492,-0.565733792018913,0.075542576438432));
#4655=CARTESIAN_POINT('',(-0.00791579968715129,-0.565730121563115,0.0754920772679685));
#4656=CARTESIAN_POINT('',(-0.00818462620065435,-0.565722918471722,0.0753857135099312));
#4657=CARTESIAN_POINT('',(-0.00831759869541195,-0.565719382141636,0.0753298532807592));
#4658=CARTESIAN_POINT('',(-0.00844894403892429,-0.565715953983621,0.075271079526861));
#4659=CARTESIAN_POINT('',(0.00534718516955407,-0.566238789070551,0.0744405067297453));
#4660=CARTESIAN_POINT('',(0.0052199906077136,-0.566237288099215,0.0745028955162942));
#4661=CARTESIAN_POINT('',(0.0050912824678151,-0.566235741961178,0.0745625504027697));
#4662=CARTESIAN_POINT('',(0.00483121441772966,-0.566232477421669,0.0746769659298943));
#4663=CARTESIAN_POINT('',(0.00469987241555551,-0.56623074528334,0.0747317644117389));
#4664=CARTESIAN_POINT('',(0.00430238482593612,-0.566225197190769,0.0748895666879818));
#4665=CARTESIAN_POINT('',(0.00403278178162231,-0.566221033074834,0.0749859874744992));
#4666=CARTESIAN_POINT('',(0.00321275579067293,-0.566207295803009,0.0752516449851935));
#4667=CARTESIAN_POINT('',(0.00265115664132425,-0.56619649922119,0.075397351158815));
#4668=CARTESIAN_POINT('',(0.00150920921540268,-0.566172762562939,0.0756345664620344));
#4669=CARTESIAN_POINT('',(0.00092882036885542,-0.566159826417302,0.0757260331900115));
#4670=CARTESIAN_POINT('',(-0.000241348318949723,-0.566132790430832,0.0758591865528517));
#4671=CARTESIAN_POINT('',(-0.000831155720530443,-0.566118690534115,0.0759008697523334));
#4672=CARTESIAN_POINT('',(-0.00201138081705793,-0.56609005242622,0.0759354483491797));
#4673=CARTESIAN_POINT('',(-0.00260182507670857,-0.566075515041484,0.0759283432465208));
#4674=CARTESIAN_POINT('',(-0.00377429921601989,-0.566046471092134,0.0758629033973458));
#4675=CARTESIAN_POINT('',(-0.00435635795492237,-0.566031964802781,0.0758045736336069));
#4676=CARTESIAN_POINT('',(-0.00550195734815865,-0.566003167064475,0.0756307689119158));
#4677=CARTESIAN_POINT('',(-0.00606556223358345,-0.565988852584682,0.0755153757624061));
#4678=CARTESIAN_POINT('',(-0.00688781367450635,-0.565967611146904,0.0752918089700553));
#4679=CARTESIAN_POINT('',(-0.00715802331548556,-0.565960565520718,0.0752088473726413));
#4680=CARTESIAN_POINT('',(-0.00755593483868116,-0.565950189378619,0.0750700381239625));
#4681=CARTESIAN_POINT('',(-0.00768733216496098,-0.565946765291858,0.0750213635429376));
#4682=CARTESIAN_POINT('',(-0.0079473066542711,-0.565940046123251,0.0749187824303699));
#4683=CARTESIAN_POINT('',(-0.00807587967301244,-0.565936754386207,0.0748648685154981));
#4684=CARTESIAN_POINT('',(-0.00820285102410147,-0.565933570459995,0.0748080874070912));
#4685=CARTESIAN_POINT('',(0.00502233282554279,-0.566519348498274,0.0737518447351449));
#4686=CARTESIAN_POINT('',(0.00490184866857046,-0.566517975837035,0.0738109731305923));
#4687=CARTESIAN_POINT('',(0.00477988839583502,-0.566516566473602,0.0738674449532521));
#4688=CARTESIAN_POINT('',(0.00453357552744622,-0.566513471162389,0.0739760526258372));
#4689=CARTESIAN_POINT('',(0.00440918898818797,-0.566511812889093,0.0740281161138438));
#4690=CARTESIAN_POINT('',(0.00403270665444147,-0.566506527084794,0.0741780333810845));
#4691=CARTESIAN_POINT('',(0.00377729163708639,-0.566502592873401,0.0742696191263301));
#4692=CARTESIAN_POINT('',(0.00300019968458379,-0.566489757902388,0.0745217664413897));
#4693=CARTESIAN_POINT('',(0.00246774075091034,-0.566479825054339,0.0746598268973558));
#4694=CARTESIAN_POINT('',(0.00138473865288384,-0.566458154616661,0.0748844464610976));
#4695=CARTESIAN_POINT('',(0.000834161099127453,-0.566446420180778,0.0749709754589258));
#4696=CARTESIAN_POINT('',(-0.000276053418389811,-0.566421978461475,0.0750970631042189));
#4697=CARTESIAN_POINT('',(-0.000835717415747338,-0.566409271708157,0.0751366191954141));
#4698=CARTESIAN_POINT('',(-0.00195569108542622,-0.566383522469187,0.0751698069403653));
#4699=CARTESIAN_POINT('',(-0.00251602757725699,-0.566370480859588,0.0751634386707848));
#4700=CARTESIAN_POINT('',(-0.003628694587619,-0.566344493520593,0.0751023534849318));
#4701=CARTESIAN_POINT('',(-0.00418105235160971,-0.566331548902308,0.0750476386220791));
#4702=CARTESIAN_POINT('',(-0.00526803338306148,-0.566305952756377,0.0748839515719738));
#4703=CARTESIAN_POINT('',(-0.00580270393648393,-0.566293290144171,0.0747750253216959));
#4704=CARTESIAN_POINT('',(-0.00658255517309942,-0.566274548640349,0.0745635893416505));
#4705=CARTESIAN_POINT('',(-0.00683880386656769,-0.566268339741902,0.0744850824156707));
#4706=CARTESIAN_POINT('',(-0.00721616438048256,-0.566259154309413,0.0743537666088658));
#4707=CARTESIAN_POINT('',(-0.00734078051737675,-0.5662561136247,0.0743077317088766));
#4708=CARTESIAN_POINT('',(-0.00758733234001587,-0.566250129576929,0.0742107086367834));
#4709=CARTESIAN_POINT('',(-0.00770927019659764,-0.566247184200055,0.0741597246410915));
#4710=CARTESIAN_POINT('',(-0.00782964133893245,-0.566244347094064,0.074105941743268));
#4711=CARTESIAN_POINT('',(0.00491338476239567,-0.566610589120742,0.0735208832172186));
#4712=CARTESIAN_POINT('',(0.0047951432839595,-0.566609258565988,0.073578921261756));
#4713=CARTESIAN_POINT('',(0.00467552729659945,-0.566607820246993,0.073634518451409));
#4714=CARTESIAN_POINT('',(0.0044338757275856,-0.566604732098514,0.0737413228612779));
#4715=CARTESIAN_POINT('',(0.0043118326373001,-0.566603084895273,0.0737925136495867));
#4716=CARTESIAN_POINT('',(0.00394241356451711,-0.566597857549653,0.0739398899792975));
#4717=CARTESIAN_POINT('',(0.00369175356028466,-0.566593992824012,0.0740298901454457));
#4718=CARTESIAN_POINT('',(0.00292904662782119,-0.566581437698678,0.0742775966518791));
#4719=CARTESIAN_POINT('',(0.00240633999027841,-0.566571783296452,0.0744131211999544));
#4720=CARTESIAN_POINT('',(0.00134306938828701,-0.566550778671704,0.0746335606501348));
#4721=CARTESIAN_POINT('',(0.000802470126843642,-0.566539433395033,0.0747184448277936));
#4722=CARTESIAN_POINT('',(-0.000287673818816226,-0.566515832730154,0.0748421748519928));
#4723=CARTESIAN_POINT('',(-0.00083724606959645,-0.566503578273884,0.0748810175282335));
#4724=CARTESIAN_POINT('',(-0.00193704606193372,-0.566478767949787,0.0749137285000339));
#4725=CARTESIAN_POINT('',(-0.00248730091053357,-0.566466212965276,0.0749075969311953));
#4726=CARTESIAN_POINT('',(-0.00357993895807484,-0.566441222872972,0.0748479370751314));
#4727=CARTESIAN_POINT('',(-0.00412234890785411,-0.56642878906601,0.0747944102201536));
#4728=CARTESIAN_POINT('',(-0.00518968838675389,-0.566404248032735,0.0746340376764738));
#4729=CARTESIAN_POINT('',(-0.0057146586694019,-0.566392133571742,0.074527225336487));
#4730=CARTESIAN_POINT('',(-0.00648027386548646,-0.566374236005968,0.0743197233967396));
#4731=CARTESIAN_POINT('',(-0.00673182871134202,-0.56636831343028,0.0742426534229996));
#4732=CARTESIAN_POINT('',(-0.0071022802460019,-0.566359538646387,0.0741137632634422));
#4733=CARTESIAN_POINT('',(-0.00722461546809412,-0.566356631603365,0.0740685825474823));
#4734=CARTESIAN_POINT('',(-0.00746667790756831,-0.566350886313287,0.0739734095422391));
#4735=CARTESIAN_POINT('',(-0.00758639498516616,-0.566348055166104,0.0739233984647008));
#4736=CARTESIAN_POINT('',(-0.0077045595212297,-0.566345330412272,0.0738706165107962));
#4737=CARTESIAN_POINT('',(0.00469487433980438,-0.566787882684938,0.0730576579204436));
#4738=CARTESIAN_POINT('',(0.00458112942263814,-0.566786634955979,0.073113508443952));
#4739=CARTESIAN_POINT('',(0.0044661766706793,-0.56678518587709,0.0731672767196308));
#4740=CARTESIAN_POINT('',(0.00423383491459751,-0.56678215662539,0.0732703975594256));
#4741=CARTESIAN_POINT('',(0.00411648270838161,-0.566780546208573,0.0733198272256626));
#4742=CARTESIAN_POINT('',(0.00376121008930897,-0.566775468549253,0.0734620901724865));
#4743=CARTESIAN_POINT('',(0.0035200829145223,-0.56677175264662,0.0735489155559046));
#4744=CARTESIAN_POINT('',(0.00278621936622391,-0.566759770683427,0.0737877301758448));
#4745=CARTESIAN_POINT('',(0.00228308017689244,-0.566750661000442,0.0739181843709003));
#4746=CARTESIAN_POINT('',(0.00125940547635526,-0.566730958448189,0.074130253035933));
#4747=CARTESIAN_POINT('',(0.00073883631147333,-0.56672037158503,0.0742118401731617));
#4748=CARTESIAN_POINT('',(-0.000311012680744531,-0.566698409853873,0.0743308359652823));
#4749=CARTESIAN_POINT('',(-0.00084032017912193,-0.566687036267808,0.0743682410461604));
#4750=CARTESIAN_POINT('',(-0.00189960746418994,-0.566664054780309,0.0743999720399623));
#4751=CARTESIAN_POINT('',(-0.00242961477887613,-0.566652447623271,0.0743942992181055));
#4752=CARTESIAN_POINT('',(-0.00348202605800192,-0.566629402487102,0.0743374510262458));
#4753=CARTESIAN_POINT('',(-0.00400445723262912,-0.566617965629567,0.0742862785970408));
#4754=CARTESIAN_POINT('',(-0.00503233818409772,-0.566595493580901,0.074132457509118));
#4755=CARTESIAN_POINT('',(-0.00553782183639997,-0.566584456601239,0.0740298244043317));
#4756=CARTESIAN_POINT('',(-0.00627478324198937,-0.566568244602034,0.0738300046846692));
#4757=CARTESIAN_POINT('',(-0.00651688421982473,-0.566562895473759,0.0737557313867166));
#4758=CARTESIAN_POINT('',(-0.00687337166430179,-0.566554975752437,0.0736314892738585));
#4759=CARTESIAN_POINT('',(-0.00699108883813391,-0.566552352771751,0.0735879347950009));
#4760=CARTESIAN_POINT('',(-0.00722402269190005,-0.566547151566769,0.0734962274964868));
#4761=CARTESIAN_POINT('',(-0.0073392877143428,-0.566544538533406,0.0734481664710459));
#4762=CARTESIAN_POINT('',(-0.00745302638317049,-0.566542031881642,0.0733973895040637));
#4763=CARTESIAN_POINT('',(0.00458542455618264,-0.566873850551126,0.0728256327936835));
#4764=CARTESIAN_POINT('',(0.00447393352175015,-0.566872643541477,0.0728803861470729));
#4765=CARTESIAN_POINT('',(0.00436122283864593,-0.566871267792788,0.0729330381701017));
#4766=CARTESIAN_POINT('',(0.00413350726017213,-0.566868308733442,0.0730342308885513));
#4767=CARTESIAN_POINT('',(0.00401849934997309,-0.566866726546622,0.0730827649709557));
#4768=CARTESIAN_POINT('',(0.00367030275605781,-0.566861745934228,0.0732224411172684));
#4769=CARTESIAN_POINT('',(0.00343395336761248,-0.566858110334023,0.0733076751122646));
#4770=CARTESIAN_POINT('',(0.00271454452356528,-0.566846423833196,0.0735420337129008));
#4771=CARTESIAN_POINT('',(0.00222122196131691,-0.566837580157657,0.0736699539986479));
#4772=CARTESIAN_POINT('',(0.00121741052107565,-0.566818514105086,0.0738778312345301));
#4773=CARTESIAN_POINT('',(0.000706893781286979,-0.566808296477179,0.0739577663439617));
#4774=CARTESIAN_POINT('',(-0.000322731300974789,-0.566787132670638,0.0740743851702897));
#4775=CARTESIAN_POINT('',(-0.000841865518023598,-0.566776187659782,0.0741110663092264));
#4776=CARTESIAN_POINT('',(-0.00188081393601844,-0.566754096092349,0.0741422938325666));
#4777=CARTESIAN_POINT('',(-0.00240065536619616,-0.566742950129854,0.0741368433395517));
#4778=CARTESIAN_POINT('',(-0.00343286872245024,-0.566720852662648,0.0740813813421614));
#4779=CARTESIAN_POINT('',(-0.00394526941941733,-0.566709901908709,0.07403137560458));
#4780=CARTESIAN_POINT('',(-0.00495333271448085,-0.566688443590867,0.0738807917501874));
#4781=CARTESIAN_POINT('',(-0.00544903164715036,-0.566677935925817,0.0737802239645037));
#4782=CARTESIAN_POINT('',(-0.00617157364626246,-0.566662564962866,0.0735841532016987));
#4783=CARTESIAN_POINT('',(-0.00640891701211317,-0.566657501743887,0.0735112410750137));
#4784=CARTESIAN_POINT('',(-0.00675835067050759,-0.566650023391548,0.0733892262571501));
#4785=CARTESIAN_POINT('',(-0.00687372980217984,-0.566647551116974,0.0733464418030346));
#4786=CARTESIAN_POINT('',(-0.00710201294135625,-0.566642663271489,0.0732563286897857));
#4787=CARTESIAN_POINT('',(-0.00721490557663808,-0.566640258661459,0.0732089783008825));
#4788=CARTESIAN_POINT('',(-0.00732642498450119,-0.566637857759602,0.0731592053769038));
#4789=CARTESIAN_POINT('',(0.00359864148000957,-0.567623673148741,0.0707337285362474));
#4790=CARTESIAN_POINT('',(0.00350748333573814,-0.567622826100235,0.0707785779705698));
#4791=CARTESIAN_POINT('',(0.00341531803471025,-0.567621885934486,0.0708218539006635));
#4792=CARTESIAN_POINT('',(0.00322909282575497,-0.567619798401321,0.070905201329781));
#4793=CARTESIAN_POINT('',(0.00313503696414982,-0.567618650486994,0.0709452826859973));
#4794=CARTESIAN_POINT('',(0.00285022146187077,-0.567614956460369,0.0710607600048616));
#4795=CARTESIAN_POINT('',(0.00265680116918948,-0.567612173551642,0.0711313613422346));
#4796=CARTESIAN_POINT('',(0.00206754068346383,-0.567603354159407,0.0713249963357152));
#4797=CARTESIAN_POINT('',(0.00166273075118693,-0.56759687600404,0.0714299809006068));
#4798=CARTESIAN_POINT('',(0.000838155998512324,-0.567583467450144,0.0715998541041241));
#4799=CARTESIAN_POINT('',(0.000418378857286351,-0.567576497052272,0.0716648292906185));
#4800=CARTESIAN_POINT('',(-0.000428608436739768,-0.567562337879617,0.0717599093702804));
#4801=CARTESIAN_POINT('',(-0.00085585815617848,-0.567555145118802,0.0717900070367046));
#4802=CARTESIAN_POINT('',(-0.00171107520489686,-0.567540836454208,0.0718165982907136));
#4803=CARTESIAN_POINT('',(-0.0021390798179663,-0.56753371938073,0.071813088207688));
#4804=CARTESIAN_POINT('',(-0.00298884707636978,-0.567519892547563,0.0717700216947625));
#4805=CARTESIAN_POINT('',(-0.00341064544075399,-0.567513181681063,0.0717304730560469));
#4806=CARTESIAN_POINT('',(-0.00423977739435143,-0.567500552781183,0.0716089768385945));
#4807=CARTESIAN_POINT('',(-0.00464711417904805,-0.567494658763449,0.071526990108107));
#4808=CARTESIAN_POINT('',(-0.00523950500033511,-0.567486615974837,0.0713644691042336));
#4809=CARTESIAN_POINT('',(-0.00543381763043173,-0.56748407556117,0.0713036436299988));
#4810=CARTESIAN_POINT('',(-0.00571964649552507,-0.567480292936205,0.0712017063045486));
#4811=CARTESIAN_POINT('',(-0.00581398335806069,-0.567479033330787,0.0711659500140963));
#4812=CARTESIAN_POINT('',(-0.00600073249267006,-0.567476413444205,0.0710909966962012));
#4813=CARTESIAN_POINT('',(-0.00609315299036142,-0.56747504303919,0.0710518148865337));
#4814=CARTESIAN_POINT('',(-0.00618464398748241,-0.567473563757453,0.0710110923778282));
#4815=CARTESIAN_POINT('',(0.002709238701276,-0.568121352457337,0.0688482630227692));
#4816=CARTESIAN_POINT('',(0.0026361040146889,-0.568120776655236,0.0688842833867825));
#4817=CARTESIAN_POINT('',(0.00256205217315912,-0.568120168400271,0.0689186683492578));
#4818=CARTESIAN_POINT('',(0.00241233254084953,-0.568118897692592,0.0689845018102841));
#4819=CARTESIAN_POINT('',(0.00233666215095765,-0.568118235506785,0.0690159438991816));
#4820=CARTESIAN_POINT('',(0.00210748253193701,-0.568116158004875,0.0691061967501434));
#4821=CARTESIAN_POINT('',(0.00195181668118452,-0.56811464582794,0.0691609494550169));
#4822=CARTESIAN_POINT('',(0.00147784845186816,-0.568109718353091,0.0693109454050617));
#4823=CARTESIAN_POINT('',(0.0011526298114096,-0.568105922757316,0.0693919698247266));
#4824=CARTESIAN_POINT('',(0.000490601784895846,-0.56809780896209,0.0695231921299926));
#4825=CARTESIAN_POINT('',(0.000153780834739683,-0.568093496437731,0.0695733985574409));
#4826=CARTESIAN_POINT('',(-0.000525741624105493,-0.56808469609693,0.069647178856281));
#4827=CARTESIAN_POINT('',(-0.000868459833042438,-0.568080205251664,0.0696707579773101));
#4828=CARTESIAN_POINT('',(-0.00155460507569867,-0.568071280114684,0.069692332058816));
#4829=CARTESIAN_POINT('',(-0.00189805480976193,-0.568066845666528,0.0696903323101261));
#4830=CARTESIAN_POINT('',(-0.00258028388880431,-0.568058220750296,0.0696586400491283));
#4831=CARTESIAN_POINT('',(-0.00291908275868614,-0.568054035008398,0.069628948409508));
#4832=CARTESIAN_POINT('',(-0.00358568792601379,-0.568046001771017,0.0695365498245037));
#4833=CARTESIAN_POINT('',(-0.00391349877967429,-0.56804216636492,0.0694737995745118));
#4834=CARTESIAN_POINT('',(-0.00439123310287253,-0.568036482145156,0.0693488700316208));
#4835=CARTESIAN_POINT('',(-0.00454815840642206,-0.568034588689681,0.0693020944059839));
#4836=CARTESIAN_POINT('',(-0.00477918733596259,-0.568031738292001,0.0692232515428176));
#4837=CARTESIAN_POINT('',(-0.00485547015481584,-0.568030787194149,0.0691955218019288));
#4838=CARTESIAN_POINT('',(-0.0050063668646544,-0.568028911565667,0.0691368744927105));
#4839=CARTESIAN_POINT('',(-0.00508097900729606,-0.568027990731146,0.0691059540944595));
#4840=CARTESIAN_POINT('',(-0.00515460100551549,-0.568027107010408,0.0690731999755664));
#4841=CARTESIAN_POINT('',(0.00135731189801321,-0.568622485337562,0.0659822821362148));
#4842=CARTESIAN_POINT('',(0.00131135820319951,-0.568622219892673,0.0660049398492084));
#4843=CARTESIAN_POINT('',(0.00126482512305262,-0.568621953954263,0.0660264494762333));
#4844=CARTESIAN_POINT('',(0.00117071082708878,-0.568621410011681,0.0660673460053918));
#4845=CARTESIAN_POINT('',(0.00112313071869964,-0.568621131958279,0.0660867360194148));
#4846=CARTESIAN_POINT('',(0.000978990417985466,-0.56862027626126,0.0661420214988397));
#4847=CARTESIAN_POINT('',(0.000881034208717562,-0.568619678067171,0.0661750438392326));
#4848=CARTESIAN_POINT('',(0.000582795175856113,-0.568617790125934,0.0662646576045792));
#4849=CARTESIAN_POINT('',(0.000378202588955364,-0.568616399407886,0.0663119548632283));
#4850=CARTESIAN_POINT('',(-3.77088031644154E-5,-0.56861336468066,0.06638854735807));
#4851=CARTESIAN_POINT('',(-0.000249065386531468,-0.56861172578653,0.0664177746665109));
#4852=CARTESIAN_POINT('',(-0.00067518563894813,-0.568608316382615,0.0664611507525792));
#4853=CARTESIAN_POINT('',(-0.000889973942852974,-0.568606547746194,0.0664752696687383));
#4854=CARTESIAN_POINT('',(-0.00132013493571489,-0.568602980659592,0.066489038112146));
#4855=CARTESIAN_POINT('',(-0.0015355279331206,-0.568601182506992,0.0664886884246242));
#4856=CARTESIAN_POINT('',(-0.00196394547261129,-0.568597614379801,0.0664722106102932));
#4857=CARTESIAN_POINT('',(-0.00217699458430832,-0.568595842889791,0.0664561133999674));
#4858=CARTESIAN_POINT('',(-0.00259700855401878,-0.56859235232612,0.0664044347626266));
#4859=CARTESIAN_POINT('',(-0.00280401478070471,-0.568590622771502,0.0663689324945599));
#4860=CARTESIAN_POINT('',(-0.00310590631188171,-0.568588160652898,0.0662953529073125));
#4861=CARTESIAN_POINT('',(-0.00320507918812551,-0.568587365504928,0.066267393865928));
#4862=CARTESIAN_POINT('',(-0.00335093932721883,-0.568586247277416,0.066219154393355));
#4863=CARTESIAN_POINT('',(-0.00339907412087821,-0.568585887066278,0.0662020207027157));
#4864=CARTESIAN_POINT('',(-0.00349424963785822,-0.568585193295973,0.0661654471505021));
#4865=CARTESIAN_POINT('',(-0.00354129056728841,-0.568584858498737,0.0661460070948857));
#4866=CARTESIAN_POINT('',(-0.00358773165811703,-0.568584536952687,0.0661253383262765));
#4867=CARTESIAN_POINT('',(0.000903691921858951,-0.568748625076524,0.0650206426611487));
#4868=CARTESIAN_POINT('',(0.000866819166622566,-0.568748447049481,0.065038828028194));
#4869=CARTESIAN_POINT('',(0.00082945586325923,-0.568748268131342,0.0650559575799191));
#4870=CARTESIAN_POINT('',(0.000753886177224443,-0.568747908002283,0.0650884263396397));
#4871=CARTESIAN_POINT('',(0.000715678427142305,-0.568747726812511,0.0651037612375779));
#4872=CARTESIAN_POINT('',(0.000599942453868405,-0.568747175191479,0.0651473875734658));
#4873=CARTESIAN_POINT('',(0.000521306544559213,-0.568746795726203,0.0651733096668449));
#4874=CARTESIAN_POINT('',(0.000281966670221807,-0.56874560219672,0.0652434698242096));
#4875=CARTESIAN_POINT('',(0.00011789457894757,-0.568744732885284,0.0652802322811752));
#4876=CARTESIAN_POINT('',(-0.000215413528779514,-0.568742854135596,0.0653398096598942));
#4877=CARTESIAN_POINT('',(-0.000384673253787032,-0.568741845860569,0.0653625588767367));
#4878=CARTESIAN_POINT('',(-0.000725804818240406,-0.568739737711929,0.0653964661712108));
#4879=CARTESIAN_POINT('',(-0.000897695806400572,-0.568738638854204,0.0654075892828985));
#4880=CARTESIAN_POINT('',(-0.0012419963108544,-0.568736403388271,0.0654186815610612));
#4881=CARTESIAN_POINT('',(-0.00141442193850889,-0.568735266833268,0.0654186530424343));
#4882=CARTESIAN_POINT('',(-0.00175759421369904,-0.568732998265371,0.0654064418049727));
#4883=CARTESIAN_POINT('',(-0.00192836468839362,-0.56873186500672,0.0653942993257532));
#4884=CARTESIAN_POINT('',(-0.0022653506758454,-0.568729650172058,0.0653548469141537));
#4885=CARTESIAN_POINT('',(-0.00243159998571044,-0.568728568061487,0.0653276018208256));
#4886=CARTESIAN_POINT('',(-0.00267423038816759,-0.568727059217751,0.0652703050899737));
#4887=CARTESIAN_POINT('',(-0.00275397448980536,-0.56872657538802,0.0652484338093336));
#4888=CARTESIAN_POINT('',(-0.00287131086493412,-0.568725891117442,0.0652104647161459));
#4889=CARTESIAN_POINT('',(-0.00291004278073491,-0.568725669953274,0.0651969461111363));
#4890=CARTESIAN_POINT('',(-0.00298662351649435,-0.56872524637389,0.0651679538583322));
#4891=CARTESIAN_POINT('',(-0.00302447324798662,-0.568725044586959,0.0651524831337574));
#4892=CARTESIAN_POINT('',(-0.00306179754579726,-0.568724855209705,0.0651358614421094));
#4893=CARTESIAN_POINT('',(0.000218717312664486,-0.568875193074938,0.0635685491506209));
#4894=CARTESIAN_POINT('',(0.000195567985721856,-0.568875113415937,0.063579969019742));
#4895=CARTESIAN_POINT('',(0.00017210936275064,-0.568875034570292,0.0635906988350617));
#4896=CARTESIAN_POINT('',(0.000124643472705843,-0.568874876881122,0.063610928995581));
#4897=CARTESIAN_POINT('',(0.00010063721838356,-0.568874798026955,0.063620432498631));
#4898=CARTESIAN_POINT('',(2.79135700961298E-5,-0.568874560455869,0.0636473701876473));
#4899=CARTESIAN_POINT('',(-2.15027413263668E-5,-0.568874400844495,0.0636632505827794));
#4900=CARTESIAN_POINT('',(-0.000171800777534094,-0.568873910676911,0.0637062551048644));
#4901=CARTESIAN_POINT('',(-0.000274690706959102,-0.56887356699921,0.0637288588605737));
#4902=CARTESIAN_POINT('',(-0.000483459657541993,-0.568872827982199,0.0637657805711931));
#4903=CARTESIAN_POINT('',(-0.000589373521289189,-0.56887243359957,0.0637800058010334));
#4904=CARTESIAN_POINT('',(-0.000802757351202832,-0.568871603649937,0.0638012607759774));
#4905=CARTESIAN_POINT('',(-0.00091024011423957,-0.568871168413597,0.0638082669295572));
#4906=CARTESIAN_POINT('',(-0.00112554990089183,-0.568870274173581,0.0638152560306731));
#4907=CARTESIAN_POINT('',(-0.00123338629792792,-0.568869815150421,0.0638152402562936));
#4908=CARTESIAN_POINT('',(-0.00144813466089577,-0.568868893320381,0.0638076709540232));
#4909=CARTESIAN_POINT('',(-0.00155506084566654,-0.5688684301856,0.0638001438104252));
#4910=CARTESIAN_POINT('',(-0.00176634213922985,-0.568867528298822,0.0637759574912802));
#4911=CARTESIAN_POINT('',(-0.00187073383486221,-0.56886708845026,0.0637593968814502));
#4912=CARTESIAN_POINT('',(-0.00202337803104956,-0.568866485904081,0.0637245512528556));
#4913=CARTESIAN_POINT('',(-0.00207358958361599,-0.568866294990632,0.0637112367117595));
#4914=CARTESIAN_POINT('',(-0.00214746598953057,-0.568866033543145,0.0636878378217065));
#4915=CARTESIAN_POINT('',(-0.00217184920995259,-0.568865950603216,0.0636794619578302));
#4916=CARTESIAN_POINT('',(-0.00222004290368762,-0.568865794635303,0.0636613710717419));
#4917=CARTESIAN_POINT('',(-0.00224385240239543,-0.568865721426198,0.0636516532892648));
#4918=CARTESIAN_POINT('',(-0.00226733568127811,-0.568865653852447,0.0636411843867903));
#4919=CARTESIAN_POINT('',(-1.03649978941819E-5,-0.568906942139405,0.0630829122641236));
#4920=CARTESIAN_POINT('',(-2.89135215796291E-5,-0.56890688979588,0.063092063080149));
#4921=CARTESIAN_POINT('',(-4.77458691993927E-5,-0.568906838214979,0.0631005553807922));
#4922=CARTESIAN_POINT('',(-8.58444442685248E-5,-0.568906735733553,0.063116581998884));
#4923=CARTESIAN_POINT('',(-0.000105112324331854,-0.568906684842107,0.0631241110795852));
#4924=CARTESIAN_POINT('',(-0.000163455987789428,-0.568906532096981,0.0631455229919708));
#4925=CARTESIAN_POINT('',(-0.000203066761657602,-0.568906430084765,0.0631582404546479));
#4926=CARTESIAN_POINT('',(-0.000323490154286442,-0.568906117944518,0.0631928445478478));
#4927=CARTESIAN_POINT('',(-0.00040585849396421,-0.568905901406192,0.0632112175084453));
#4928=CARTESIAN_POINT('',(-0.000572990538063184,-0.568905439376477,0.0632412412044508));
#4929=CARTESIAN_POINT('',(-0.000657765283614075,-0.568905194111524,0.0632528464789143));
#4930=CARTESIAN_POINT('',(-0.000828557843062787,-0.568904677409473,0.0632701680829958));
#4931=CARTESIAN_POINT('',(-0.000914581231963803,-0.568904406202069,0.0632758662855001));
#4932=CARTESIAN_POINT('',(-0.00108690466131755,-0.568903847434223,0.06328147478625));
#4933=CARTESIAN_POINT('',(-0.00117320972613476,-0.568903559890925,0.0632813878516392));
#4934=CARTESIAN_POINT('',(-0.00134508927719382,-0.568902981885784,0.0632750478541089));
#4935=CARTESIAN_POINT('',(-0.00143067425687472,-0.568902691239149,0.0632688185210052));
#4936=CARTESIAN_POINT('',(-0.0015998213937873,-0.568902127142696,0.0632490097495683));
#4937=CARTESIAN_POINT('',(-0.00168340889135804,-0.568901853395833,0.0632354817365268));
#4938=CARTESIAN_POINT('',(-0.00180573550673385,-0.568901482006795,0.0632074295527992));
#4939=CARTESIAN_POINT('',(-0.00184600490192706,-0.568901364803645,0.0631967746199113));
#4940=CARTESIAN_POINT('',(-0.00190531688342848,-0.568901204129304,0.063178214720499));
#4941=CARTESIAN_POINT('',(-0.00192490508729214,-0.568901153101619,0.0631715955965533));
#4942=CARTESIAN_POINT('',(-0.00196362531743458,-0.568901057688029,0.0631572919208477));
#4943=CARTESIAN_POINT('',(-0.00198275920508868,-0.568901013320452,0.0631496125108402));
#4944=CARTESIAN_POINT('',(-0.00200158827709848,-0.568900973609564,0.0631412150801725));
#4945=CARTESIAN_POINT('',(-0.000470057514393055,-0.568949345601936,0.0621083994703849));
#4946=CARTESIAN_POINT('',(-0.000479344462962861,-0.568949332940444,0.0621129819250004));
#4947=CARTESIAN_POINT('',(-0.000488749276219457,-0.568949320658889,0.0621173574651336));
#4948=CARTESIAN_POINT('',(-0.000507779699239038,-0.568949296690498,0.0621256775634836));
#4949=CARTESIAN_POINT('',(-0.00051740467567308,-0.568949284999789,0.0621296242775837));
#4950=CARTESIAN_POINT('',(-0.000546568734093586,-0.568949250583795,0.0621408745251365));
#4951=CARTESIAN_POINT('',(-0.000566394868075638,-0.568949228515361,0.0621475928695814));
#4952=CARTESIAN_POINT('',(-0.000626717201504281,-0.568949162984171,0.0621659021125543));
#4953=CARTESIAN_POINT('',(-0.000668038588581114,-0.568949119916895,0.0621757083810533));
#4954=CARTESIAN_POINT('',(-0.000751898501497804,-0.568949028893309,0.06219186391304));
#4955=CARTESIAN_POINT('',(-0.000794454855495773,-0.568948981031328,0.0621981752273648));
#4956=CARTESIAN_POINT('',(-0.000880208029754321,-0.568948879029697,0.0622075599024164));
#4957=CARTESIAN_POINT('',(-0.000923410299000879,-0.56894882491273,0.0622106193733053));
#4958=CARTESIAN_POINT('',(-0.00100993914022052,-0.568948711605262,0.0622134661953874));
#4959=CARTESIAN_POINT('',(-0.00105326823707792,-0.56894865239451,0.0622132542389246));
#4960=CARTESIAN_POINT('',(-0.00113951859514755,-0.56894853235368,0.0622094406337978));
#4961=CARTESIAN_POINT('',(-0.00118244602895949,-0.568948471453521,0.0622058544450187));
#4962=CARTESIAN_POINT('',(-0.00126724619014651,-0.568948354928549,0.0621948668081792));
#4963=CARTESIAN_POINT('',(-0.00130913582806489,-0.568948299237871,0.0621875046631624));
#4964=CARTESIAN_POINT('',(-0.00137036857823198,-0.568948229079142,0.0621724646522802));
#4965=CARTESIAN_POINT('',(-0.00139050506546325,-0.568948208020995,0.0621667686446412));
#4966=CARTESIAN_POINT('',(-0.00142012951060889,-0.568948181368157,0.0621569214958563));
#4967=CARTESIAN_POINT('',(-0.00142990682853483,-0.568948173309802,0.0621534207543565));
#4968=CARTESIAN_POINT('',(-0.00144923779029235,-0.568948158858903,0.062145945226106));
#4969=CARTESIAN_POINT('',(-0.00145879070956788,-0.568948152462192,0.0621419683230145));
#4970=CARTESIAN_POINT('',(-0.00146822420318287,-0.56894814668334,0.0621377596860036));
#4971=CARTESIAN_POINT('',(-0.00070066772033326,-0.56896,0.0616195235631435));
#4972=CARTESIAN_POINT('',(-0.000705302456399717,-0.56896,0.061621810708518));
#4973=CARTESIAN_POINT('',(-0.000709988739527086,-0.56896,0.0616240348635467));
#4974=CARTESIAN_POINT('',(-0.0007194580920777,-0.56896,0.0616283565026305));
#4975=CARTESIAN_POINT('',(-0.000724241161500943,-0.56896,0.0616304539866857));
#4976=CARTESIAN_POINT('',(-0.000738726087475559,-0.56896,0.0616365553969681));
#4977=CARTESIAN_POINT('',(-0.000748563661731815,-0.56896,0.0616403682813122));
#4978=CARTESIAN_POINT('',(-0.0007785435614087,-0.56896,0.0616510344834296));
#4979=CARTESIAN_POINT('',(-0.000799153063737447,-0.56896,0.0616571153502879));
#4980=CARTESIAN_POINT('',(-0.000841214172622353,-0.56896,0.0616671730368579));
#4981=CARTESIAN_POINT('',(-0.000862665779178512,-0.56896,0.0616711498565696));
#4982=CARTESIAN_POINT('',(-0.000906007395657339,-0.56896,0.0616769552708062));
#4983=CARTESIAN_POINT('',(-0.000927897405580008,-0.56896,0.0616787838653312));
#4984=CARTESIAN_POINT('',(-0.000971712127930954,-0.56896,0.0616802486511542));
#4985=CARTESIAN_POINT('',(-0.000993636840359231,-0.56896,0.0616798848424523));
#4986=CARTESIAN_POINT('',(-0.00103711726686049,-0.56896,0.0616769206437815));
#4987=CARTESIAN_POINT('',(-0.00105867298093347,-0.56896,0.0616743202538126));
#4988=CARTESIAN_POINT('',(-0.00110101170986325,-0.56896,0.0616668387145677));
#4989=CARTESIAN_POINT('',(-0.00112179472472003,-0.56896,0.0616619575652917));
#4990=CARTESIAN_POINT('',(-0.00115208694694739,-0.56896,0.0616528921383673));
#4991=CARTESIAN_POINT('',(-0.00116203730434687,-0.56896,0.0616495797122241));
#4992=CARTESIAN_POINT('',(-0.00117670441847593,-0.56896,0.0616441710055655));
#4993=CARTESIAN_POINT('',(-0.00118155038619059,-0.56896,0.061642294758772));
#4994=CARTESIAN_POINT('',(-0.00119114987313724,-0.56896,0.0616383948857551));
#4995=CARTESIAN_POINT('',(-0.00119590339236922,-0.56896,0.0616363712595317));
#4996=CARTESIAN_POINT('',(-0.00120060753344689,-0.56896,0.0616342735984525));
#4997=CARTESIAN_POINT('',(-0.000932048380827825,-0.56896,0.0611290143514796));
#4998=CARTESIAN_POINT('',(-0.000932048380827825,-0.56896,0.0611290143514796));
#4999=CARTESIAN_POINT('',(-0.000932048380827825,-0.56896,0.0611290143514795));
#5000=CARTESIAN_POINT('',(-0.000932048380827825,-0.56896,0.0611290143514795));
#5001=CARTESIAN_POINT('',(-0.000932048380827825,-0.56896,0.0611290143514796));
#5002=CARTESIAN_POINT('',(-0.000932048380827825,-0.56896,0.0611290143514796));
#5003=CARTESIAN_POINT('',(-0.000932048380827825,-0.56896,0.0611290143514796));
#5004=CARTESIAN_POINT('',(-0.000932048380827825,-0.56896,0.0611290143514796));
#5005=CARTESIAN_POINT('',(-0.000932048380827825,-0.56896,0.0611290143514796));
#5006=CARTESIAN_POINT('',(-0.000932048380827825,-0.56896,0.0611290143514796));
#5007=CARTESIAN_POINT('',(-0.000932048380827825,-0.56896,0.0611290143514796));
#5008=CARTESIAN_POINT('',(-0.000932048380827825,-0.56896,0.0611290143514796));
#5009=CARTESIAN_POINT('',(-0.000932048380827825,-0.56896,0.0611290143514796));
#5010=CARTESIAN_POINT('',(-0.000932048380827825,-0.56896,0.0611290143514796));
#5011=CARTESIAN_POINT('',(-0.000932048380827825,-0.56896,0.0611290143514796));
#5012=CARTESIAN_POINT('',(-0.000932048380827825,-0.56896,0.0611290143514796));
#5013=CARTESIAN_POINT('',(-0.000932048380827825,-0.56896,0.0611290143514796));
#5014=CARTESIAN_POINT('',(-0.000932048380827825,-0.56896,0.0611290143514796));
#5015=CARTESIAN_POINT('',(-0.000932048380827825,-0.56896,0.0611290143514796));
#5016=CARTESIAN_POINT('',(-0.000932048380827825,-0.56896,0.0611290143514796));
#5017=CARTESIAN_POINT('',(-0.000932048380827825,-0.56896,0.0611290143514796));
#5018=CARTESIAN_POINT('',(-0.000932048380827825,-0.56896,0.0611290143514796));
#5019=CARTESIAN_POINT('',(-0.000932048380827825,-0.56896,0.0611290143514796));
#5020=CARTESIAN_POINT('',(-0.000932048380827825,-0.56896,0.0611290143514796));
#5021=CARTESIAN_POINT('',(-0.000932048380827825,-0.56896,0.0611290143514796));
#5022=CARTESIAN_POINT('',(-0.000932048380827825,-0.56896,0.0611290143514796));
#5023=CARTESIAN_POINT('',(0.,0.,0.));
#5024=CARTESIAN_POINT('',(-0.0196369028521933,0.00956600032543316,0.0963197743489466));
#5025=CARTESIAN_POINT('',(-0.0217356724537338,0.00936574012386903,0.095275733201939));
#5026=CARTESIAN_POINT('',(-0.0237264005765686,0.00918608617317838,0.0940803905527543));
#5027=CARTESIAN_POINT('',(-0.027527024081836,0.00887091260742863,0.0914360394240369));
#5028=CARTESIAN_POINT('',(-0.0293367575199653,0.00873522792836521,0.0899867073443501));
#5029=CARTESIAN_POINT('',(-0.0314997094296444,0.00859148381865703,0.0880355553436713));
#5030=CARTESIAN_POINT('',(-0.0319273159117913,0.00856402038257572,0.0876383195571747));
#5031=CARTESIAN_POINT('',(-0.0327728218662372,0.00851160086101488,0.086830203355597));
#5032=CARTESIAN_POINT('',(-0.033191118299838,0.0084866247292617,0.0864188917009194));
#5033=CARTESIAN_POINT('',(-0.0344248105687174,0.00841574525164102,0.0851722211488036));
#5034=CARTESIAN_POINT('',(-0.0352212247055977,0.00837374325672406,0.0843221572646433));
#5035=CARTESIAN_POINT('',(-0.0375392904131027,0.00826184138097117,0.0817201877620843));
#5036=CARTESIAN_POINT('',(-0.0389901036595858,0.00820599326813502,0.0799167501388338));
#5037=CARTESIAN_POINT('',(-0.041729461352714,0.00812431193220806,0.0761918767678901));
#5038=CARTESIAN_POINT('',(-0.0430178719021072,0.00809848112076034,0.0742703441247102));
#5039=CARTESIAN_POINT('',(-0.0448419986890776,0.00807783804218394,0.0713091958625194));
#5040=CARTESIAN_POINT('',(-0.0454319002843981,0.00807398306526606,0.0703089619157826));
#5041=CARTESIAN_POINT('',(-0.0465770936188203,0.00807171391130694,0.0682833468025535));
#5042=CARTESIAN_POINT('',(-0.0471328505481568,0.00807330904663234,0.067257047069744));
#5043=CARTESIAN_POINT('',(-0.0487471866746064,0.00808540515031986,0.0641478366845014));
#5044=CARTESIAN_POINT('',(-0.0497453341596865,0.00810311745700949,0.0620499025954907));
#5045=CARTESIAN_POINT('',(-0.0516038540407122,0.00815328644433972,0.0578096493824611));
#5046=CARTESIAN_POINT('',(-0.0524641568700324,0.0081857540655601,0.0556673079165432));
#5047=CARTESIAN_POINT('',(-0.0548574592725812,0.00830034356280081,0.0491797877668206));
#5048=CARTESIAN_POINT('',(-0.0562040748052589,0.00839941064548213,0.0447745048235295));
#5049=CARTESIAN_POINT('',(-0.0578963727799923,0.00856884852037937,0.0380607516832386));
#5050=CARTESIAN_POINT('',(-0.0584055059815239,0.0086288913705302,0.0358050802911458));
#5051=CARTESIAN_POINT('',(-0.0590898402176693,0.00872317331093731,0.0323959202571618));
#5052=CARTESIAN_POINT('',(-0.0593047123304574,0.00875529576556697,0.0312552541376413));
#5053=CARTESIAN_POINT('',(-0.059708307645487,0.00882082489700964,0.0289654678215183));
#5054=CARTESIAN_POINT('',(-0.0598970054167076,0.00885422197536175,0.0278162363345872));
#5055=CARTESIAN_POINT('',(-0.0607718390771965,0.00902313757445481,0.0220775310649105));
#5056=CARTESIAN_POINT('',(-0.0612573201175879,0.00916506587919244,0.0174875650543112));
#5057=CARTESIAN_POINT('',(-0.0618342581764755,0.00945514507055468,0.00830926792698457));
#5058=CARTESIAN_POINT('',(-0.0619254826921515,0.00960344163726998,0.00372094230028216));
#5059=CARTESIAN_POINT('',(-0.0617232853369909,0.00990202328180609,-0.00545424317520259));
#5060=CARTESIAN_POINT('',(-0.0614298924584191,0.0100523353208419,-0.0100411022705284));
#5061=CARTESIAN_POINT('',(-0.0606921861634425,0.0102773710253394,-0.0169203195872773));
#5062=CARTESIAN_POINT('',(-0.0603965226783449,0.0103522821245895,-0.0192132138096732));
#5063=CARTESIAN_POINT('',(-0.0598755105246963,0.0104643308935323,-0.0226522826482831));
#5064=CARTESIAN_POINT('',(-0.0596888443692093,0.0105016544892656,-0.0237989373569788));
#5065=CARTESIAN_POINT('',(-0.0592892457188925,0.0105761100105221,-0.0260907267239455));
#5066=CARTESIAN_POINT('',(-0.0590769105866478,0.0106131241431731,-0.0272325100031206));
#5067=CARTESIAN_POINT('',(-0.0579520305039945,0.0107972522213679,-0.0329206928469696));
#5068=CARTESIAN_POINT('',(-0.0568510799179623,0.0109411384488226,-0.0374053010130919));
#5069=CARTESIAN_POINT('',(-0.0542181498238283,0.0112208294434709,-0.0462331746480798));
#5070=CARTESIAN_POINT('',(-0.0526867324137162,0.0113565956181731,-0.050576625980467));
#5071=CARTESIAN_POINT('',(-0.0500183274725047,0.01155262112976,-0.0569700742684196));
#5072=CARTESIAN_POINT('',(-0.0490666587596491,0.0116166691896766,-0.0590808309876348));
#5073=CARTESIAN_POINT('',(-0.0475357118254752,0.0117103549816306,-0.0622130588396335));
#5074=CARTESIAN_POINT('',(-0.0470075662361986,0.0117412452278976,-0.0632524964097795));
#5075=CARTESIAN_POINT('',(-0.0459169804894506,0.0118019607693142,-0.0653147214825641));
#5076=CARTESIAN_POINT('',(-0.0453559590378605,0.0118317303831561,-0.0663348998012584));
#5077=CARTESIAN_POINT('',(-0.0436237876973763,0.0119191246439536,-0.0693612985520144));
#5078=CARTESIAN_POINT('',(-0.0424037196079459,0.0119747798559703,-0.0713335156531358));
#5079=CARTESIAN_POINT('',(-0.0398195666820624,0.0120795223996091,-0.0751778632828766));
#5080=CARTESIAN_POINT('',(-0.0384555605406648,0.0121286182235662,-0.0770500483723486));
#5081=CARTESIAN_POINT('',(-0.0362870937293526,0.0121952394652411,-0.0797732602391551));
#5082=CARTESIAN_POINT('',(-0.0355437961773352,0.0122163052798495,-0.0806667734051367));
#5083=CARTESIAN_POINT('',(-0.0343957249613938,0.0122457002023427,-0.0819840408200379));
#5084=CARTESIAN_POINT('',(-0.03400750758329,0.0122551377806861,-0.0824192917754344));
#5085=CARTESIAN_POINT('',(-0.03321953556585,0.0122732353175885,-0.0832817823337488));
#5086=CARTESIAN_POINT('',(-0.0328193810104134,0.0122818834482122,-0.0837094262352239));
#5087=CARTESIAN_POINT('',(-0.0307986364859166,0.0123226445210956,-0.0858163547173709));
#5088=CARTESIAN_POINT('',(-0.0291122652596399,0.0123477739891407,-0.0874089887109341));
#5089=CARTESIAN_POINT('',(-0.0255847457121135,0.012375898148299,-0.0903881609175169));
#5090=CARTESIAN_POINT('',(-0.0237437060074106,0.0123790510532506,-0.0917748438731037));
#5091=CARTESIAN_POINT('',(-0.0198838341533213,0.0123521022746566,-0.0943114613910065));
#5092=CARTESIAN_POINT('',(-0.0178651623990998,0.0123221410601666,-0.095461765439619));
#5093=CARTESIAN_POINT('',(-0.0157396354403494,0.0122670623004007,-0.0964694654315656));
#5094=CARTESIAN_POINT('',(-0.0190647656933392,0.00925649768105181,0.0952290098534759));
#5095=CARTESIAN_POINT('',(-0.0211073559766566,0.00906242851258005,0.0942126796693082));
#5096=CARTESIAN_POINT('',(-0.0230485502236446,0.00888832667555717,0.0930471140518461));
#5097=CARTESIAN_POINT('',(-0.0267607651074594,0.00858289512498517,0.0904635707815059));
#5098=CARTESIAN_POINT('',(-0.0285315961996221,0.00845140445946374,0.0890453049071263));
#5099=CARTESIAN_POINT('',(-0.0306511096189237,0.00831210348030543,0.0871328587284303));
#5100=CARTESIAN_POINT('',(-0.0310702884842319,0.00828548893905607,0.0867433605497565));
#5101=CARTESIAN_POINT('',(-0.0318994228831479,0.00823468970494999,0.0859507024576086));
#5102=CARTESIAN_POINT('',(-0.0323097704430311,0.00821048558544994,0.0855471168872982));
#5103=CARTESIAN_POINT('',(-0.0335204349551393,0.00814179699254109,0.084323439734462));
#5104=CARTESIAN_POINT('',(-0.0343025338351963,0.00810109327932172,0.0834885068029613));
#5105=CARTESIAN_POINT('',(-0.0365803050866178,0.00799265029064081,0.080931264843372));
#5106=CARTESIAN_POINT('',(-0.0380077518157915,0.00793852844301857,0.0791567699009774));
#5107=CARTESIAN_POINT('',(-0.04070548364346,0.00785937187725265,0.0754880309340286));
#5108=CARTESIAN_POINT('',(-0.041975648443383,0.00783433949620811,0.0735936880044187));
#5109=CARTESIAN_POINT('',(-0.0437752848579405,0.00781433449520755,0.0706721491661087));
#5110=CARTESIAN_POINT('',(-0.0443575082223494,0.00781059867562939,0.0696849207580649));
#5111=CARTESIAN_POINT('',(-0.0454881941467634,0.00780839966122103,0.0676849484806315));
#5112=CARTESIAN_POINT('',(-0.0460371144484129,0.00780994549091219,0.0666713007415685));
#5113=CARTESIAN_POINT('',(-0.0476321050254413,0.00782166770402473,0.0635994550928557));
#5114=CARTESIAN_POINT('',(-0.0486189778759366,0.00783883252329995,0.0615254844348864));
#5115=CARTESIAN_POINT('',(-0.0504574015910494,0.00788745078719035,0.0573316142421728));
#5116=CARTESIAN_POINT('',(-0.0513088874639719,0.00791891483421198,0.0552116900579233));
#5117=CARTESIAN_POINT('',(-0.0536786174580055,0.00802996236999829,0.0487895585738793));
#5118=CARTESIAN_POINT('',(-0.0550133075966205,0.00812596728907207,0.0444254057810761));
#5119=CARTESIAN_POINT('',(-0.0566914995833831,0.00829016783911622,0.0377710369150143));
#5120=CARTESIAN_POINT('',(-0.0571965743555137,0.00834835476471927,0.0355347748723809));
#5121=CARTESIAN_POINT('',(-0.057875647102885,0.00843972245027049,0.0321542881807664));
#5122=CARTESIAN_POINT('',(-0.0580889040124626,0.008470851999801,0.0310231035553709));
#5123=CARTESIAN_POINT('',(-0.0584895263207306,0.00853435562573663,0.0287521618115738));
#5124=CARTESIAN_POINT('',(-0.0586768671774985,0.00856672040036928,0.0276122904904679));
#5125=CARTESIAN_POINT('',(-0.0595455526562606,0.00873041481815478,0.0219198948585314));
#5126=CARTESIAN_POINT('',(-0.0600280889629951,0.0088679561188757,0.017365636921777));
#5127=CARTESIAN_POINT('',(-0.0606022762576815,0.00914906896219323,0.00825742317551098));
#5128=CARTESIAN_POINT('',(-0.0606937007910483,0.0092927816819088,0.00370348316295829));
#5129=CARTESIAN_POINT('',(-0.0604948086539355,0.0095821341675656,-0.00540308581985447));
#5130=CARTESIAN_POINT('',(-0.0602045198532136,0.00972780006135062,-0.00995572051635932));
#5131=CARTESIAN_POINT('',(-0.0594738198579009,0.00994587991203607,-0.016782805997518));
#5132=CARTESIAN_POINT('',(-0.059180886251961,0.0100184755091465,-0.0190581960482595));
#5133=CARTESIAN_POINT('',(-0.0586646206064031,0.0101270608505487,-0.0224706873705738));
#5134=CARTESIAN_POINT('',(-0.0584796465817496,0.010163230773907,-0.0236084241859632));
#5135=CARTESIAN_POINT('',(-0.0580836615073351,0.01023538487494,-0.0258822602770745));
#5136=CARTESIAN_POINT('',(-0.0578732420981524,0.0102712549007202,-0.0270150358443544));
#5137=CARTESIAN_POINT('',(-0.0567585218137718,0.0104496915798658,-0.0326579433300259));
#5138=CARTESIAN_POINT('',(-0.0556675086575318,0.0105891302839109,-0.0371056458969378));
#5139=CARTESIAN_POINT('',(-0.0530593530712105,0.0108601760296836,-0.0458567931042114));
#5140=CARTESIAN_POINT('',(-0.0515427378827596,0.0109917456718135,-0.050160446944302));
#5141=CARTESIAN_POINT('',(-0.0489021270939,0.0111817120346753,-0.0564905337090544));
#5142=CARTESIAN_POINT('',(-0.0479606666814781,0.0112437803690069,-0.0585795562604679));
#5143=CARTESIAN_POINT('',(-0.0464468659493519,0.0113345703330542,-0.061678025400158));
#5144=CARTESIAN_POINT('',(-0.045924751785761,0.0113645057617835,-0.0627060008054723));
#5145=CARTESIAN_POINT('',(-0.0448469066963861,0.0114233445857648,-0.0647449240906054));
#5146=CARTESIAN_POINT('',(-0.0442925791705125,0.0114521940208183,-0.0657532900539818));
#5147=CARTESIAN_POINT('',(-0.0425815966490884,0.0115368869249423,-0.0687437144621831));
#5148=CARTESIAN_POINT('',(-0.0413771118325931,0.0115908218343096,-0.0706912432213324));
#5149=CARTESIAN_POINT('',(-0.038827987172391,0.011692326785838,-0.0744845301766836));
#5150=CARTESIAN_POINT('',(-0.0374834190922116,0.011739905057836,-0.0763303425834836));
#5151=CARTESIAN_POINT('',(-0.035348006797468,0.0118044670368756,-0.0790125888386951));
#5152=CARTESIAN_POINT('',(-0.0346163858306056,0.0118248817071371,-0.0798922073996439));
#5153=CARTESIAN_POINT('',(-0.0334869763787563,0.0118533680325518,-0.0811882769119334));
#5154=CARTESIAN_POINT('',(-0.033105171983128,0.0118625138953407,-0.0816164016347713));
#5155=CARTESIAN_POINT('',(-0.0323304478018004,0.0118800520373625,-0.082464515250963));
#5156=CARTESIAN_POINT('',(-0.0319371328542917,0.0118884328542615,-0.0828849037805764));
#5157=CARTESIAN_POINT('',(-0.0299515397090541,0.0119279340023484,-0.084955442427836));
#5158=CARTESIAN_POINT('',(-0.0282964446321286,0.0119522867185155,-0.0865184456311313));
#5159=CARTESIAN_POINT('',(-0.0248396786714271,0.0119795415598909,-0.0894379940825913));
#5160=CARTESIAN_POINT('',(-0.0230381358784449,0.0119825970085479,-0.0907946542891643));
#5161=CARTESIAN_POINT('',(-0.0192678675162711,0.0119564812167225,-0.0932723051383316));
#5162=CARTESIAN_POINT('',(-0.0172993234425926,0.0119274456886126,-0.0943936347809445));
#5163=CARTESIAN_POINT('',(-0.0152306145492638,0.0118740698281411,-0.0953743149171678));
#5164=CARTESIAN_POINT('',(-0.0190610172455669,0.00925446992515466,0.0952218635360591));
#5165=CARTESIAN_POINT('',(-0.0211032394611282,0.00906044131822281,0.0942057149046804));
#5166=CARTESIAN_POINT('',(-0.0230441091790349,0.00888637585675741,0.093040344376187));
#5167=CARTESIAN_POINT('',(-0.0267557448396774,0.00858100813255034,0.0904571994982213));
#5168=CARTESIAN_POINT('',(-0.028526321056921,0.00844954494477699,0.0890391371590365));
#5169=CARTESIAN_POINT('',(-0.0306455498820304,0.00831027307549653,0.0871269445677014));
#5170=CARTESIAN_POINT('',(-0.0310646735324639,0.00828366409591695,0.0867374970831983));
#5171=CARTESIAN_POINT('',(-0.0318937006705249,0.00823287547738234,0.0859449402673177));
#5172=CARTESIAN_POINT('',(-0.0323039961520952,0.0082086764158436,0.0855414053156803));
#5173=CARTESIAN_POINT('',(-0.0335145097941852,0.00814000217686507,0.0843178788077637));
#5174=CARTESIAN_POINT('',(-0.0342965148855559,0.00809930696954514,0.0834830450091107));
#5175=CARTESIAN_POINT('',(-0.036574022141427,0.00799088664231409,0.0809260960891469));
#5176=CARTESIAN_POINT('',(-0.0380013157811388,0.0079367761045935,0.0791517907693383));
#5177=CARTESIAN_POINT('',(-0.0406987748903163,0.00785763608026163,0.0754834195758829));
#5178=CARTESIAN_POINT('',(-0.041968820150304,0.00783260893026112,0.0735892547840144));
#5179=CARTESIAN_POINT('',(-0.0437682961122838,0.00781260810972748,0.0706679754531571));
#5180=CARTESIAN_POINT('',(-0.0443504691715393,0.00780887307082762,0.0696808322529726));
#5181=CARTESIAN_POINT('',(-0.0454810600483447,0.00780667451594971,0.0676810279786644));
#5182=CARTESIAN_POINT('',(-0.0460299355587384,0.00780822002260715,0.0666674631311546));
#5183=CARTESIAN_POINT('',(-0.0476247993903168,0.00781993978611601,0.0635958622834677));
#5184=CARTESIAN_POINT('',(-0.0486115983732469,0.00783710101844018,0.0615220486257356));
#5185=CARTESIAN_POINT('',(-0.0504498904251263,0.00788570912251884,0.0573284823187713));
#5186=CARTESIAN_POINT('',(-0.0513013185323538,0.00791716659446417,0.0552087050049151));
#5187=CARTESIAN_POINT('',(-0.0536708940879966,0.00802819092452557,0.0487870019251346));
#5188=CARTESIAN_POINT('',(-0.0550055060954919,0.00812417578134649,0.0444231186030669));
#5189=CARTESIAN_POINT('',(-0.0566836056646264,0.00828834201822224,0.0377691388025412));
#5190=CARTESIAN_POINT('',(-0.05718865384731,0.00834651678443985,0.0355330039233539));
#5191=CARTESIAN_POINT('',(-0.0578676921231991,0.00843786537678597,0.0321527050897113));
#5192=CARTESIAN_POINT('',(-0.0580809384505155,0.00846898842114049,0.0310215825838355));
#5193=CARTESIAN_POINT('',(-0.0584815412806559,0.00853247877665401,0.0287507643032572));
#5194=CARTESIAN_POINT('',(-0.0586688732473825,0.00856483678798433,0.0276109543067693));
#5195=CARTESIAN_POINT('',(-0.0595375184453523,0.00872849699836844,0.0219188620798044));
#5196=CARTESIAN_POINT('',(-0.0600200354591949,0.00886600955693344,0.0173648380901862));
#5197=CARTESIAN_POINT('',(-0.0605942047318113,0.00914706365579286,0.0082570835063597));
#5198=CARTESIAN_POINT('',(-0.0606856305756259,0.00929074634370434,0.00370336877663782));
#5199=CARTESIAN_POINT('',(-0.0604867600931758,0.00958003836305598,-0.00540275065428845));
#5200=CARTESIAN_POINT('',(-0.0601964916293146,0.00972567381687997,-0.00995516112419041));
#5201=CARTESIAN_POINT('',(-0.0594658375368907,0.00994370809518069,-0.0167819050553205));
#5202=CARTESIAN_POINT('',(-0.0591729218161892,0.0100162885219098,-0.0190571804246919));
#5203=CARTESIAN_POINT('',(-0.0586566872681354,0.0101248511721146,-0.0224694976201728));
#5204=CARTESIAN_POINT('',(-0.0584717243297467,0.0101610135370045,-0.023607176008563));
#5205=CARTESIAN_POINT('',(-0.0580757629302506,0.0102331525599161,-0.0258808944759265));
#5206=CARTESIAN_POINT('',(-0.0578653560722328,0.0102690150898978,-0.0270136110277464));
#5207=CARTESIAN_POINT('',(-0.0567507023513897,0.0104474144809355,-0.0326562218846938));
#5208=CARTESIAN_POINT('',(-0.0556597543018046,0.0105868240463223,-0.0371036826586911));
#5209=CARTESIAN_POINT('',(-0.0530517610296193,0.0108578131513692,-0.0458543271805464));
#5210=CARTESIAN_POINT('',(-0.0515352428202826,0.0109893552992473,-0.0501577202810241));
#5211=CARTESIAN_POINT('',(-0.0488948141292413,0.0111792819646306,-0.0564873919226599));
#5212=CARTESIAN_POINT('',(-0.0479534205981266,0.0112413373284746,-0.0585762720792095));
#5213=CARTESIAN_POINT('',(-0.0464397322020755,0.0113321083200439,-0.0616745200433161));
#5214=CARTESIAN_POINT('',(-0.0459176575543311,0.0113620374931339,-0.0627024203524309));
#5215=CARTESIAN_POINT('',(-0.0448398959374035,0.0114208640215018,-0.0647411909721888));
#5216=CARTESIAN_POINT('',(-0.0442856122678508,0.0114497074278573,-0.0657494795450369));
#5217=CARTESIAN_POINT('',(-0.0425747685683514,0.0115343826336126,-0.0687396682616001));
#5218=CARTESIAN_POINT('',(-0.0413703858481521,0.011588306272143,-0.0706870352711426));
#5219=CARTESIAN_POINT('',(-0.0388214906812148,0.0116897900120707,-0.0744799876943484));
#5220=CARTESIAN_POINT('',(-0.0374770499525911,0.0117373583415852,-0.0763256273163152));
#5221=CARTESIAN_POINT('',(-0.0353418542197805,0.0118019068290375,-0.079007605178794));
#5222=CARTESIAN_POINT('',(-0.0346103097539264,0.011822317233223,-0.0798871327070237));
#5223=CARTESIAN_POINT('',(-0.0334810225675986,0.0118507976058191,-0.0811830633378761));
#5224=CARTESIAN_POINT('',(-0.0330992601876469,0.0118599415573871,-0.0816111413720658));
#5225=CARTESIAN_POINT('',(-0.0323246228016288,0.0118774760344442,-0.08245916079543));
#5226=CARTESIAN_POINT('',(-0.0319313526649014,0.0118858550999947,-0.0828795017903185));
#5227=CARTESIAN_POINT('',(-0.0299459898195268,0.0119253479934836,-0.0849498020237757));
#5228=CARTESIAN_POINT('',(-0.0282910996532779,0.0119496956206369,-0.0865126110962266));
#5229=CARTESIAN_POINT('',(-0.0248347972459758,0.0119769447665384,-0.0894317689131532));
#5230=CARTESIAN_POINT('',(-0.023033513223305,0.011979999576695,-0.0907882324209016));
#5231=CARTESIAN_POINT('',(-0.0192638319126877,0.011953889242315,-0.0932654969405418));
#5232=CARTESIAN_POINT('',(-0.0172956162584966,0.011924859778987,-0.0943866367527164));
#5233=CARTESIAN_POINT('',(-0.015227279617778,0.0118714950753316,-0.0953671398640491));
#5234=CARTESIAN_POINT('',(-0.0196369028521933,0.00956600032543316,0.0963197743489466));
#5235=CARTESIAN_POINT('',(-0.0217357354465716,0.00936573411322364,0.0952757018659057));
#5236=CARTESIAN_POINT('',(-0.0257167570263206,0.00900657180769697,0.0928852086799463));
#5237=CARTESIAN_POINT('',(-0.0311480212132341,0.00859939384504728,0.0885375067517026));
#5238=CARTESIAN_POINT('',(-0.0360938724069946,0.00831724865570435,0.0835194787760856));
#5239=CARTESIAN_POINT('',(-0.0404399688073826,0.00815026732097534,0.0781135827266973));
#5240=CARTESIAN_POINT('',(-0.0443049474003729,0.00807259766142302,0.0723520710372985));
#5241=CARTESIAN_POINT('',(-0.047743980151649,0.00806765644358757,0.0662556048236095));
#5242=CARTESIAN_POINT('',(-0.0507449075348697,0.00812082305139228,0.0599493713162468));
#5243=CARTESIAN_POINT('',(-0.0541836365684637,0.00825074305605757,0.051384297354938));
#5244=CARTESIAN_POINT('',(-0.0568780059318536,0.00844891317771304,0.0425700476500912));
#5245=CARTESIAN_POINT('',(-0.0589144008423821,0.00868882386122934,0.0335523504636185));
#5246=CARTESIAN_POINT('',(-0.0605294194588166,0.00895211163465753,0.0243743050494682));
#5247=CARTESIAN_POINT('',(-0.0617428028908157,0.00930695240963454,0.0128969314465122));
#5248=CARTESIAN_POINT('',(-0.0620167805465091,0.00975167973104009,-0.000867006612199729));
#5249=CARTESIAN_POINT('',(-0.0612831125998982,0.0101275494746988,-0.0123351741207405));
#5250=CARTESIAN_POINT('',(-0.060101305996187,0.0104271523708555,-0.0215050267052947));
#5251=CARTESIAN_POINT('',(-0.0585025013636197,0.0107253867312443,-0.0306820765974191));
#5252=CARTESIAN_POINT('',(-0.0557499762982626,0.0110850039466975,-0.0418883756750216));
#5253=CARTESIAN_POINT('',(-0.0519206440960787,0.0114245211593954,-0.0527489855304128));
#5254=CARTESIAN_POINT('',(-0.0481162327261404,0.0116806990014405,-0.0611909254275377));
#5255=CARTESIAN_POINT('',(-0.0437501793087062,0.0119242959064604,-0.0694573250160408));
#5256=CARTESIAN_POINT('',(-0.0373457514564933,0.0121907688859757,-0.0790849384904894));
#5257=CARTESIAN_POINT('',(-0.0276454252936526,0.0124041174536349,-0.0893215814181653));
#5258=CARTESIAN_POINT('',(-0.0199908619540191,0.0123772242924152,-0.0944539836208305));
#5259=CARTESIAN_POINT('',(-0.0157396354403494,0.0122670623004007,-0.0964694654315656));
#5260=CARTESIAN_POINT('',(-0.0196369028521933,0.00956600032543316,0.0963197743489466));
#5261=CARTESIAN_POINT('',(-0.0157396354403494,0.0122670623004006,-0.0964694654315656));
#5262=CARTESIAN_POINT('',(-0.0196369028521933,0.00956600032543315,0.0963197743489466));
#5263=CARTESIAN_POINT('',(-0.0194461904659086,0.00946283277730603,0.0959561861837897));
#5264=CARTESIAN_POINT('',(-0.0192554780796239,0.00935966522917891,0.0955925980186328));
#5265=CARTESIAN_POINT('',(-0.0190647656933392,0.00925649768105179,0.0952290098534759));
#5266=CARTESIAN_POINT('',(-0.0190647656933392,0.0092564976810518,0.0952290098534759));
#5267=CARTESIAN_POINT('',(-0.0190647656933392,0.00925649768105181,0.0952290098534759));
#5268=CARTESIAN_POINT('',(-0.0211332387810257,0.00905996935355894,0.094199801180878));
#5269=CARTESIAN_POINT('',(-0.0250914214328883,0.00870526065747371,0.0918190783952897));
#5270=CARTESIAN_POINT('',(-0.030493245884036,0.00830723335231941,0.0874573192505999));
#5271=CARTESIAN_POINT('',(-0.0353122346467394,0.00803928167512849,0.0825257528327646));
#5272=CARTESIAN_POINT('',(-0.0395918003901083,0.00787976154387572,0.0771709327678342));
#5273=CARTESIAN_POINT('',(-0.0434304665459089,0.00780725592399638,0.0714006842830045));
#5274=CARTESIAN_POINT('',(-0.0479088544168864,0.00780560962729661,0.0633860898941485));
#5275=CARTESIAN_POINT('',(-0.0515183611362408,0.00791177003208868,0.0550271712271612));
#5276=CARTESIAN_POINT('',(-0.0544163968589457,0.00808280700759545,0.0463773837443477));
#5277=CARTESIAN_POINT('',(-0.0568691396242263,0.00829093467553846,0.0375159286334024));
#5278=CARTESIAN_POINT('',(-0.0590844353456673,0.00859824533552048,0.0262966329473975));
#5279=CARTESIAN_POINT('',(-0.0605104373232786,0.00900661303785948,0.0127736822671378));
#5280=CARTESIAN_POINT('',(-0.0607395573913032,0.00936479207440809,0.00142246018274663));
#5281=CARTESIAN_POINT('',(-0.0603487279217399,0.0096555082371516,-0.00769864688660498));
#5282=CARTESIAN_POINT('',(-0.059563904466173,0.00994850022150676,-0.0168589616064577));
#5283=CARTESIAN_POINT('',(-0.0578652201911641,0.0103066440580948,-0.0280992939740634));
#5284=CARTESIAN_POINT('',(-0.0546488209130107,0.0107203182694596,-0.0412879800622997));
#5285=CARTESIAN_POINT('',(-0.0501714805625094,0.0111129138344387,-0.0541162256568286));
#5286=CARTESIAN_POINT('',(-0.0441527817631861,0.0114810155494161,-0.0666202259105057));
#5287=CARTESIAN_POINT('',(-0.0378515226417854,0.0117416807637258,-0.0761681883741795));
#5288=CARTESIAN_POINT('',(-0.0318035751322999,0.0118997166890898,-0.0831878770055199));
#5289=CARTESIAN_POINT('',(-0.0268254992848066,0.0119750265338521,-0.0879267820579431));
#5290=CARTESIAN_POINT('',(-0.0213556423330559,0.0119871253542668,-0.0920816715777171));
#5291=CARTESIAN_POINT('',(-0.0173054601007919,0.0119276040238007,-0.0943907256723607));
#5292=CARTESIAN_POINT('',(-0.0152306145492638,0.0118740698281411,-0.0953743149171678));
#5293=CARTESIAN_POINT('',(-0.0152306145492638,0.0118740698281411,-0.0953743149171678));
#5294=CARTESIAN_POINT('',(-0.0157396354403495,0.0122670623004007,-0.0964694654315656));
#5295=CARTESIAN_POINT('',(-0.0155699618099876,0.0121360648096475,-0.0961044152600997));
#5296=CARTESIAN_POINT('',(-0.0154002881796257,0.0120050673188943,-0.0957393650886337));
#5297=CARTESIAN_POINT('',(-0.0152306145492638,0.0118740698281411,-0.0953743149171678));
#5298=CARTESIAN_POINT('',(6.78759836773961,-0.000374917550745314,3.66972321098332));
#5299=CARTESIAN_POINT('',(-0.0196369145539919,0.0095660003425197,0.0963197682061727));
#5300=CARTESIAN_POINT('',(-0.0192322858165305,0.0129968656012726,0.0955585051312315));
#5301=CARTESIAN_POINT('',(-0.0186229509119673,0.0162917232495514,0.0944120586204842));
#5302=CARTESIAN_POINT('',(-0.0178249135098314,0.019378021281878,0.0929107591655289));
#5303=CARTESIAN_POINT('',(-0.0178249297832314,0.0193780213210842,0.0929107505962413));
#5304=CARTESIAN_POINT('',(-0.017824916822992,0.0193780212841012,0.0929107574239162));
#5305=CARTESIAN_POINT('',(-0.0178269672600854,0.0184490334221084,0.0929096175664652));
#5306=CARTESIAN_POINT('',(-0.0178289154427391,0.0175200452659326,0.0929085342278921));
#5307=CARTESIAN_POINT('',(-0.0178307459362592,0.0165910568042427,0.0929075160898271));
#5308=CARTESIAN_POINT('',(-0.0178307459362556,0.0165910568042427,0.09290751608982));
#5309=CARTESIAN_POINT('',(-0.0178307459362555,0.0165910568042427,0.09290751608982));
#5310=CARTESIAN_POINT('',(-0.0183537449916798,0.0142375495364596,0.0938914262732682));
#5311=CARTESIAN_POINT('',(-0.0187670255648588,0.0117813102257571,0.0946687716256042));
#5312=CARTESIAN_POINT('',(-0.0190647656933392,0.00925649768105178,0.0952290098534759));
#5313=CARTESIAN_POINT('',(-0.0157396354403495,0.0122670623004006,-0.0964694654315656));
#5314=CARTESIAN_POINT('',(-0.0154532144675413,0.0143299951921151,-0.0958623134194225));
#5315=CARTESIAN_POINT('',(-0.0151002674499207,0.016320270381398,-0.0951141402328463));
#5316=CARTESIAN_POINT('',(-0.0144731108082487,0.0191987012209869,-0.0937847005162411));
#5317=CARTESIAN_POINT('',(-0.0142476913614568,0.0201402760410063,-0.0933068588646539));
#5318=CARTESIAN_POINT('',(-0.0138845710688075,0.0215253035200342,-0.0925371204821242));
#5319=CARTESIAN_POINT('',(-0.0137595863665219,0.0219814843834957,-0.0922721792917645));
#5320=CARTESIAN_POINT('',(-0.013503159950553,0.0228781029088062,-0.0917286094096583));
#5321=CARTESIAN_POINT('',(-0.0133715271101984,0.0233192778942042,-0.0914495755697065));
#5322=CARTESIAN_POINT('',(-0.0126965004564871,0.0254899731894839,-0.0900186615307216));
#5323=CARTESIAN_POINT('',(-0.0121028268076951,0.0271145961748532,-0.0887601986923118));
#5324=CARTESIAN_POINT('',(-0.0111325655086857,0.0293851488781077,-0.0867034495156638));
#5325=CARTESIAN_POINT('',(-0.0107957931421745,0.0301141440376227,-0.0859895631757192));
#5326=CARTESIAN_POINT('',(-0.0102701370375476,0.0311648733381275,-0.0848752831755839));
#5327=CARTESIAN_POINT('',(-0.0100911469123182,0.0315086205102965,-0.0844958618866287));
#5328=CARTESIAN_POINT('',(-0.00972791415088161,0.0321784367961195,-0.0837258850940068));
#5329=CARTESIAN_POINT('',(-0.00954405488777887,0.0325038591389759,-0.0833361422604095));
#5330=CARTESIAN_POINT('',(-0.00861373074120527,0.0340843309575588,-0.081364051418041));
#5331=CARTESIAN_POINT('',(-0.00783438482339657,0.0352003170033442,-0.079712002556138));
#5332=CARTESIAN_POINT('',(-0.00661378877977168,0.0366561612754183,-0.0771245965549831));
#5333=CARTESIAN_POINT('',(-0.00619828755158992,0.0371049190571608,-0.0762438216443157));
#5334=CARTESIAN_POINT('',(-0.00556185283393716,0.0377223015266674,-0.0748947143648035));
#5335=CARTESIAN_POINT('',(-0.00534750824776407,0.0379187925973057,-0.0744403490803377));
#5336=CARTESIAN_POINT('',(-0.00491434946160804,0.0382928714455615,-0.0735221438734581));
#5337=CARTESIAN_POINT('',(-0.00469535659655332,0.0384705398681246,-0.0730579252187999));
#5338=CARTESIAN_POINT('',(-0.00359887452485167,0.0393036751295965,-0.0707336146434074));
#5339=CARTESIAN_POINT('',(-0.00270942598060868,0.0398013538101913,-0.068848171451032));
#5340=CARTESIAN_POINT('',(-0.00135742962871817,0.0403024859664363,-0.0659822245288772));
#5341=CARTESIAN_POINT('',(-0.000903786318916186,0.0404286254878477,-0.0650205964552029));
#5342=CARTESIAN_POINT('',(-0.000218776481767973,0.040555193250434,-0.0635685201743198));
#5343=CARTESIAN_POINT('',(1.03176093556367E-5,0.0405869422513743,-0.0630828890522969));
#5344=CARTESIAN_POINT('',(0.000470033763032515,0.0406293456261573,-0.0621083878313041));
#5345=CARTESIAN_POINT('',(0.000700656176178193,0.0406399999863623,-0.0616195169891523));
#5346=CARTESIAN_POINT('',(0.000932047936554136,0.04064,-0.0611290152932461));
#5347=CARTESIAN_POINT('',(0.000976475308239689,0.0406400000026184,-0.0610348386418346));
#5348=CARTESIAN_POINT('',(0.00102090267992524,0.0406400000052369,-0.0609406619904231));
#5349=CARTESIAN_POINT('',(0.0010653300516108,0.0406400000078553,-0.0608464853390116));
#5350=CARTESIAN_POINT('',(-0.0152306145492638,0.011874069828141,-0.0953743149171678));
#5351=CARTESIAN_POINT('',(-0.0149529995906671,0.013873411222019,-0.0947858895864069));
#5352=CARTESIAN_POINT('',(-0.014610999228829,0.0158018984773849,-0.0940609409252694));
#5353=CARTESIAN_POINT('',(-0.0140031585467952,0.0185914991672744,-0.0927725464078899));
#5354=CARTESIAN_POINT('',(-0.0137846817006956,0.019503997970382,-0.0923094620670886));
#5355=CARTESIAN_POINT('',(-0.0134327972761094,0.0208461010782624,-0.0915635874788061));
#5356=CARTESIAN_POINT('',(-0.0133116598849195,0.0212882133966969,-0.0913068217005899));
#5357=CARTESIAN_POINT('',(-0.0130631396124039,0.022157128885883,-0.0907800543858556));
#5358=CARTESIAN_POINT('',(-0.0129355956717293,0.0225845794457504,-0.0905097062433251));
#5359=CARTESIAN_POINT('',(-0.0122812525815711,0.0246885884629433,-0.0891227766047932));
#5360=CARTESIAN_POINT('',(-0.011706030148486,0.0262625909216225,-0.0879035129282051));
#5361=CARTESIAN_POINT('',(-0.0107656280040238,0.0284630740839071,-0.085910273809246));
#5362=CARTESIAN_POINT('',(-0.0104392516275063,0.0291694959047267,-0.085218504697121));
#5363=CARTESIAN_POINT('',(-0.00992979134999353,0.030187750669328,-0.0841386866889629));
#5364=CARTESIAN_POINT('',(-0.00975631842728733,0.0305208703259532,-0.0837710034988956));
#5365=CARTESIAN_POINT('',(-0.00940427623444417,0.0311699848462362,-0.0830248405967417));
#5366=CARTESIAN_POINT('',(-0.00922611825749089,0.0314852870564788,-0.0826472293684266));
#5367=CARTESIAN_POINT('',(-0.00832426081971072,0.0330172075060167,-0.080735772119075));
#5368=CARTESIAN_POINT('',(-0.00756909461403584,0.0340984103751881,-0.0791352145550193));
#5369=CARTESIAN_POINT('',(-0.00638596332796204,0.0355093253507259,-0.0766277532165044));
#5370=CARTESIAN_POINT('',(-0.00598325370549055,0.0359441830283196,-0.0757742920445001));
#5371=CARTESIAN_POINT('',(-0.00536634654842605,0.0365424902629385,-0.0744669304164317));
#5372=CARTESIAN_POINT('',(-0.00515856705714661,0.0367329172748958,-0.0740266079467005));
#5373=CARTESIAN_POINT('',(-0.00473872218590151,0.037095409014846,-0.0731368912725211));
#5374=CARTESIAN_POINT('',(-0.00452647211433996,0.0372675657401825,-0.0726871062303793));
#5375=CARTESIAN_POINT('',(-0.00346334978497792,0.0380751095020891,-0.070434337795242));
#5376=CARTESIAN_POINT('',(-0.00260143330595793,0.0385572143407973,-0.0686080224946779));
#5377=CARTESIAN_POINT('',(-0.00129010125572411,0.0390429495373998,-0.065830520495642));
#5378=CARTESIAN_POINT('',(-0.000850171303969801,0.0391651724753963,-0.0648988626904304));
#5379=CARTESIAN_POINT('',(-0.000185594119426412,0.0392878164048238,-0.0634921548645456));
#5380=CARTESIAN_POINT('',(3.67128390205944E-5,0.0393185815668072,-0.0630217152136391));
#5381=CARTESIAN_POINT('',(0.000483030455538019,0.0393596733958177,-0.062077707441329));
#5382=CARTESIAN_POINT('',(0.000707752628312501,0.0393699999867806,-0.0616044740083603));
#5383=CARTESIAN_POINT('',(0.000932047936554199,0.03937,-0.0611290152932461));
#5384=CARTESIAN_POINT('',(0.000975112784716423,0.0393700000025381,-0.0610377269041384));
#5385=CARTESIAN_POINT('',(0.00101817763287865,0.0393700000050763,-0.0609464385150307));
#5386=CARTESIAN_POINT('',(0.00106124248104087,0.0393700000076144,-0.060855150125923));
#5387=CARTESIAN_POINT('',(-0.0152273478601756,0.0118715477622624,-0.0953672866865038));
#5388=CARTESIAN_POINT('',(-0.0149497894149972,0.0138704810517665,-0.0947789815359689));
#5389=CARTESIAN_POINT('',(-0.0146078593043444,0.0157985717772983,-0.0940541819203915));
#5390=CARTESIAN_POINT('',(-0.0140001425842848,0.0185876023914093,-0.0927660508144098));
#5391=CARTESIAN_POINT('',(-0.0137817102929733,0.019499914596464,-0.0923030611800281));
#5392=CARTESIAN_POINT('',(-0.0134298979756194,0.0208417422331852,-0.091557339739873));
#5393=CARTESIAN_POINT('',(-0.0133087852749076,0.0212837642654187,-0.0913006264281274));
#5394=CARTESIAN_POINT('',(-0.0130603157408057,0.0221525019677843,-0.0907739669454378));
#5395=CARTESIAN_POINT('',(-0.0129327980410264,0.0225798644498696,-0.0905036745441814));
#5396=CARTESIAN_POINT('',(-0.0122785876895683,0.0246834455016473,-0.0891170271796456));
#5397=CARTESIAN_POINT('',(-0.0117034836688825,0.0262571230983708,-0.087898015067338));
#5398=CARTESIAN_POINT('',(-0.0107632731483321,0.0284571565828349,-0.0859051835301031));
#5399=CARTESIAN_POINT('',(-0.0104369634890509,0.0291634335371461,-0.0852135563573524));
#5400=CARTESIAN_POINT('',(-0.00992760714977064,0.0301814798933815,-0.0841339595122449));
#5401=CARTESIAN_POINT('',(-0.00975416963422669,0.0305145313469336,-0.0837663516525231));
#5402=CARTESIAN_POINT('',(-0.00940219925790217,0.0311635130117036,-0.0830203415782344));
#5403=CARTESIAN_POINT('',(-0.009224077869485,0.0314787502750504,-0.0826428082056287));
#5404=CARTESIAN_POINT('',(-0.00832240311946603,0.0330103591416449,-0.0807317400780208));
#5405=CARTESIAN_POINT('',(-0.00756739208935106,0.0340913387865333,-0.079131512964176));
#5406=CARTESIAN_POINT('',(-0.00638450123685638,0.0355019654241162,-0.0766245646779968));
#5407=CARTESIAN_POINT('',(-0.0059818737057087,0.0359367338964938,-0.0757712787944603));
#5408=CARTESIAN_POINT('',(-0.00536509186858727,0.0365349187140122,-0.0744641850730072));
#5409=CARTESIAN_POINT('',(-0.00515735450941719,0.0367253068093067,-0.0740239527243505));
#5410=CARTESIAN_POINT('',(-0.00473759508146396,0.0370877241879076,-0.0731344188779893));
#5411=CARTESIAN_POINT('',(-0.00452538828240913,0.0372598455414127,-0.0726847264649033));
#5412=CARTESIAN_POINT('',(-0.00346248004230785,0.0380672250674816,-0.0704324171581298));
#5413=CARTESIAN_POINT('',(-0.00260074025288668,0.0385492299596056,-0.0686064813163314));
#5414=CARTESIAN_POINT('',(-0.00128966916960497,0.0390348663447822,-0.0658295469208464));
#5415=CARTESIAN_POINT('',(-0.000849827224606146,0.0391570641477391,-0.0648980814526305));
#5416=CARTESIAN_POINT('',(-0.000185381168518342,0.0392796828956009,-0.0634916647830411));
#5417=CARTESIAN_POINT('',(3.68822328710993E-5,0.0393104417437061,-0.0630213226248186));
#5418=CARTESIAN_POINT('',(0.000483113863025481,0.0393515251557491,-0.0620775105470621));
#5419=CARTESIAN_POINT('',(0.000707798170456563,0.0393618496432223,-0.0616043774686267));
#5420=CARTESIAN_POINT('',(0.000932047936554199,0.039361849656439,-0.0611290152932461));
#5421=CARTESIAN_POINT('',(0.000975104040594513,0.0393618496589766,-0.0610377454398314));
#5422=CARTESIAN_POINT('',(0.00101816014463483,0.0393618496615142,-0.0609464755864166));
#5423=CARTESIAN_POINT('',(0.00106121624867514,0.0393618496640518,-0.0608552057330019));
#5424=CARTESIAN_POINT('',(0.000932047936554136,0.04064,-0.0611290152932461));
#5425=CARTESIAN_POINT('',(6.4808950503638E-6,0.0406399999454494,-0.0630910220768709));
#5426=CARTESIAN_POINT('',(-0.00181961450949135,0.0402990584793922,-0.0669619589302803));
#5427=CARTESIAN_POINT('',(-0.00404463661445345,0.0390547988216331,-0.071678536193618));
#5428=CARTESIAN_POINT('',(-0.00578391173872449,0.0375530511864389,-0.0753654323765958));
#5429=CARTESIAN_POINT('',(-0.0074438748717709,0.0357589530210551,-0.0788842038772677));
#5430=CARTESIAN_POINT('',(-0.00939537937513909,0.0329673646492132,-0.0830209815521325));
#5431=CARTESIAN_POINT('',(-0.0115128488791313,0.0287329917238788,-0.0875095700007902));
#5432=CARTESIAN_POINT('',(-0.0132891407584689,0.0238704563174088,-0.0912749338919855));
#5433=CARTESIAN_POINT('',(-0.0147497187637302,0.0183056847260464,-0.0943710510027251));
#5434=CARTESIAN_POINT('',(-0.0154532144675413,0.0143299951921151,-0.0958623134194225));
#5435=CARTESIAN_POINT('',(-0.0157396354403495,0.0122670623004006,-0.0964694654315656));
#5436=CARTESIAN_POINT('',(0.000932048380828009,0.04064,-0.0611290143514797));
#5437=CARTESIAN_POINT('',(-0.0152306145492638,0.011874069828141,-0.0953743149171678));
#5438=CARTESIAN_POINT('',(-0.0146755049845645,0.0158718858552423,-0.0941977193516124));
#5439=CARTESIAN_POINT('',(-0.0134427601387017,0.0215156990949323,-0.0915846734612865));
#5440=CARTESIAN_POINT('',(-0.0111154838857805,0.0278732895737568,-0.0866518041429604));
#5441=CARTESIAN_POINT('',(-0.00943343984149716,0.0312347468041215,-0.0830866201458683));
#5442=CARTESIAN_POINT('',(-0.00793793396616913,0.0335710464006296,-0.079916976697605));
#5443=CARTESIAN_POINT('',(-0.00638960853292582,0.0355941139134597,-0.0766353408131843));
#5444=CARTESIAN_POINT('',(-0.00434402851774973,0.0375795563067705,-0.0723011083631328));
#5445=CARTESIAN_POINT('',(-0.00172000367781609,0.0390502643342217,-0.0667376064426276));
#5446=CARTESIAN_POINT('',(4.42587987680378E-5,0.0393700000000004,-0.0630109408941566));
#5447=CARTESIAN_POINT('',(0.000932048380828002,0.0393700000000004,-0.0611290143514794));
#5448=CARTESIAN_POINT('',(0.000932048380828675,0.03937,-0.0611290143514797));
#5449=CARTESIAN_POINT('',(0.000932048380827969,0.03937,-0.0611290143514795));
#5450=CARTESIAN_POINT('',(0.00093204838082797,0.0397933333333334,-0.0611290143514795));
#5451=CARTESIAN_POINT('',(0.000932048380827909,0.0402166666666667,-0.0611290143514795));
#5452=CARTESIAN_POINT('',(0.000932048380827882,0.04064,-0.0611290143514795));
#5453=CARTESIAN_POINT('',(0.000932048380827818,0.03937,-0.0611290143514795));
#5454=CARTESIAN_POINT('',(0.000932048380827825,0.04064,-0.0611290143514795));
#5455=CARTESIAN_POINT('',(0.00175357484677035,0.03937,-0.0607390674965701));
#5456=CARTESIAN_POINT('',(0.00175357484677035,0.04064,-0.0607390674965701));
#5457=CARTESIAN_POINT('',(0.00318364014003865,0.03937,-0.0596667826769544));
#5458=CARTESIAN_POINT('',(0.00318364014003865,0.04064,-0.0596667826769544));
#5459=CARTESIAN_POINT('',(0.00513848438336612,0.03937,-0.0578015351871405));
#5460=CARTESIAN_POINT('',(0.00513848438336613,0.04064,-0.0578015351871405));
#5461=CARTESIAN_POINT('',(0.00687829778131843,0.03937,-0.0557730071413939));
#5462=CARTESIAN_POINT('',(0.00687829778131844,0.04064,-0.0557730071413939));
#5463=CARTESIAN_POINT('',(0.00900774618129456,0.03937,-0.052904600980985));
#5464=CARTESIAN_POINT('',(0.00900774618129457,0.04064,-0.052904600980985));
#5465=CARTESIAN_POINT('',(0.0113483205129489,0.03937,-0.0490828733225311));
#5466=CARTESIAN_POINT('',(0.0113483205129489,0.04064,-0.0490828733225311));
#5467=CARTESIAN_POINT('',(0.0137374353711718,0.03937,-0.0442620781983096));
#5468=CARTESIAN_POINT('',(0.0137374353711718,0.04064,-0.0442620781983095));
#5469=CARTESIAN_POINT('',(0.015744430727278,0.03937,-0.0393283894996224));
#5470=CARTESIAN_POINT('',(0.015744430727278,0.04064,-0.0393283894996224));
#5471=CARTESIAN_POINT('',(0.0179819172125122,0.03937,-0.0326517662672929));
#5472=CARTESIAN_POINT('',(0.0179819172125122,0.04064,-0.0326517662672929));
#5473=CARTESIAN_POINT('',(0.0200633745240042,0.03937,-0.0241314049390442));
#5474=CARTESIAN_POINT('',(0.0200633745240042,0.04064,-0.0241314049390441));
#5475=CARTESIAN_POINT('',(0.0215844272764123,0.03937,-0.0136716950842058));
#5476=CARTESIAN_POINT('',(0.0215844272764123,0.04064,-0.0136716950842058));
#5477=CARTESIAN_POINT('',(0.0221807809641867,0.03937,-0.002992943641131));
#5478=CARTESIAN_POINT('',(0.0221807809641868,0.04064,-0.00299294364113099));
#5479=CARTESIAN_POINT('',(0.0218634376870184,0.03937,0.00765599581575941));
#5480=CARTESIAN_POINT('',(0.0218634376870184,0.04064,0.00765599581575942));
#5481=CARTESIAN_POINT('',(0.0210406627379935,0.03937,0.0147290241138848));
#5482=CARTESIAN_POINT('',(0.0210406627379935,0.04064,0.0147290241138848));
#5483=CARTESIAN_POINT('',(0.0204700662765009,0.03937,0.0182317607924356));
#5484=CARTESIAN_POINT('',(0.0204700662765009,0.04064,0.0182317607924356));
#5485=CARTESIAN_POINT('',(0.0204700662765009,0.04064,0.0182317607924351));
#5486=CARTESIAN_POINT('',(0.0210406627772172,0.04064,0.0147290238731009));
#5487=CARTESIAN_POINT('',(0.0218634376693269,0.0406399999999997,0.00765599592775195));
#5488=CARTESIAN_POINT('',(0.0221807809672718,0.0406399999999995,-0.00299294367192964));
#5489=CARTESIAN_POINT('',(0.0215844272817638,0.0406400000000003,-0.0136716950730074));
#5490=CARTESIAN_POINT('',(0.0200633744995127,0.0406400000000002,-0.0241314049530419));
#5491=CARTESIAN_POINT('',(0.017981917285608,0.0406399999999994,-0.0326517662323031));
#5492=CARTESIAN_POINT('',(0.0157444306006033,0.04064,-0.0393283895598066));
#5493=CARTESIAN_POINT('',(0.0137374358547152,0.04064,-0.0442620779687753));
#5494=CARTESIAN_POINT('',(0.0113483187054484,0.0406399999999999,-0.0490828741804876));
#5495=CARTESIAN_POINT('',(0.00900775150208924,0.0406399999999999,-0.0529045984554088));
#5496=CARTESIAN_POINT('',(0.00687828856538724,0.0406399999999995,-0.0557730115158417));
#5497=CARTESIAN_POINT('',(0.00513851956047073,0.0406400000000001,-0.0578015184899292));
#5498=CARTESIAN_POINT('',(0.0031835086475438,0.0406400000000009,-0.0596668450913595));
#5499=CARTESIAN_POINT('',(0.00175385821118157,0.04064,-0.0607389329944381));
#5500=CARTESIAN_POINT('',(0.000932048380828322,0.04064,-0.0611290143514793));
#5501=CARTESIAN_POINT('',(0.0204700662765008,0.04064,0.0182317607924359));
#5502=CARTESIAN_POINT('',(0.0204700662804582,0.03937,0.0182317607681424));
#5503=CARTESIAN_POINT('',(0.0216156016933272,0.03937,0.0111996300265104));
#5504=CARTESIAN_POINT('',(0.0223758909863822,0.0393700000000001,0.000611207900998239));
#5505=CARTESIAN_POINT('',(0.0215885422343154,0.03937,-0.0136363367445429));
#5506=CARTESIAN_POINT('',(0.0200711548790316,0.03937,-0.0240902588953303));
#5507=CARTESIAN_POINT('',(0.0179907320846795,0.03937,-0.032621564668859));
#5508=CARTESIAN_POINT('',(0.0157518891251344,0.03937,-0.0393091835360702));
#5509=CARTESIAN_POINT('',(0.0137378163972529,0.03937,-0.0442619604792924));
#5510=CARTESIAN_POINT('',(0.0113507266634356,0.03937,-0.0490772730110788));
#5511=CARTESIAN_POINT('',(0.00901748418541544,0.03937,-0.0528904562427007));
#5512=CARTESIAN_POINT('',(0.00688034557738017,0.03937,-0.055770791846513));
#5513=CARTESIAN_POINT('',(0.00513843162836589,0.03937,-0.0578015989241441));
#5514=CARTESIAN_POINT('',(0.00318368270570253,0.03937,-0.0596667551685504));
#5515=CARTESIAN_POINT('',(0.0017534864023361,0.03937,-0.0607391094755907));
#5516=CARTESIAN_POINT('',(0.000932048390712557,0.03937,-0.0611290143467876));
#5517=CARTESIAN_POINT('',(0.0204700662765007,0.03937,0.0182317607924366));
#5518=CARTESIAN_POINT('',(0.0204700662765007,0.04064,0.0182317607924366));
#5519=CARTESIAN_POINT('',(0.0111439724929239,0.0120879493885921,0.0983600996701186));
#5520=CARTESIAN_POINT('',(0.00819553104615276,0.0406399999999997,0.0897015087028252));
#5521=CARTESIAN_POINT('',(-0.00146884309750088,0.0406399999999997,0.0613204591973578));
#5522=CARTESIAN_POINT('',(0.0111851721038532,0.0120927189948453,0.0983444561599906));
#5523=CARTESIAN_POINT('',(0.00823585596640965,0.0406400000000408,0.0896837233720291));
#5524=CARTESIAN_POINT('',(-0.00142770022685854,0.0406399999999997,0.0613064491412637));
#5525=CARTESIAN_POINT('',(0.0112469861653846,0.0120998733333117,0.0983209828486526));
#5526=CARTESIAN_POINT('',(0.00829635610330217,0.0406399999999907,0.0896570398594255));
#5527=CARTESIAN_POINT('',(-0.00136598654774318,0.0406400000000004,0.0612854327383848));
#5528=CARTESIAN_POINT('',(0.0113190451990011,0.0121082169826967,0.0982936125389635));
#5529=CARTESIAN_POINT('',(0.00836690044442857,0.0406400000000003,0.0896259227534662));
#5530=CARTESIAN_POINT('',(-0.00129398835142145,0.0406399999999995,0.0612609112951338));
#5531=CARTESIAN_POINT('',(0.0113603002553001,0.0121129872762347,0.0982779432259697));
#5532=CARTESIAN_POINT('',(0.00840727033401668,0.0406400000000002,0.0896081189136526));
#5533=CARTESIAN_POINT('',(-0.00125284683875872,0.0406400000000003,0.0612468983815109));
#5534=CARTESIAN_POINT('',(0.0113910199221809,0.0121165569648089,0.0982662687567727));
#5535=CARTESIAN_POINT('',(0.00843737918557378,0.0406400000000002,0.0895948300888129));
#5536=CARTESIAN_POINT('',(-0.00122199085936377,0.0406400000000002,0.0612363883699003));
#5537=CARTESIAN_POINT('',(0.0114173242460122,0.0121195566432309,0.0982562907077529));
#5538=CARTESIAN_POINT('',(0.00846300514338787,0.0406399999999999,0.0895835521511399));
#5539=CARTESIAN_POINT('',(-0.00119627767855783,0.0406399999999999,0.0612276297420523));
#5540=CARTESIAN_POINT('',(0.0114367866008978,0.0121219000734777,0.0982488660424769));
#5541=CARTESIAN_POINT('',(0.00848230534797936,0.0406399999999997,0.0895749868252462));
#5542=CARTESIAN_POINT('',(-0.00117570720136471,0.0406399999999997,0.0612206226978341));
#5543=CARTESIAN_POINT('',(0.0114525504865405,0.0121234927312238,0.0982429546995598));
#5544=CARTESIAN_POINT('',(0.00849710143783274,0.0406400000000008,0.0895685927440543));
#5545=CARTESIAN_POINT('',(-0.00116285071047069,0.0406400000000008,0.0612162431745109));
#5546=CARTESIAN_POINT('',(0.0114563710629081,0.0121243509764474,0.0982413632893303));
#5547=CARTESIAN_POINT('',(0.00850198096214498,0.0406399999999995,0.0895662024359811));
#5548=CARTESIAN_POINT('',(-0.00115385113442897,0.0406399999999995,0.0612131775763951));
#5549=CARTESIAN_POINT('',(0.0114681575174338,0.0121251313790302,0.0982370812563387));
#5550=CARTESIAN_POINT('',(0.00851191968927412,0.0406400000000002,0.0895621521635748));
#5551=CARTESIAN_POINT('',(-0.00114935141851613,0.0406400000000002,0.0612116446255967));
#5552=CARTESIAN_POINT('',(0.0114589926349038,0.0121250117772419,0.0982402471091525));
#5553=CARTESIAN_POINT('',(0.00850552615761404,0.0406400000000003,0.0895644342535466));
#5554=CARTESIAN_POINT('',(-0.00114678004431098,0.0406400000000003,0.0612107688809217));
#5555=CARTESIAN_POINT('',(0.0115350017634248,0.012128024908672,0.0982133116595864));
#5556=CARTESIAN_POINT('',(0.00856408601237133,0.0406399999999984,0.0895419102864828));
#5557=CARTESIAN_POINT('',(-0.00114292360063089,0.0406399999999985,0.0612094539641888));
#5558=CARTESIAN_POINT('',(0.0116154597335429,0.0121313128566235,0.0981845422011291));
#5559=CARTESIAN_POINT('',(0.00862644574068845,0.0406400000000006,0.0895176830468931));
#5560=CARTESIAN_POINT('',(-0.00113714444282938,0.0406400000000006,0.0612074699989187));
#5561=CARTESIAN_POINT('',(0.0117769910824827,0.0121377293543512,0.0981263885517381));
#5562=CARTESIAN_POINT('',(0.00875134218824643,0.0406400000000003,0.0894689458723338));
#5563=CARTESIAN_POINT('',(-0.00112688439816169,0.0406400000000003,0.0612039134598853));
#5564=CARTESIAN_POINT('',(0.0119622019973131,0.0121450027663536,0.0980587457676105));
#5565=CARTESIAN_POINT('',(0.00889477105663153,0.04064,0.0894122848648845));
#5566=CARTESIAN_POINT('',(-0.00111408526762455,0.0406400000000001,0.061199413230084));
#5567=CARTESIAN_POINT('',(0.012389600204306,0.0121614374576621,0.0979001581239627));
#5568=CARTESIAN_POINT('',(0.00922596116452866,0.0406399999999996,0.089279717868354));
#5569=CARTESIAN_POINT('',(-0.00108344531511635,0.0406399999999996,0.0611884486215466));
#5570=CARTESIAN_POINT('',(0.0129530639780975,0.0121820361184017,0.0976825380007646));
#5571=CARTESIAN_POINT('',(0.00966374594601679,0.04064,0.089098482622751));
#5572=CARTESIAN_POINT('',(-0.00103776048356945,0.04064,0.0611714228069386));
#5573=CARTESIAN_POINT('',(0.0138240041674389,0.0122117935507162,0.0973295852172946));
#5574=CARTESIAN_POINT('',(0.0103426255594422,0.0406399999999999,0.0888057339330784));
#5575=CARTESIAN_POINT('',(-0.000957198584760375,0.0406399999999999,0.0611397751210932));
#5576=CARTESIAN_POINT('',(0.0147398577882687,0.0122400427832168,0.0969338622176502));
#5577=CARTESIAN_POINT('',(0.0110599634432569,0.0406399999999989,0.0884789776580761));
#5578=CARTESIAN_POINT('',(-0.000857565980903034,0.0406399999999989,0.0610979643402641));
#5579=CARTESIAN_POINT('',(0.015673624631256,0.0122657655714148,0.0965043329283745));
#5580=CARTESIAN_POINT('',(0.0117952917478622,0.0406400000000009,0.0881253145047088));
#5581=CARTESIAN_POINT('',(-0.000739396446134873,0.040640000000001,0.0610448672150387));
#5582=CARTESIAN_POINT('',(0.0164958796177237,0.0122860444863472,0.0961056212605545));
#5583=CARTESIAN_POINT('',(0.0124459548072101,0.0406399999999997,0.0877975778713292));
#5584=CARTESIAN_POINT('',(-0.000622419071022427,0.0406399999999997,0.0609892613643419));
#5585=CARTESIAN_POINT('',(0.017484890151126,0.0123078967231835,0.0956037742815269));
#5586=CARTESIAN_POINT('',(0.0132319995106214,0.0406400000000002,0.0873854617555243));
#5587=CARTESIAN_POINT('',(-0.000467856712948925,0.0406400000000002,0.0609121584048966));
#5588=CARTESIAN_POINT('',(0.0185645229095173,0.012327957872728,0.0950212125765876));
#5589=CARTESIAN_POINT('',(0.014095717160879,0.0406400000000009,0.0869071694316126));
#5590=CARTESIAN_POINT('',(-0.00027702851788144,0.0406400000000009,0.060810782382682));
#5591=CARTESIAN_POINT('',(0.0196982940611996,0.0123448205401508,0.0943690260178338));
#5592=CARTESIAN_POINT('',(0.0150094038824426,0.0406399999999997,0.0863711767751125));
#5593=CARTESIAN_POINT('',(-5.12464196564766E-5,0.0406399999999997,0.0606823725474028));
#5594=CARTESIAN_POINT('',(0.0207162551493625,0.0123566133186936,0.0937502757439451));
#5595=CARTESIAN_POINT('',(0.0158351786643463,0.04064,0.0858618916261619));
#5596=CARTESIAN_POINT('',(0.000171704177429801,0.04064,0.0605480041636487));
#5597=CARTESIAN_POINT('',(0.0219529570512759,0.0123674365631142,0.0929613084843313));
#5598=CARTESIAN_POINT('',(0.0168445923439072,0.0406400000000004,0.0852111147457793));
#5599=CARTESIAN_POINT('',(0.000465575625369979,0.0406400000000004,0.0603617002465913));
#5600=CARTESIAN_POINT('',(0.0233262757741552,0.0123739286840402,0.0920253770499877));
#5601=CARTESIAN_POINT('',(0.0179752955724752,0.0406400000000002,0.0844364996458352));
#5602=CARTESIAN_POINT('',(0.000827112130950407,0.0406400000000002,0.0601166067943074));
#5603=CARTESIAN_POINT('',(0.0247840143199775,0.0123746996148296,0.0909587368315858));
#5604=CARTESIAN_POINT('',(0.0191873486450575,0.0406399999999997,0.0835492390901459));
#5605=CARTESIAN_POINT('',(0.00125292641994332,0.0406399999999997,0.0598056087334918));
#5606=CARTESIAN_POINT('',(0.0261036736408201,0.012370466404112,0.0899314376767402));
#5607=CARTESIAN_POINT('',(0.0202941727476898,0.0406400000000005,0.0826905397027464));
#5608=CARTESIAN_POINT('',(0.00167158539319021,0.0406400000000005,0.0594795131038127));
#5609=CARTESIAN_POINT('',(0.0277180844567538,0.012360080240084,0.0886034543434245));
#5610=CARTESIAN_POINT('',(0.0216590930354718,0.0406399999999998,0.0815749522436105));
#5611=CARTESIAN_POINT('',(0.00222103225374559,0.0406399999999998,0.059026474047791));
#5612=CARTESIAN_POINT('',(0.0295233888606048,0.012340207424149,0.0870003796912276));
#5613=CARTESIAN_POINT('',(0.023202601036813,0.0406400000000004,0.0802186122029965));
#5614=CARTESIAN_POINT('',(0.00289315621353117,0.0406400000000004,0.0584278742907897));
#5615=CARTESIAN_POINT('',(0.0314105201163104,0.0123103571202238,0.0851787792799149));
#5616=CARTESIAN_POINT('',(0.0248356745287571,0.0406399999999996,0.0786641563257938));
#5617=CARTESIAN_POINT('',(0.00366043794567321,0.0406399999999996,0.0576828505035782));
#5618=CARTESIAN_POINT('',(0.0331008705370823,0.0122766556821506,0.0834246181818184));
#5619=CARTESIAN_POINT('',(0.0263137557923192,0.04064,0.0771557407778466));
#5620=CARTESIAN_POINT('',(0.00439694366633384,0.04064,0.056912456449094));
#5621=CARTESIAN_POINT('',(0.0346379647586558,0.0122402947680923,0.0817222712723905));
#5622=CARTESIAN_POINT('',(0.0276701746837492,0.0406400000000002,0.0756818177159333));
#5623=CARTESIAN_POINT('',(0.00510541718782273,0.0406400000000002,0.0561202901408685));
#5624=CARTESIAN_POINT('',(0.0360522954569003,0.0122021186137462,0.080060165659261));
#5625=CARTESIAN_POINT('',(0.0289284985153469,0.0406400000000002,0.0742337205300351));
#5626=CARTESIAN_POINT('',(0.00578887373468045,0.0406400000000002,0.0553083316313371));
#5627=CARTESIAN_POINT('',(0.0378028139209727,0.0121494109406146,0.077886551776979));
#5628=CARTESIAN_POINT('',(0.0304976580749113,0.0406400000000001,0.0723289933848799));
#5629=CARTESIAN_POINT('',(0.00666952670860319,0.0406400000000001,0.0542016724151137));
#5630=CARTESIAN_POINT('',(0.0397787013083163,0.0120809805485884,0.075232556655351));
#5631=CARTESIAN_POINT('',(0.0322872143642622,0.0406399999999992,0.0699851611093936));
#5632=CARTESIAN_POINT('',(0.00771757946314549,0.0406399999999992,0.0527764939789771));
#5633=CARTESIAN_POINT('',(0.0418941967052712,0.0119963998035484,0.0721163431037323));
#5634=CARTESIAN_POINT('',(0.0342247656046437,0.0406400000000002,0.0672095553061423));
#5635=CARTESIAN_POINT('',(0.00890050700904193,0.0406400000000002,0.0510087506948134));
#5636=CARTESIAN_POINT('',(0.0438103176815802,0.0119098861261166,0.0690401393648732));
#5637=CARTESIAN_POINT('',(0.0359973349637079,0.0406399999999999,0.0644491165748003));
#5638=CARTESIAN_POINT('',(0.0100184259384624,0.0406399999999999,0.0491849623037154));
#5639=CARTESIAN_POINT('',(0.0455472140354442,0.0118226026286586,0.0660153580531172));
#5640=CARTESIAN_POINT('',(0.0376185472404213,0.0406399999999999,0.0617172806367525));
#5641=CARTESIAN_POINT('',(0.0110674334788988,0.0406399999999998,0.0473256269756956));
#5642=CARTESIAN_POINT('',(0.0476539507412739,0.0117059807528858,0.0620511111070812));
#5643=CARTESIAN_POINT('',(0.0396015618867917,0.0406400000000004,0.0581158822923024));
#5644=CARTESIAN_POINT('',(0.0123766195072569,0.0406400000000004,0.0448146756535401));
#5645=CARTESIAN_POINT('',(0.0499594457429353,0.0115595968451854,0.0571873433090214));
#5646=CARTESIAN_POINT('',(0.0417969660135076,0.0406399999999999,0.0536647285106871));
#5647=CARTESIAN_POINT('',(0.0138625018925685,0.0406399999999999,0.0416162182258082));
#5648=CARTESIAN_POINT('',(0.0523197391206595,0.0113830559328342,0.0514412455039586));
#5649=CARTESIAN_POINT('',(0.0440742943515373,0.0406399999999996,0.0483670434841739));
#5650=CARTESIAN_POINT('',(0.0154349940387049,0.0406399999999996,0.0376966021666294));
#5651=CARTESIAN_POINT('',(0.0543456115013322,0.0112052708786547,0.0457465390547251));
#5652=CARTESIAN_POINT('',(0.0460545935693917,0.0406400000000004,0.0430839285496957));
#5653=CARTESIAN_POINT('',(0.01681784469697,0.0406400000000004,0.0337024053821588));
#5654=CARTESIAN_POINT('',(0.0560835203073703,0.0110261306784366,0.0400803986380892));
#5655=CARTESIAN_POINT('',(0.0477762266973644,0.0406399999999999,0.0378001376294285));
#5656=CARTESIAN_POINT('',(0.0180249234253359,0.0406399999999999,0.0296417918528091));
#5657=CARTESIAN_POINT('',(0.058062171241534,0.0107845460263142,0.0325204591974467));
#5658=CARTESIAN_POINT('',(0.0497664023659206,0.0406399999999998,0.0307156594213822));
#5659=CARTESIAN_POINT('',(0.0194155576248417,0.0406399999999998,0.0241321279137221));
#5660=CARTESIAN_POINT('',(0.0599285971023867,0.0104813296900635,0.0231564629093897));
#5661=CARTESIAN_POINT('',(0.0516960595271404,0.0406400000000002,0.0218923570942694));
#5662=CARTESIAN_POINT('',(0.0207408031189494,0.0406400000000002,0.0171744041160703));
#5663=CARTESIAN_POINT('',(0.0613340214027457,0.0101145601346222,0.0119418333877076));
#5664=CARTESIAN_POINT('',(0.0532349250208951,0.0406399999999994,0.0112755510495213));
#5665=CARTESIAN_POINT('',(0.0217263198520096,0.0406399999999994,0.00872033235093988));
#5666=CARTESIAN_POINT('',(0.0619550296233927,0.00974761304943018,0.000731556017672606));
#5667=CARTESIAN_POINT('',(0.0540366854820375,0.0406399999999998,0.000621826382923972));
#5668=CARTESIAN_POINT('',(0.0221250378464042,0.0406399999999998,0.000217517118268994));
#5669=CARTESIAN_POINT('',(0.0618100013874808,0.00938453143272164,-0.0104933179770681));
#5670=CARTESIAN_POINT('',(0.0541120149096654,0.0406400000000001,-0.0100746284782125));
#5671=CARTESIAN_POINT('',(0.0219453645178876,0.0406400000000001,-0.0082866252774787));
#5672=CARTESIAN_POINT('',(0.0608755986624181,0.00903097282961615,-0.0217740131976613));
#5673=CARTESIAN_POINT('',(0.053433259120101,0.04064,-0.0208412851545157));
#5674=CARTESIAN_POINT('',(0.0211772389399773,0.04064,-0.0167612588973201));
#5675=CARTESIAN_POINT('',(0.0594106564889068,0.00875511337224296,-0.0311400864319864));
#5676=CARTESIAN_POINT('',(0.0522062616461263,0.0406400000000006,-0.0297786991357623));
#5677=CARTESIAN_POINT('',(0.020043874434471,0.0406400000000006,-0.0236814486624836));
#5678=CARTESIAN_POINT('',(0.0577692091376175,0.0085514264978954,-0.0386902227334172));
#5679=CARTESIAN_POINT('',(0.0507712430588568,0.0406399999999997,-0.0369768766475521));
#5680=CARTESIAN_POINT('',(0.018820646315837,0.0406399999999998,-0.0291462323726032));
#5681=CARTESIAN_POINT('',(0.0562778729304217,0.00840995976482417,-0.0443953032697504));
#5682=CARTESIAN_POINT('',(0.0494425125093939,0.0406399999999997,-0.0424117980279036));
#5683=CARTESIAN_POINT('',(0.0177359198790595,0.0406399999999997,-0.0332038070455371));
#5684=CARTESIAN_POINT('',(0.0544914467857997,0.00828332897033239,-0.0501663856104852));
#5685=CARTESIAN_POINT('',(0.047828216045022,0.0406400000000006,-0.0478982828506175));
#5686=CARTESIAN_POINT('',(0.0164716702012791,0.0406400000000006,-0.0372185574626866));
#5687=CARTESIAN_POINT('',(0.052358558078499,0.0081768264545174,-0.0560324824087155));
#5688=CARTESIAN_POINT('',(0.0458792031579385,0.0406399999999997,-0.0534574675978643));
#5689=CARTESIAN_POINT('',(0.0150111268581389,0.0406399999999997,-0.0411850692003346));
#5690=CARTESIAN_POINT('',(0.0502250008194527,0.00811142342558492,-0.0610417030291886));
#5691=CARTESIAN_POINT('',(0.0439125553421411,0.04064,-0.0581814311415636));
#5692=CARTESIAN_POINT('',(0.0136086810849456,0.04064,-0.0444486980658444));
#5693=CARTESIAN_POINT('',(0.0482426498868523,0.00808012894199591,-0.0651460286270986));
#5694=CARTESIAN_POINT('',(0.0420755057158109,0.0406399999999998,-0.0620312459924611));
#5695=CARTESIAN_POINT('',(0.0123600569677462,0.0406399999999998,-0.0470227477149298));
#5696=CARTESIAN_POINT('',(0.0466083550865852,0.00806990400300199,-0.0682570866560791));
#5697=CARTESIAN_POINT('',(0.0405568397371341,0.0406400000000001,-0.0649362383806285));
#5698=CARTESIAN_POINT('',(0.0113633883290392,0.04064,-0.0489158989644534));
#5699=CARTESIAN_POINT('',(0.044796716380623,0.0080759874186295,-0.0714192859631176));
#5700=CARTESIAN_POINT('',(0.0388701622620358,0.0406400000000002,-0.067872087379974));
#5701=CARTESIAN_POINT('',(0.0102997978210618,0.0406400000000002,-0.0507722780279254));
#5702=CARTESIAN_POINT('',(0.0427655475650531,0.0081029984390476,-0.0746536543321292));
#5703=CARTESIAN_POINT('',(0.0369772254238124,0.0406399999999997,-0.0708529700522131));
#5704=CARTESIAN_POINT('',(0.00916124373741907,0.0406399999999997,-0.0525892974542944));
#5705=CARTESIAN_POINT('',(0.0408494730558887,0.00814838275581793,-0.0774177312556803));
#5706=CARTESIAN_POINT('',(0.0351917371971519,0.0406400000000003,-0.0733764657029899));
#5707=CARTESIAN_POINT('',(0.00814693663418664,0.0406400000000003,-0.0540590962254092));
#5708=CARTESIAN_POINT('',(0.0391444810219136,0.00820339340712617,-0.0796797888426718));
#5709=CARTESIAN_POINT('',(0.0336050770768203,0.0406399999999998,-0.0754220879643038));
#5710=CARTESIAN_POINT('',(0.00729442647569043,0.0406399999999998,-0.055199357919081));
#5711=CARTESIAN_POINT('',(0.0377622094241631,0.00825595587047255,-0.081409574173746));
#5712=CARTESIAN_POINT('',(0.0323208957605926,0.0406400000000002,-0.0769744479169467));
#5713=CARTESIAN_POINT('',(0.00663228176238028,0.0406400000000002,-0.0560361958173823));
#5714=CARTESIAN_POINT('',(0.0362546228373795,0.00832232383668865,-0.0831812053658556));
#5715=CARTESIAN_POINT('',(0.0309234739871159,0.0406400000000002,-0.0785502244891974));
#5716=CARTESIAN_POINT('',(0.00594553305957169,0.0406400000000002,-0.0568527275787451));
#5717=CARTESIAN_POINT('',(0.0345891241107722,0.00840617127173763,-0.0850079049072716));
#5718=CARTESIAN_POINT('',(0.0293846343816578,0.0406399999999992,-0.0801575048571883));
#5719=CARTESIAN_POINT('',(0.00523125962323017,0.0406399999999992,-0.0576470622181341));
#5720=CARTESIAN_POINT('',(0.0327220068436652,0.00851259366347189,-0.0869047188480522));
#5721=CARTESIAN_POINT('',(0.0276670806219262,0.0406400000000009,-0.0818044956365316));
#5722=CARTESIAN_POINT('',(0.00448688486740258,0.0406400000000009,-0.0584155251636994));
#5723=CARTESIAN_POINT('',(0.0305640268814616,0.00865111399928148,-0.0889103738105546));
#5724=CARTESIAN_POINT('',(0.0256942830777294,0.0406399999999994,-0.0835164926474127));
#5725=CARTESIAN_POINT('',(0.00370402786917421,0.0406399999999994,-0.0591570098227133));
#5726=CARTESIAN_POINT('',(0.028457892476728,0.00880245855703127,-0.0906731548462292));
#5727=CARTESIAN_POINT('',(0.0237848439783152,0.0406399999999994,-0.0849882345935139));
#5728=CARTESIAN_POINT('',(0.0030288152616766,0.0406399999999994,-0.0597341856317207));
#5729=CARTESIAN_POINT('',(0.0267138706542069,0.00893922969586991,-0.091989908943657));
#5730=CARTESIAN_POINT('',(0.0222186575220937,0.0406400000000004,-0.0860618267926922));
#5731=CARTESIAN_POINT('',(0.0025422986934056,0.0406400000000004,-0.0601120522093477));
#5732=CARTESIAN_POINT('',(0.0256075714192816,0.00902976307826505,-0.0927758821983662));
#5733=CARTESIAN_POINT('',(0.0212315789680027,0.0406399999999994,-0.0866928650243647));
#5734=CARTESIAN_POINT('',(0.0022597020699921,0.0406399999999994,-0.0603194670181115));
#5735=CARTESIAN_POINT('',(0.0247102054121306,0.00910522133131266,-0.0933862296064574));
#5736=CARTESIAN_POINT('',(0.0204347457454809,0.0406400000000007,-0.0871772687919211));
#5737=CARTESIAN_POINT('',(0.00204528851661842,0.0406400000000007,-0.0604704314056842));
#5738=CARTESIAN_POINT('',(0.0237268207675384,0.00919018965529511,-0.0940233639647411));
#5739=CARTESIAN_POINT('',(0.0195661067263397,0.04064,-0.0876763582923007));
#5740=CARTESIAN_POINT('',(0.00182817708852924,0.04064,-0.0606163730713373));
#5741=CARTESIAN_POINT('',(0.0226339731892477,0.00928720216796441,-0.0946933872829794));
#5742=CARTESIAN_POINT('',(0.0186065103619056,0.0406399999999998,-0.0881932987345877));
#5743=CARTESIAN_POINT('',(0.00160807437052416,0.0406399999999998,-0.0607567441162535));
#5744=CARTESIAN_POINT('',(0.0215956946740577,0.00938188953095843,-0.09529060936891));
#5745=CARTESIAN_POINT('',(0.0177011144912639,0.0406399999999998,-0.0886457637505011));
#5746=CARTESIAN_POINT('',(0.00142183544302567,0.0406399999999998,-0.060868468737732));
#5747=CARTESIAN_POINT('',(0.0206503986894981,0.0094699429338694,-0.0958023921401259));
#5748=CARTESIAN_POINT('',(0.0168822401798134,0.0406399999999999,-0.0890267054956112));
#5749=CARTESIAN_POINT('',(0.00127085455897255,0.0406399999999999,-0.060954143174274));
#5750=CARTESIAN_POINT('',(0.0198678755569709,0.00954382521205491,-0.096207611482159));
#5751=CARTESIAN_POINT('',(0.0162078044827615,0.0406400000000006,-0.0893242350198039));
#5752=CARTESIAN_POINT('',(0.00115651906866452,0.0406400000000006,-0.0610163509342736));
#5753=CARTESIAN_POINT('',(0.0189858138407902,0.00962823094742826,-0.0966416217024692));
#5754=CARTESIAN_POINT('',(0.0154518096086036,0.0406399999999994,-0.0896378872469008));
#5755=CARTESIAN_POINT('',(0.00104094922596869,0.0406399999999994,-0.0610762601151398));
#5756=CARTESIAN_POINT('',(0.0181303803199029,0.00971118305822961,-0.0970379116759517));
#5757=CARTESIAN_POINT('',(0.0147233051735475,0.0406399999999996,-0.0899188374527103));
#5758=CARTESIAN_POINT('',(0.000943453797218609,0.0406399999999996,-0.0611239736106418));
#5759=CARTESIAN_POINT('',(0.0173330890071949,0.00978928713034251,-0.097385973000518));
#5760=CARTESIAN_POINT('',(0.0140484045226664,0.0406400000000001,-0.0901609274353751));
#5761=CARTESIAN_POINT('',(0.000864596878780618,0.04064,-0.0611605418660439));
#5762=CARTESIAN_POINT('',(0.0167676724271332,0.00984503121950246,-0.0976220339801769));
#5763=CARTESIAN_POINT('',(0.0135720090395076,0.0406400000000002,-0.0903226579603158));
#5764=CARTESIAN_POINT('',(0.000814906051227859,0.0406400000000002,-0.0611826423732143));
#5765=CARTESIAN_POINT('',(0.0162603030049999,0.00989528555156772,-0.0978254349932326));
#5766=CARTESIAN_POINT('',(0.0131461841275444,0.040639999999999,-0.0904601214163293));
#5767=CARTESIAN_POINT('',(0.000774870782229664,0.040639999999999,-0.0611997965156497));
#5768=CARTESIAN_POINT('',(0.0159038916318784,0.00993070144627768,-0.0979639438883387));
#5769=CARTESIAN_POINT('',(0.0128480709155465,0.0406400000000021,-0.0905526736484567));
#5770=CARTESIAN_POINT('',(0.00074971937362086,0.0406400000000021,-0.0612102769537748));
#5771=CARTESIAN_POINT('',(0.0156481909468286,0.00995615095276529,-0.0980609189195877));
#5772=CARTESIAN_POINT('',(0.0126344941227068,0.0406399999999983,-0.0906170025831358));
#5773=CARTESIAN_POINT('',(0.000732037335617809,0.0406399999999983,-0.0612174716382515));
#5774=CARTESIAN_POINT('',(0.0154921244495722,0.0099717178807564,-0.0981191876488024));
#5775=CARTESIAN_POINT('',(0.012504615208566,0.0406400000000005,-0.0906553169287686));
#5776=CARTESIAN_POINT('',(0.000723176403019755,0.0406400000000005,-0.0612210318981194));
#5777=CARTESIAN_POINT('',(0.0154361613987089,0.00997728057153304,-0.0981399396726156));
#5778=CARTESIAN_POINT('',(0.0124576805928317,0.0406399999999999,-0.0906690996352054));
#5779=CARTESIAN_POINT('',(0.000718106520428939,0.0406399999999999,-0.0612230542419962));
#5780=CARTESIAN_POINT('',(0.0154434816271499,0.00997648866878193,-0.0981372436306521));
#5781=CARTESIAN_POINT('',(0.0124626740964662,0.0406400000000004,-0.090667811123922));
#5782=CARTESIAN_POINT('',(0.000713036729681254,0.0406400000000004,-0.0612250767568817));
#5783=CARTESIAN_POINT('',(0.015430966617814,0.00997767431118057,-0.0981419011012295));
#5784=CARTESIAN_POINT('',(0.0124511389133469,0.0406399999999999,-0.0906713599524091));
#5785=CARTESIAN_POINT('',(0.000706699455274374,0.0406399999999999,-0.0612276048336314));
#5786=CARTESIAN_POINT('',(0.0154230338671781,0.00997835719278157,-0.0981448728982856));
#5787=CARTESIAN_POINT('',(0.0124426038390991,0.0406399999999995,-0.0906741586135674));
#5788=CARTESIAN_POINT('',(0.000696559826138104,0.0406399999999996,-0.0612316497747683));
#5789=CARTESIAN_POINT('',(0.0154035187049057,0.00998011785458802,-0.0981521605605378));
#5790=CARTESIAN_POINT('',(0.0124230457759998,0.0406400000000006,-0.0906803975976326));
#5791=CARTESIAN_POINT('',(0.000678815445580288,0.0406400000000006,-0.0612387283667484));
#5792=CARTESIAN_POINT('',(0.0153785787383854,0.00998233797164622,-0.0981614823201051));
#5793=CARTESIAN_POINT('',(0.0123975169446822,0.0406400000000001,-0.0906886105316985));
#5794=CARTESIAN_POINT('',(0.000653466274333897,0.0406400000000001,-0.0612488405363609));
#5795=CARTESIAN_POINT('',(0.0153370319850989,0.00998605509862231,-0.0981770052542699));
#5796=CARTESIAN_POINT('',(0.0123553232904369,0.0406399999999996,-0.0907021421411368));
#5797=CARTESIAN_POINT('',(0.000612907468678403,0.0406399999999997,-0.0612650197626827));
#5798=CARTESIAN_POINT('',(0.0152856616767756,0.00999064491735076,-0.0981961991743373));
#5799=CARTESIAN_POINT('',(0.0123030434433702,0.0406400000000009,-0.0907189221817365));
#5800=CARTESIAN_POINT('',(0.000562208720290841,0.0406400000000004,-0.0612852433460886));
#5801=CARTESIAN_POINT('',(0.0152237753917193,0.00999617692267451,-0.0982193197660228));
#5802=CARTESIAN_POINT('',(0.0122401089957517,0.0406399999999976,-0.0907391153815934));
#5803=CARTESIAN_POINT('',(0.000501369834271845,0.0406399999999993,-0.0613095109238372));
#5804=CARTESIAN_POINT('',(0.015141343722579,0.0100035444648528,-0.0982501139972943));
#5805=CARTESIAN_POINT('',(0.0121562667896283,0.0406400000000079,-0.0907660184873846));
#5806=CARTESIAN_POINT('',(0.000420250803007603,0.0406399999999991,-0.0613418667320614));
#5807=CARTESIAN_POINT('',(0.0150382733080696,0.0100127568136813,-0.0982886138386275));
#5808=CARTESIAN_POINT('',(0.0120514396942605,0.0406399999999329,-0.0907996531477588));
#5809=CARTESIAN_POINT('',(0.000318851044543526,0.0406400000000042,-0.0613823096879851));
#5810=CARTESIAN_POINT('',(0.0149558240222591,0.0100201257973414,-0.0983194064390672));
#5811=CARTESIAN_POINT('',(0.0119675803070493,0.0406400000001471,-0.0908265589789451));
#5812=CARTESIAN_POINT('',(0.000237730205144736,0.0406399999999972,-0.0614146621273198));
#5813=CARTESIAN_POINT('',(0.0149145978124713,0.0100238103989113,-0.0983348021543436));
#5814=CARTESIAN_POINT('',(0.0119256495807555,0.0406399999999972,-0.0908400118516221));
#5815=CARTESIAN_POINT('',(0.000197169525989492,0.0406399999999972,-0.061430837866142));
#5816=CARTESIAN_POINT('',(0.0204700662765012,0.04064,0.0182317607924339));
#5817=CARTESIAN_POINT('',(0.0234068228870315,0.04064,0.0156827339745791));
#5818=CARTESIAN_POINT('',(0.0272756109747707,0.0403179623429958,0.0114315575164047));
#5819=CARTESIAN_POINT('',(0.0316740040631396,0.0395015127988756,0.00512228201796599));
#5820=CARTESIAN_POINT('',(0.0347430874482493,0.0386733323085045,0.000269722702357925));
#5821=CARTESIAN_POINT('',(0.0377109464541788,0.0375781950045302,-0.00457554429617695));
#5822=CARTESIAN_POINT('',(0.0402059973331782,0.0363594702305599,-0.00854417219309925));
#5823=CARTESIAN_POINT('',(0.0422264051150601,0.0351522306452747,-0.0116174226313605));
#5824=CARTESIAN_POINT('',(0.0437530656420237,0.0341192865146764,-0.0138528657676163));
#5825=CARTESIAN_POINT('',(0.0453236219498165,0.0329219028298206,-0.015997666123128));
#5826=CARTESIAN_POINT('',(0.0469377123587766,0.0315429514396551,-0.0179660112741623));
#5827=CARTESIAN_POINT('',(0.0483640527160058,0.0301875142752261,-0.0194014742902239));
#5828=CARTESIAN_POINT('',(0.0495858785091185,0.0289393926201522,-0.0202786668816574));
#5829=CARTESIAN_POINT('',(0.0505370799325076,0.027930544648841,-0.0207111103159863));
#5830=CARTESIAN_POINT('',(0.0515526553664363,0.026831290714781,-0.0207431565748679));
#5831=CARTESIAN_POINT('',(0.052480120698324,0.0258498026572439,-0.0201000720769097));
#5832=CARTESIAN_POINT('',(0.0532024172480318,0.0251181000093783,-0.0190456709746747));
#5833=CARTESIAN_POINT('',(0.0537681273068911,0.0245683947920331,-0.0178288502445388));
#5834=CARTESIAN_POINT('',(0.0542345155555455,0.0241283518423495,-0.0165358716678827));
#5835=CARTESIAN_POINT('',(0.0547760698574017,0.0236219813864568,-0.0147447975953166));
#5836=CARTESIAN_POINT('',(0.0553474803015786,0.0230763604059585,-0.01246593758375));
#5837=CARTESIAN_POINT('',(0.0560221639961082,0.0223358570533306,-0.0097489886195597));
#5838=CARTESIAN_POINT('',(0.0568811678453929,0.0212604126488159,-0.00614155403027403));
#5839=CARTESIAN_POINT('',(0.0575476639178979,0.020258481994177,-0.00247272745859233));
#5840=CARTESIAN_POINT('',(0.0578542178553824,0.0196621252557425,0.00137321097427509));
#5841=CARTESIAN_POINT('',(0.0579477985892109,0.0193126965568217,0.00520401943722146));
#5842=CARTESIAN_POINT('',(0.0577663488067167,0.0191789148077191,0.00999831019594891));
#5843=CARTESIAN_POINT('',(0.0572051876545563,0.019264800499253,0.0157552600004178));
#5844=CARTESIAN_POINT('',(0.0563694662714182,0.0194653950560206,0.0214761180831092));
#5845=CARTESIAN_POINT('',(0.054950823296371,0.01978174548902,0.0289951776910601));
#5846=CARTESIAN_POINT('',(0.0526671016546524,0.0201358529878884,0.0382466448837409));
#5847=CARTESIAN_POINT('',(0.0497522460079161,0.0202742615663715,0.0473076253528083));
#5848=CARTESIAN_POINT('',(0.047015298500906,0.0202080316954998,0.0544387434557131));
#5849=CARTESIAN_POINT('',(0.0447526605621021,0.0200502001824029,0.0597200419845464));
#5850=CARTESIAN_POINT('',(0.0422312755768547,0.0198028192029558,0.0649436040126272));
#5851=CARTESIAN_POINT('',(0.0394454811218392,0.0195000113107838,0.070002801489185));
#5852=CARTESIAN_POINT('',(0.0362377574702106,0.0194903741790871,0.0747391133998217));
#5853=CARTESIAN_POINT('',(0.0324626785432525,0.0200445123160794,0.079040566331397));
#5854=CARTESIAN_POINT('',(0.0281991138045438,0.0207999197841626,0.0829961209348637));
#5855=CARTESIAN_POINT('',(0.0237221689472294,0.0212668382878385,0.0866339359446768));
#5856=CARTESIAN_POINT('',(0.0190501169092419,0.0212788486186172,0.0900093252102004));
#5857=CARTESIAN_POINT('',(0.0157918058462853,0.0209233179447244,0.0920606278607384));
#5858=CARTESIAN_POINT('',(0.0141056882575484,0.0206741083041856,0.0930078582021107));
#5859=CARTESIAN_POINT('',(0.0141056876165479,0.0206741140098323,0.0930078585622132));
#5860=CARTESIAN_POINT('',(0.0157387731062436,0.0122670399535087,0.0964698742484774));
#5861=CARTESIAN_POINT('',(0.015329239360015,0.0152168067895256,0.0956017079072574));
#5862=CARTESIAN_POINT('',(0.0147845919124242,0.0180189343969402,0.0944471101710402));
#5863=CARTESIAN_POINT('',(0.0141056730830578,0.0206741139657435,0.0930078653367562));
#5864=CARTESIAN_POINT('',(0.0157387731062437,0.0122670399535087,0.0964698742484774));
#5865=CARTESIAN_POINT('',(0.0196337242034742,0.00956630363300579,-0.0963213554223693));
#5866=CARTESIAN_POINT('',(0.0217326839395491,0.00936601529729288,-0.0952774281104784));
#5867=CARTESIAN_POINT('',(0.0257139561486443,0.00900680390731859,-0.0928871784336532));
#5868=CARTESIAN_POINT('',(0.0311455904604419,0.0085995538716428,-0.0885397190264854));
#5869=CARTESIAN_POINT('',(0.0360917944949624,0.00831734690745529,-0.083521831162894));
#5870=CARTESIAN_POINT('',(0.0404382004908574,0.00815031827926352,-0.0781160032249473));
#5871=CARTESIAN_POINT('',(0.0443034602077648,0.0080726128305582,-0.0723545017348133));
#5872=CARTESIAN_POINT('',(0.0477427605067233,0.00806764597695937,-0.0662579682320531));
#5873=CARTESIAN_POINT('',(0.0507438845349655,0.00812079441219726,-0.0599517172944427));
#5874=CARTESIAN_POINT('',(0.0541828657506407,0.00825069814078534,-0.0513865464957622));
#5875=CARTESIAN_POINT('',(0.0568774459708079,0.00844886110461144,-0.0425721551545912));
#5876=CARTESIAN_POINT('',(0.0589140232330494,0.00868877101044117,-0.0335542500446379));
#5877=CARTESIAN_POINT('',(0.0605291923354547,0.00895206024984228,-0.0243760074256975));
#5878=CARTESIAN_POINT('',(0.0617427103692355,0.00930690206521415,-0.0128985120713129));
#5879=CARTESIAN_POINT('',(0.0620168175840733,0.00975163754055854,0.000865716723002051));
#5880=CARTESIAN_POINT('',(0.0612832140059517,0.0101275159101338,0.0123341498114032));
#5881=CARTESIAN_POINT('',(0.0601014209828021,0.0104271282058259,0.021504284890817));
#5882=CARTESIAN_POINT('',(0.058502623709474,0.0107253687886888,0.0306815207810341));
#5883=CARTESIAN_POINT('',(0.055750103225963,0.01108499112857,0.0418879698989964));
#5884=CARTESIAN_POINT('',(0.0519207223707505,0.0114245157946197,0.0527488092934242));
#5885=CARTESIAN_POINT('',(0.0481162104784052,0.0116807006407978,0.0611909787103368));
#5886=CARTESIAN_POINT('',(0.0437500643067597,0.0119243018512569,0.0694575298032853));
#5887=CARTESIAN_POINT('',(0.0373454659933789,0.0121907794212027,0.0790853304436342));
#5888=CARTESIAN_POINT('',(0.0276448758887145,0.0124041247312469,0.0893220717675081));
#5889=CARTESIAN_POINT('',(0.0199901401692001,0.0123772177789054,0.0944544311270893));
#5890=CARTESIAN_POINT('',(0.0157387731062436,0.0122670399535088,0.0964698742484774));
#5891=CARTESIAN_POINT('',(0.0196337242034742,0.00956630363300579,-0.0963213554223693));
#5892=CARTESIAN_POINT('',(0.0196337242034742,0.00956630363300578,-0.0963213554223693));
#5893=CARTESIAN_POINT('',(0.0193719602551787,0.0117860975928498,-0.0958287746378537));
#5894=CARTESIAN_POINT('',(0.0188543968523002,0.0150045908631932,-0.0948548369023994));
#5895=CARTESIAN_POINT('',(0.0179257174955718,0.0190718224253023,-0.0931072715517103));
#5896=CARTESIAN_POINT('',(0.0168274359804225,0.0230103048502291,-0.0910405531442515));
#5897=CARTESIAN_POINT('',(0.015521202348117,0.0265853112360253,-0.0885825156965755));
#5898=CARTESIAN_POINT('',(0.0140253741619752,0.0297817188054904,-0.0857677040075394));
#5899=CARTESIAN_POINT('',(0.0123875104541892,0.0327432931336909,-0.0826856134623574));
#5900=CARTESIAN_POINT('',(0.0106045382695003,0.0352227475965879,-0.0793304614514609));
#5901=CARTESIAN_POINT('',(0.00870320714767872,0.0372081323756081,-0.0757525845829712));
#5902=CARTESIAN_POINT('',(0.00670434377477911,0.0388731537006117,-0.0719911739885253));
#5903=CARTESIAN_POINT('',(0.00412195677496237,0.0402620021127797,-0.0671317033754945));
#5904=CARTESIAN_POINT('',(0.00200609842074997,0.04064,-0.0631501345810564));
#5905=CARTESIAN_POINT('',(0.000932048380827841,0.04064,-0.0611290143514796));
#5906=CARTESIAN_POINT('',(-0.0105454784778731,0.0113862035852567,-0.097391064260952));
#5907=CARTESIAN_POINT('',(-0.010142232819041,0.0154067611594796,-0.0962064028024723));
#5908=CARTESIAN_POINT('',(-0.00892132876157807,0.0230467164758916,-0.0926196116003881));
#5909=CARTESIAN_POINT('',(-0.00602925560077297,0.0321622798789059,-0.0841232334406533));
#5910=CARTESIAN_POINT('',(-0.0023651404163392,0.0380228194372119,-0.0733587380434796));
#5911=CARTESIAN_POINT('',(0.000348313860970972,0.03937,-0.0653871092577267));
#5912=CARTESIAN_POINT('',(0.00170517447127726,0.03937,-0.0614009027497276));
#5913=CARTESIAN_POINT('',(-0.0107161294070495,0.011405511307621,-0.0973266283729714));
#5914=CARTESIAN_POINT('',(-0.0103123144051698,0.0154238243670005,-0.096140532811645));
#5915=CARTESIAN_POINT('',(-0.00909059690606384,0.023058962241627,-0.0925520740396838));
#5916=CARTESIAN_POINT('',(-0.00619825604094081,0.0321679369421682,-0.0840566200919913));
#5917=CARTESIAN_POINT('',(-0.00253462334746334,0.0380239067260193,-0.0732957095096973));
#5918=CARTESIAN_POINT('',(0.000178235075123031,0.03937,-0.0653274362592606));
#5919=CARTESIAN_POINT('',(0.0015347975131331,0.03937,-0.0613429083174407));
#5920=CARTESIAN_POINT('',(-0.0109043137006662,0.011426269294342,-0.0972557329458305));
#5921=CARTESIAN_POINT('',(-0.0104996599805013,0.0154421678044219,-0.0960681749555131));
#5922=CARTESIAN_POINT('',(-0.0092763827512278,0.0230721250828513,-0.0924781599960327));
#5923=CARTESIAN_POINT('',(-0.00638213233236408,0.0321740169810417,-0.0839842524088389));
#5924=CARTESIAN_POINT('',(-0.00271696420274311,0.0380250752310391,-0.0732278918438356));
#5925=CARTESIAN_POINT('',(-3.22529491898787E-6,0.0393699999999994,-0.0652637401975295));
#5926=CARTESIAN_POINT('',(0.00135377719741747,0.0393699999999994,-0.0612812739394842));
#5927=CARTESIAN_POINT('',(-0.0110804179627847,0.0114467841899192,-0.0971889409795924));
#5928=CARTESIAN_POINT('',(-0.0106754198734555,0.0154602949507537,-0.0959997773011487));
#5929=CARTESIAN_POINT('',(-0.00945206460885712,0.0230851309700589,-0.0924077364587595));
#5930=CARTESIAN_POINT('',(-0.0065593867100207,0.0321800238282748,-0.083914196086042));
#5931=CARTESIAN_POINT('',(-0.00289708085310145,0.0380262295879147,-0.0731608581948296));
#5932=CARTESIAN_POINT('',(-0.000185714107220701,0.0393700000000001,-0.0651996872879735));
#5933=CARTESIAN_POINT('',(0.00117010195977267,0.0393700000000001,-0.0612187122155018));
#5934=CARTESIAN_POINT('',(-0.0110967157595514,0.0114485017626374,-0.097182827596655));
#5935=CARTESIAN_POINT('',(-0.010691613144524,0.0154618126049516,-0.0959935550329242));
#5936=CARTESIAN_POINT('',(-0.00946802264128416,0.0230862198483744,-0.0924014217492465));
#5937=CARTESIAN_POINT('',(-0.00657493550245079,0.0321805267292766,-0.0839080945927908));
#5938=CARTESIAN_POINT('',(-0.00291218441964233,0.0380263262316912,-0.0731552407847525));
#5939=CARTESIAN_POINT('',(-0.000200509226661242,0.03937,-0.0651944904636736));
#5940=CARTESIAN_POINT('',(0.00115546105989064,0.03937,-0.0612137257607619));
#5941=CARTESIAN_POINT('',(-0.0111002140788234,0.0114490378503723,-0.0971814522201731));
#5942=CARTESIAN_POINT('',(-0.0106951562497182,0.0154622862924537,-0.0959921195654584));
#5943=CARTESIAN_POINT('',(-0.0094717262115257,0.0230865597050006,-0.0923998785486344));
#5944=CARTESIAN_POINT('',(-0.00657906448445294,0.0321806836920162,-0.0839064313794696));
#5945=CARTESIAN_POINT('',(-0.00291687480360391,0.0380263563955249,-0.0731534924417301));
#5946=CARTESIAN_POINT('',(-0.000205621865018483,0.03937,-0.0651926985016527));
#5947=CARTESIAN_POINT('',(0.00115013726769516,0.03937,-0.0612119120046044));
#5948=CARTESIAN_POINT('',(-0.0111195371964546,0.0114503548796647,-0.097174475164975));
#5949=CARTESIAN_POINT('',(-0.0107140665961545,0.0154634500259688,-0.0959851712035982));
#5950=CARTESIAN_POINT('',(-0.00948945119471038,0.0230873946555331,-0.0923931982668026));
#5951=CARTESIAN_POINT('',(-0.00659409887584236,0.0321810693163968,-0.0839007162492293));
#5952=CARTESIAN_POINT('',(-0.00292855841099682,0.0380264305020129,-0.0731491635340189));
#5953=CARTESIAN_POINT('',(-0.000214840908353014,0.03937,-0.0651894435923192));
#5954=CARTESIAN_POINT('',(0.00114215061243317,0.03937,-0.0612091941900532));
#5955=CARTESIAN_POINT('',(-0.0116992648974878,0.0114730029856045,-0.0969678324333218));
#5956=CARTESIAN_POINT('',(-0.0112748815221387,0.015483461681356,-0.0957831203897524));
#5957=CARTESIAN_POINT('',(-0.0099942216614154,0.0231017521512483,-0.0922081274964374));
#5958=CARTESIAN_POINT('',(-0.00696832968758408,0.0321877002173296,-0.083761473497141));
#5959=CARTESIAN_POINT('',(-0.003138499967489,0.0380277047625229,-0.0730707575630982));
#5960=CARTESIAN_POINT('',(-0.000303437058453971,0.03937,-0.0651568956012156));
#5961=CARTESIAN_POINT('',(0.00111423284703105,0.03937,-0.0611995781704158));
#5962=CARTESIAN_POINT('',(-0.0124167656805866,0.0115006280873045,-0.096694111727592));
#5963=CARTESIAN_POINT('',(-0.0119700127767478,0.015507868723311,-0.0955153233959916));
#5964=CARTESIAN_POINT('',(-0.010623275876618,0.0231192604925389,-0.0919619508917686));
#5965=CARTESIAN_POINT('',(-0.00744386812505436,0.0321957852603097,-0.0835732231709252));
#5966=CARTESIAN_POINT('',(-0.00342102984525012,0.0380292583416064,-0.0729592187932097));
#5967=CARTESIAN_POINT('',(-0.000443466737439127,0.03937,-0.0651031294377616));
#5968=CARTESIAN_POINT('',(0.00104545988799688,0.03937,-0.0611747020194228));
#5969=CARTESIAN_POINT('',(-0.0140554192660863,0.0115561886189923,-0.0960312727985055));
#5970=CARTESIAN_POINT('',(-0.0135572662213731,0.0155569530578938,-0.0948679467392628));
#5971=CARTESIAN_POINT('',(-0.0120586223843496,0.023154466387745,-0.091368622603336));
#5972=CARTESIAN_POINT('',(-0.00852614709550982,0.0322120408774704,-0.083121096111538));
#5973=CARTESIAN_POINT('',(-0.00405933926989542,0.0380323817177748,-0.0726925042493008));
#5974=CARTESIAN_POINT('',(-0.000753967317041377,0.03937,-0.0649756129659846));
#5975=CARTESIAN_POINT('',(0.000898878981273011,0.03937,-0.0611167931301633));
#5976=CARTESIAN_POINT('',(-0.0161728916077512,0.0116132630938971,-0.0950435595138409));
#5977=CARTESIAN_POINT('',(-0.0156115472055521,0.0156073650304414,-0.0939042492872737));
#5978=CARTESIAN_POINT('',(-0.0139264828724807,0.0231906128846395,-0.0904845269303445));
#5979=CARTESIAN_POINT('',(-0.00996134242013749,0.0322287261799268,-0.0824380991712259));
#5980=CARTESIAN_POINT('',(-0.0049507852097881,0.0380355871101165,-0.0722704905341122));
#5981=CARTESIAN_POINT('',(-0.00124402182143446,0.03937,-0.0647486686570773));
#5982=CARTESIAN_POINT('',(0.000609538789046641,0.03937,-0.0609873947303148));
#5983=CARTESIAN_POINT('',(-0.0184360879860979,0.0116563581287891,-0.0938357923664896));
#5984=CARTESIAN_POINT('',(-0.0178104442265963,0.0156454246215379,-0.0927265569324793));
#5985=CARTESIAN_POINT('',(-0.0159354346842409,0.0232178967568597,-0.0894024613334201));
#5986=CARTESIAN_POINT('',(-0.0115289682996924,0.0322413182183508,-0.0815908669966641));
#5987=CARTESIAN_POINT('',(-0.00596353397580538,0.0380380058848085,-0.071724890559705));
#5988=CARTESIAN_POINT('',(-0.00184709340595897,0.03937,-0.0644276337129917));
#5989=CARTESIAN_POINT('',(0.000211324839345469,0.03937,-0.0607786544117682));
#5990=CARTESIAN_POINT('',(-0.0211698223392874,0.0116881504841291,-0.0921764163893228));
#5991=CARTESIAN_POINT('',(-0.0204714602368436,0.0156734993066325,-0.0911081792309095));
#5992=CARTESIAN_POINT('',(-0.0183810315157693,0.0232380193040936,-0.0879107308975105));
#5993=CARTESIAN_POINT('',(-0.0134729252127667,0.0322506038095919,-0.0804037144694817));
#5994=CARTESIAN_POINT('',(-0.00727621275096437,0.0380397893721316,-0.0709258843862316));
#5995=CARTESIAN_POINT('',(-0.00269352030457689,0.03937,-0.06391672410636));
#5996=CARTESIAN_POINT('',(-0.000401954297003261,0.03937,-0.0604118078425259));
#5997=CARTESIAN_POINT('',(-0.0237885328274863,0.0116961312639931,-0.0903453288545286));
#5998=CARTESIAN_POINT('',(-0.0230262770616042,0.0156805463288925,-0.089321077363003));
#5999=CARTESIAN_POINT('',(-0.0207453522268366,0.023243069649214,-0.0862561474919268));
#6000=CARTESIAN_POINT('',(-0.0153913769529674,0.0322529340591874,-0.0790618429982257));
#6001=CARTESIAN_POINT('',(-0.00863243020454595,0.0380402369155424,-0.0699796104251228));
#6002=CARTESIAN_POINT('',(-0.00363414773496487,0.03937,-0.0632632369364946));
#6003=CARTESIAN_POINT('',(-0.00113476696502293,0.03937,-0.0599047283139129));
#6004=CARTESIAN_POINT('',(-0.0271671806717637,0.0116815865172858,-0.0876675923851687));
#6005=CARTESIAN_POINT('',(-0.0263297621234514,0.0156677030988944,-0.0867046275738941));
#6006=CARTESIAN_POINT('',(-0.0238226277191909,0.0232338650998538,-0.0838214777838299));
#6007=CARTESIAN_POINT('',(-0.0179352871457322,0.0322486869350235,-0.0770508991782226));
#6008=CARTESIAN_POINT('',(-0.0105018203576482,0.03803942120804,-0.0685021070452603));
#6009=CARTESIAN_POINT('',(-0.0050043796439911,0.03937,-0.0621797858916901));
#6010=CARTESIAN_POINT('',(-0.00225539552114189,0.03937,-0.0590183219368899));
#6011=CARTESIAN_POINT('',(-0.0304711105830802,0.0116364207272641,-0.0846029083824105));
#6012=CARTESIAN_POINT('',(-0.0295697193951566,0.0156278182183818,-0.0837048967001542));
#6013=CARTESIAN_POINT('',(-0.0268665932003042,0.0232052768818344,-0.0810115745141458));
#6014=CARTESIAN_POINT('',(-0.0205108034814731,0.0322354945624252,-0.074678229423085));
#6015=CARTESIAN_POINT('',(-0.0124817677046968,0.0380368873106263,-0.0666772446201846));
#6016=CARTESIAN_POINT('',(-0.00654268035665787,0.03937,-0.0607588186224976));
#6017=CARTESIAN_POINT('',(-0.0035728506609926,0.03937,-0.0577993205182999));
#6018=CARTESIAN_POINT('',(-0.0347051345426095,0.0115450595440914,-0.0800746411502752));
#6019=CARTESIAN_POINT('',(-0.0337326813547646,0.0155471250860678,-0.079264201371616));
#6020=CARTESIAN_POINT('',(-0.0308065525927707,0.023147421844443,-0.0768249363212077));
#6021=CARTESIAN_POINT('',(-0.023908233747777,0.0322087900241563,-0.0710732261166418));
#6022=CARTESIAN_POINT('',(-0.0151847784953452,0.0380317573092418,-0.0637991654440616));
#6023=CARTESIAN_POINT('',(-0.00872939188314086,0.03937,-0.0584161670926974));
#6024=CARTESIAN_POINT('',(-0.00550138532788252,0.03937,-0.0557244065544369));
#6025=CARTESIAN_POINT('',(-0.0388193980037871,0.0114133110372432,-0.0747901132537055));
#6026=CARTESIAN_POINT('',(-0.0377916286623751,0.0154307272403472,-0.0740696451527921));
#6027=CARTESIAN_POINT('',(-0.0346835313214017,0.0230639279104224,-0.0718899977865503));
#6028=CARTESIAN_POINT('',(-0.0273277809779685,0.0321702355159652,-0.0667299757572388));
#6029=CARTESIAN_POINT('',(-0.018011725684832,0.0380243490577944,-0.0601940268959539));
#6030=CARTESIAN_POINT('',(-0.0111137012839782,0.03937,-0.0553542904574094));
#6031=CARTESIAN_POINT('',(-0.00766435065462834,0.03937,-0.0529341845871119));
#6032=CARTESIAN_POINT('',(-0.0441184928509717,0.011189789353345,-0.0666340510569197));
#6033=CARTESIAN_POINT('',(-0.0430349026539686,0.0152331607411889,-0.0660346811621621));
#6034=CARTESIAN_POINT('',(-0.0397296170655693,0.0229221057116334,-0.064204777581855));
#6035=CARTESIAN_POINT('',(-0.0318553914623862,0.0321047055514224,-0.0598424051445372));
#6036=CARTESIAN_POINT('',(-0.0218570026253447,0.0380117525733868,-0.0543017693437007));
#6037=CARTESIAN_POINT('',(-0.0144462868142985,0.03937,-0.0501946759296891));
#6038=CARTESIAN_POINT('',(-0.0107405585661327,0.03937,-0.0481409235900497));
#6039=CARTESIAN_POINT('',(-0.0490173276708504,0.0109037718109654,-0.0569258630706164));
#6040=CARTESIAN_POINT('',(-0.047901297797561,0.014980182434545,-0.0564466045689468));
#6041=CARTESIAN_POINT('',(-0.0444575589796778,0.0227403014276355,-0.0549657473655098));
#6042=CARTESIAN_POINT('',(-0.0361818932174267,0.0320206202657138,-0.0514034916183927));
#6043=CARTESIAN_POINT('',(-0.0256384480654126,0.0379955797135371,-0.0468633085056238));
#6044=CARTESIAN_POINT('',(-0.0178134965922514,0.03937,-0.0434932440452314));
#6045=CARTESIAN_POINT('',(-0.0139006204388233,0.03937,-0.0418080388928654));
#6046=CARTESIAN_POINT('',(-0.0547627413566934,0.0104436737546193,-0.0418656736298705));
#6047=CARTESIAN_POINT('',(-0.0536296647580015,0.0145728530606385,-0.0415430453171918));
#6048=CARTESIAN_POINT('',(-0.0500651735084134,0.0224471216969208,-0.0405240746310002));
#6049=CARTESIAN_POINT('',(-0.0413769396178734,0.031884844648449,-0.0380332901229316));
#6050=CARTESIAN_POINT('',(-0.0302478864297309,0.0379694437353786,-0.0348393239980996));
#6051=CARTESIAN_POINT('',(-0.0219709551609306,0.03937,-0.0324629086297532));
#6052=CARTESIAN_POINT('',(-0.0178320498785691,0.03937,-0.0312745737956736));
#6053=CARTESIAN_POINT('',(-0.0591627159267984,0.00985271776397969,-0.0232242891357795));
#6054=CARTESIAN_POINT('',(-0.0580474240610682,0.0140489332666916,-0.0230575956336869));
#6055=CARTESIAN_POINT('',(-0.0544431290516253,0.0220691453696901,-0.0225129998440469));
#6056=CARTESIAN_POINT('',(-0.0454886600191172,0.0317094494168392,-0.0211498526476065));
#6057=CARTESIAN_POINT('',(-0.0339365511976513,0.0379356400741934,-0.0193864209301233));
#6058=CARTESIAN_POINT('',(-0.0253213190062264,0.03937,-0.0180699144112556));
#6059=CARTESIAN_POINT('',(-0.0210132229164557,0.03937,-0.0174115864715145));
#6060=CARTESIAN_POINT('',(-0.0608345581272052,0.00925394255046347,-0.00471666749646459));
#6061=CARTESIAN_POINT('',(-0.0597622932277103,0.013517018697357,-0.00467837358521493));
#6062=CARTESIAN_POINT('',(-0.0561918044395479,0.021684136983052,-0.00454738880380042));
#6063=CARTESIAN_POINT('',(-0.0471394381119276,0.0315302884170604,-0.00420946138330575));
#6064=CARTESIAN_POINT('',(-0.0353741374328041,0.0379010513709092,-0.00376751926421397));
#6065=CARTESIAN_POINT('',(-0.0265749469007404,0.03937,-0.00343621089072275));
#6066=CARTESIAN_POINT('',(-0.0221748371243789,0.03937,-0.00327053655975491));
#6067=CARTESIAN_POINT('',(-0.060668778829382,0.00878193679427731,0.0101009622359449));
#6068=CARTESIAN_POINT('',(-0.0596411888476461,0.013097084244004,0.0100453874290983));
#6069=CARTESIAN_POINT('',(-0.0561314510291741,0.0213794260232546,0.00985714704730918));
#6070=CARTESIAN_POINT('',(-0.0470849922721723,0.031388192729155,0.00937453936152364));
#6071=CARTESIAN_POINT('',(-0.0352577936366414,0.0378735830386336,0.008744782535724));
#6072=CARTESIAN_POINT('',(-0.0263924232199518,0.03937,0.00827307300138923));
#6073=CARTESIAN_POINT('',(-0.0219591999228241,0.03937,0.00803718994233246));
#6074=CARTESIAN_POINT('',(-0.0594499247851112,0.00832104424948524,0.025049800434705));
#6075=CARTESIAN_POINT('',(-0.0584732031663918,0.0126866302775966,0.0249033064435987));
#6076=CARTESIAN_POINT('',(-0.0550471331378009,0.0210811093948789,0.024393405033961));
#6077=CARTESIAN_POINT('',(-0.0460682263797545,0.0312488861834085,0.0230634200185917));
#6078=CARTESIAN_POINT('',(-0.0342607630381248,0.0378466311702838,0.0213173517829648));
#6079=CARTESIAN_POINT('',(-0.0253906703418848,0.03937,0.0200064756804734));
#6080=CARTESIAN_POINT('',(-0.0209550660463434,0.03937,0.0193509559962562));
#6081=CARTESIAN_POINT('',(-0.0566367478236511,0.00789807361734305,0.039932909986034));
#6082=CARTESIAN_POINT('',(-0.0557176689891251,0.0123093631893583,0.0396987537236796));
#6083=CARTESIAN_POINT('',(-0.0524072737315167,0.0208062147883372,0.0388594142832719));
#6084=CARTESIAN_POINT('',(-0.0435925423674667,0.0311202395244474,0.036630830645425));
#6085=CARTESIAN_POINT('',(-0.0319374619130292,0.0378217089832968,0.0336870027193377));
#6086=CARTESIAN_POINT('',(-0.0231638348571042,0.03937,0.0314717787042545));
#6087=CARTESIAN_POINT('',(-0.0187764510307283,0.03937,0.0303640235401748));
#6088=CARTESIAN_POINT('',(-0.0515570644547824,0.00758292886073637,0.0553099894002487));
#6089=CARTESIAN_POINT('',(-0.0507036508508942,0.0120279499076555,0.0549748786637322));
#6090=CARTESIAN_POINT('',(-0.047565360178651,0.0206007799933705,0.0537443509635285));
#6091=CARTESIAN_POINT('',(-0.0391078972760402,0.0310239462901778,0.0504309169123488));
#6092=CARTESIAN_POINT('',(-0.0278796660841268,0.037803036495224,0.0460331863151966));
#6093=CARTESIAN_POINT('',(-0.0194144955793566,0.03937,0.0427180009122016));
#6094=CARTESIAN_POINT('',(-0.0151813467417651,0.03937,0.0410601878542228));
#6095=CARTESIAN_POINT('',(-0.0470386269457899,0.00747301306643876,0.0653090425799577));
#6096=CARTESIAN_POINT('',(-0.0462312561616687,0.0119297429263185,0.0648971941322109));
#6097=CARTESIAN_POINT('',(-0.0432403556598497,0.0205290208743716,0.0633715647128568));
#6098=CARTESIAN_POINT('',(-0.0351463856549242,0.0309902840921971,0.0592430022751787));
#6099=CARTESIAN_POINT('',(-0.0243856942079747,0.0377965058312095,0.0537542435212762));
#6100=CARTESIAN_POINT('',(-0.016268776526482,0.03937,0.049614019222569));
#6101=CARTESIAN_POINT('',(-0.0122097728691285,0.03937,0.0475436291894708));
#6102=CARTESIAN_POINT('',(-0.0421482824160855,0.0075039901994282,0.0735923115180626));
#6103=CARTESIAN_POINT('',(-0.0413849501066827,0.0119574187648243,0.0730994905867656));
#6104=CARTESIAN_POINT('',(-0.0385633994904966,0.0205492416833674,0.0712774619158306));
#6105=CARTESIAN_POINT('',(-0.0309372015617591,0.030999768989875,0.0663522210778815));
#6106=CARTESIAN_POINT('',(-0.020802608876413,0.0377983458769189,0.059806716483221));
#6107=CARTESIAN_POINT('',(-0.0131591485268914,0.03937,0.054870054894807));
#6108=CARTESIAN_POINT('',(-0.00933690654816221,0.03937,0.0524013934654451));
#6109=CARTESIAN_POINT('',(-0.038277341492745,0.00760381711231708,0.0790365209292275));
#6110=CARTESIAN_POINT('',(-0.0375478546962901,0.0120466046308093,0.0784783248653973));
#6111=CARTESIAN_POINT('',(-0.0348703574019659,0.0206144008192955,0.0764280445350686));
#6112=CARTESIAN_POINT('',(-0.0276624913495197,0.031030331825114,0.0709063701274604));
#6113=CARTESIAN_POINT('',(-0.0180967126922594,0.0378042748564812,0.0635773679722366));
#6114=CARTESIAN_POINT('',(-0.01088587285157,0.03937,0.058052359706006));
#6115=CARTESIAN_POINT('',(-0.00727997386848833,0.03937,0.0552894882136678));
#6116=CARTESIAN_POINT('',(-0.0342290225877056,0.00778481392319761,0.0837417462724647));
#6117=CARTESIAN_POINT('',(-0.0335375462167974,0.0122082163852691,0.0831117100136638));
#6118=CARTESIAN_POINT('',(-0.0310298189954881,0.0207323647556909,0.08082567215476));
#6119=CARTESIAN_POINT('',(-0.0243255276525784,0.0310856192096212,0.0747122958379596));
#6120=CARTESIAN_POINT('',(-0.0154488157834219,0.0378149951131723,0.0666171850026375));
#6121=CARTESIAN_POINT('',(-0.00876324670428879,0.03937,0.0605200621874227));
#6122=CARTESIAN_POINT('',(-0.00542002403960807,0.03937,0.0574711009864801));
#6123=CARTESIAN_POINT('',(-0.0311290897663726,0.00796325208076868,0.0868598116072261));
#6124=CARTESIAN_POINT('',(-0.0304693862968138,0.0123674729924268,0.086172503034413));
#6125=CARTESIAN_POINT('',(-0.0281046911856567,0.0208485253797333,0.0837071029455751));
#6126=CARTESIAN_POINT('',(-0.021826039886324,0.031140027938256,0.0771583042671704));
#6127=CARTESIAN_POINT('',(-0.0135322898814239,0.0378255410586879,0.0685064597423647));
#6128=CARTESIAN_POINT('',(-0.00729125137276159,0.03937,0.0619956040382854));
#6129=CARTESIAN_POINT('',(-0.00417032874825495,0.03937,0.0587397550179973));
#6130=CARTESIAN_POINT('',(-0.0279670448938117,0.00818338064712728,0.0895847555577429));
#6131=CARTESIAN_POINT('',(-0.0273445577531889,0.0125638048988627,0.0888367495495537));
#6132=CARTESIAN_POINT('',(-0.0251434300425725,0.0209915691557716,0.0861906042361919));
#6133=CARTESIAN_POINT('',(-0.0193464893405136,0.0312069652665775,0.0792197748056562));
#6134=CARTESIAN_POINT('',(-0.0117104349646769,0.0378385079600469,0.0700365538610301));
#6135=CARTESIAN_POINT('',(-0.00597034699811143,0.03937,0.0631332055439895));
#6136=CARTESIAN_POINT('',(-0.00309993817853885,0.03937,0.059681092366351));
#6137=CARTESIAN_POINT('',(-0.0255178805072623,0.0083738206540681,0.0914542518357502));
#6138=CARTESIAN_POINT('',(-0.0249275283026118,0.0127335702036821,0.0906581050986033));
#6139=CARTESIAN_POINT('',(-0.0228641332550743,0.0211151526267328,0.0878737913072799));
#6140=CARTESIAN_POINT('',(-0.017468286913557,0.0312647546831986,0.080590101657765));
#6141=CARTESIAN_POINT('',(-0.01037799678568,0.0378496978761866,0.0710179379993761));
#6142=CARTESIAN_POINT('',(-0.00505309130546092,0.03937,0.0638287726007307));
#6143=CARTESIAN_POINT('',(-0.00239030511132452,0.03937,0.0602337393631798));
#6144=CARTESIAN_POINT('',(-0.0230147347052879,0.00858728462317663,0.0931170518772065));
#6145=CARTESIAN_POINT('',(-0.0224618649957588,0.0129237334531965,0.0922710203404523));
#6146=CARTESIAN_POINT('',(-0.02055310625473,0.0212534343608678,0.0893491341380777));
#6147=CARTESIAN_POINT('',(-0.0155996288541067,0.0313293573692014,0.0817648332799571));
#6148=CARTESIAN_POINT('',(-0.00910797486605871,0.0378622000232034,0.0718246722796809));
#6149=CARTESIAN_POINT('',(-0.00423756808356475,0.03937,0.0643667876073117));
#6150=CARTESIAN_POINT('',(-0.00180206464104219,0.03937,0.0606373855993994));
#6151=CARTESIAN_POINT('',(-0.0211018536490922,0.00875951119131807,0.0942596071190983));
#6152=CARTESIAN_POINT('',(-0.0205803437817432,0.0130770879375868,0.0933752903637061));
#6153=CARTESIAN_POINT('',(-0.0187975081070413,0.0213648631294054,0.0903507780725158));
#6154=CARTESIAN_POINT('',(-0.0141995241845073,0.0313813804509144,0.0825482050719292));
#6155=CARTESIAN_POINT('',(-0.00818695057907205,0.0378722636719713,0.0723440877205169));
#6156=CARTESIAN_POINT('',(-0.00367972249648157,0.03937,0.0646944388446826));
#6157=CARTESIAN_POINT('',(-0.00142583452140276,0.03937,0.0608691491911918));
#6158=CARTESIAN_POINT('',(-0.0190855565243276,0.00894967922070657,0.09531674192835));
#6159=CARTESIAN_POINT('',(-0.0186008230782609,0.013246317700049,0.0943923913892884));
#6160=CARTESIAN_POINT('',(-0.016960698176017,0.0214877076630191,0.0912640042502137));
#6161=CARTESIAN_POINT('',(-0.0127586295571035,0.031438685869314,0.0832476343960602));
#6162=CARTESIAN_POINT('',(-0.00727664839765075,0.0378833435929039,0.0727889401758637));
#6163=CARTESIAN_POINT('',(-0.00317082841133782,0.03937,0.0649555553687267));
#6164=CARTESIAN_POINT('',(-0.00111767250998647,0.03937,0.0610383936310063));
#6165=CARTESIAN_POINT('',(-0.0175257469416507,0.00910065250460494,0.0960601742595601));
#6166=CARTESIAN_POINT('',(-0.0170713843162807,0.0133806151544383,0.0951051836736115));
#6167=CARTESIAN_POINT('',(-0.0155466242778888,0.021585131495852,0.0918990809628656));
#6168=CARTESIAN_POINT('',(-0.0116609912569419,0.0314841077550851,0.083726577402412));
#6169=CARTESIAN_POINT('',(-0.00660152471260598,0.0378921228955868,0.0730841634689459));
#6170=CARTESIAN_POINT('',(-0.00281491414612445,0.03937,0.0651188643688021));
#6171=CARTESIAN_POINT('',(-0.000921384797485364,0.03937,0.061135743198619));
#6172=CARTESIAN_POINT('',(-0.0160236676708624,0.00924950054065694,0.096685143256556));
#6173=CARTESIAN_POINT('',(-0.0156013485087232,0.0135129503302384,0.0957013386305922));
#6174=CARTESIAN_POINT('',(-0.0141947790582497,0.0216810463938961,0.0924242928567267));
#6175=CARTESIAN_POINT('',(-0.0106281091177946,0.0315287922240964,0.0841139391290951));
#6176=CARTESIAN_POINT('',(-0.00599225528297336,0.0379007556777561,0.0733120668646558));
#6177=CARTESIAN_POINT('',(-0.0025250486647534,0.03937,0.0652331362562005));
#6178=CARTESIAN_POINT('',(-0.000791242507148178,0.03937,0.0611931982068744));
#6179=CARTESIAN_POINT('',(-0.0153216706322269,0.00931957107533527,0.0969553749092114));
#6180=CARTESIAN_POINT('',(-0.0149148563183349,0.0135752295290405,0.0959584136499207));
#6181=CARTESIAN_POINT('',(-0.0135646817863314,0.0217261643190322,0.0926495487146877));
#6182=CARTESIAN_POINT('',(-0.0101489966129902,0.0315498031502222,0.0842786580171697));
#6183=CARTESIAN_POINT('',(-0.00571312951238942,0.0379048138740951,0.0734075436310272));
#6184=CARTESIAN_POINT('',(-0.0023965629133048,0.03937,0.0652795208462986));
#6185=CARTESIAN_POINT('',(-0.000738086621595122,0.03937,0.0612150364695739));
#6186=CARTESIAN_POINT('',(-0.0150531443265526,0.00934648282943634,0.0970559068119759));
#6187=CARTESIAN_POINT('',(-0.0146524438543805,0.01359914655031,0.0960539060454375));
#6188=CARTESIAN_POINT('',(-0.0133243712352615,0.0217434881272562,0.0927328929595906));
#6189=CARTESIAN_POINT('',(-0.00996764983171457,0.0315578695531359,0.0843389804479877));
#6190=CARTESIAN_POINT('',(-0.00560978999650317,0.0379063717450485,0.0734415894279161));
#6191=CARTESIAN_POINT('',(-0.0023519562316371,0.03937,0.0652949546079703));
#6192=CARTESIAN_POINT('',(-0.000722850173987361,0.03937,0.0612211641399381));
#6193=CARTESIAN_POINT('',(-0.0149969310631631,0.00935202232681742,0.0970767637885165));
#6194=CARTESIAN_POINT('',(-0.0145973219375847,0.0136040694379355,0.0960737981722756));
#6195=CARTESIAN_POINT('',(-0.0132732386028887,0.021747053711439,0.0927505267622951));
#6196=CARTESIAN_POINT('',(-0.00992722785900493,0.0315595296960992,0.0843524910098501));
#6197=CARTESIAN_POINT('',(-0.00558356815673113,0.0379066923600203,0.0734504918504229));
#6198=CARTESIAN_POINT('',(-0.00233643436231633,0.03937,0.0653006248829052));
#6199=CARTESIAN_POINT('',(-0.000712678993437035,0.03937,0.0612252183609908));
#6200=CARTESIAN_POINT('',(-0.0150096081151171,0.00935035258940296,0.0970722123422277));
#6201=CARTESIAN_POINT('',(-0.0146089209095288,0.0136025855822489,0.0960698355276712));
#6202=CARTESIAN_POINT('',(-0.0132811536281243,0.0217459789985522,0.0927482319244805));
#6203=CARTESIAN_POINT('',(-0.0099256448130581,0.0315590293174864,0.0843539330786056));
#6204=CARTESIAN_POINT('',(-0.00556956643046328,0.0379065957255968,0.0734565604542391));
#6205=CARTESIAN_POINT('',(-0.00231312363424538,0.0393700000000001,0.065310087927857));
#6206=CARTESIAN_POINT('',(-0.000684713199435272,0.03937,0.0612363787609568));
#6207=CARTESIAN_POINT('',(-0.0148339255441337,0.00936662287223506,0.0971377713910632));
#6208=CARTESIAN_POINT('',(-0.014434587174293,0.0136170447586559,0.0961332993349565));
#6209=CARTESIAN_POINT('',(-0.013112386839769,0.0217564515501706,0.0928075094673287));
#6210=CARTESIAN_POINT('',(-0.00977279779306346,0.0315639053405717,0.0844072818254898));
#6211=CARTESIAN_POINT('',(-0.00543825641747641,0.0379075374050993,0.0735043987217461));
#6212=CARTESIAN_POINT('',(-0.0021981624895927,0.0393699999999999,0.0653544313469566));
#6213=CARTESIAN_POINT('',(-0.000577927680555274,0.03937,0.0612789751622617));
#6214=CARTESIAN_POINT('',(-0.0147733134419051,0.00937133474023835,0.0971607075496022));
#6215=CARTESIAN_POINT('',(-0.0143726575121067,0.0136212318194223,0.0961563088556967));
#6216=CARTESIAN_POINT('',(-0.0130464105259859,0.0217594838010578,0.092831558951388));
#6217=CARTESIAN_POINT('',(-0.00969713355602323,0.0315653170103038,0.0844353035526236));
#6218=CARTESIAN_POINT('',(-0.00535026863630554,0.0379078100157782,0.0735382088859677));
#6219=CARTESIAN_POINT('',(-0.00210103441097102,0.03937,0.0653927491903676));
#6220=CARTESIAN_POINT('',(-0.000476228993066284,0.03937,0.0613195472828));
#6221=CARTESIAN_POINT('',(-0.0146906757861929,0.00937855499566543,0.0971916907646831));
#6222=CARTESIAN_POINT('',(-0.0142897987427936,0.0136276479195219,0.0961866892026971));
#6223=CARTESIAN_POINT('',(-0.0129633063893358,0.0217641303549645,0.0928611635605131));
#6224=CARTESIAN_POINT('',(-0.0096142313432266,0.0315674802385672,0.0844650089091826));
#6225=CARTESIAN_POINT('',(-0.00526801491533962,0.0379082277635887,0.0735690138137467));
#6226=CARTESIAN_POINT('',(-0.00201937584633428,0.03937,0.0654246528620782));
#6227=CARTESIAN_POINT('',(-0.000394868148701693,0.03937,0.0613520006599598));
#6228=CARTESIAN_POINT('',(-0.0383406615019981,0.03429,-0.0283812551464528));
#6229=CARTESIAN_POINT('',(-0.0376293978025379,0.0346593973438556,-0.0285471705097721));
#6230=CARTESIAN_POINT('',(-0.0362341728629562,0.0353116287416932,-0.0290569237550166));
#6231=CARTESIAN_POINT('',(-0.0336541757206636,0.0362766483467778,-0.0308441779382458));
#6232=CARTESIAN_POINT('',(-0.0314114671749136,0.0367579216683548,-0.0344119603091848));
#6233=CARTESIAN_POINT('',(-0.0314264302476907,0.036187881659946,-0.0394785311849018));
#6234=CARTESIAN_POINT('',(-0.033070398662661,0.0350303050673998,-0.042179636724549));
#6235=CARTESIAN_POINT('',(-0.0341032571781807,0.03429,-0.0432131880615272));
#6236=CARTESIAN_POINT('',(-0.0383406615019979,0.03429,-0.0283812551464528));
#6237=CARTESIAN_POINT('',(-0.0341032571781808,0.03429,-0.0432131880615274));
#6238=CARTESIAN_POINT('',(-0.0341032571781808,0.03429,-0.0432131880615273));
#6239=CARTESIAN_POINT('',(-0.0358436922563294,0.03429,-0.0383668681214515));
#6240=CARTESIAN_POINT('',(-0.0372385554710295,0.03429,-0.0334176483291315));
#6241=CARTESIAN_POINT('',(-0.0383406615019984,0.03429,-0.028381255146453));
#6242=CARTESIAN_POINT('',(-0.0273602543119251,0.03429,-0.0580451623925103));
#6243=CARTESIAN_POINT('',(-0.026652562215284,0.0345822429770971,-0.0582342059555231));
#6244=CARTESIAN_POINT('',(-0.0252729769393771,0.0350405283863233,-0.0588723875551128));
#6245=CARTESIAN_POINT('',(-0.0236193583876512,0.0352856583554089,-0.0605933210888613));
#6246=CARTESIAN_POINT('',(-0.0227310242063329,0.0350445818866117,-0.062808740739013));
#6247=CARTESIAN_POINT('',(-0.0227182561247532,0.0345834249785779,-0.0643348082878273));
#6248=CARTESIAN_POINT('',(-0.0228379451319945,0.03429,-0.0650573168068381));
#6249=CARTESIAN_POINT('',(-0.0273602543119254,0.03429,-0.0580451623925103));
#6250=CARTESIAN_POINT('',(-0.0228379451319945,0.03429,-0.0650573168068382));
#6251=CARTESIAN_POINT('',(-0.0228379451319947,0.03429,-0.0650573168068383));
#6252=CARTESIAN_POINT('',(-0.0244855401056937,0.03429,-0.0628102716889284));
#6253=CARTESIAN_POINT('',(-0.0259828336780374,0.03429,-0.0604663492946055));
#6254=CARTESIAN_POINT('',(-0.0273602543119253,0.03429,-0.0580451623925103));
#6255=CARTESIAN_POINT('',(-0.0412334478143171,0.03429,0.0101307932109102));
#6256=CARTESIAN_POINT('',(-0.0403247140860311,0.0348112592393376,0.00974786677244332));
#6257=CARTESIAN_POINT('',(-0.0385800807402049,0.0357216283136674,0.00872754384896403));
#6258=CARTESIAN_POINT('',(-0.036365172139536,0.0366915675324396,0.00639744971206488));
#6259=CARTESIAN_POINT('',(-0.0348827546933076,0.0372454706811357,0.00343214054682827));
#6260=CARTESIAN_POINT('',(-0.0343402895153041,0.0374237832791699,0.000116969113981823));
#6261=CARTESIAN_POINT('',(-0.0348131636278535,0.03724815550407,-0.0032096527150798));
#6262=CARTESIAN_POINT('',(-0.0362351172513524,0.0366964757916559,-0.00620801813777006));
#6263=CARTESIAN_POINT('',(-0.0384056232447386,0.0357280801489338,-0.00858830937631843));
#6264=CARTESIAN_POINT('',(-0.0401430622567519,0.0348115405228548,-0.00964924494676609));
#6265=CARTESIAN_POINT('',(-0.041044993073762,0.03429,-0.0100493006788881));
#6266=CARTESIAN_POINT('',(-0.0412334478143177,0.03429,0.0101307932109105));
#6267=CARTESIAN_POINT('',(-0.0410449930737621,0.03429,-0.010049300678888));
#6268=CARTESIAN_POINT('',(-0.0410449930737615,0.03429,-0.010049300678888));
#6269=CARTESIAN_POINT('',(-0.0415819539251344,0.03429,-0.00332716651968909));
#6270=CARTESIAN_POINT('',(-0.0416452299889914,0.03429,0.00339952703691316));
#6271=CARTESIAN_POINT('',(-0.0412334478143175,0.03429,0.0101307932109105));
#6272=CARTESIAN_POINT('',(-0.0177755580134086,0.03937,0.0329564575508705));
#6273=CARTESIAN_POINT('',(-0.0192753483409787,0.03937,0.0327713307005294));
#6274=CARTESIAN_POINT('',(-0.0222084846730277,0.0392271528415982,0.0321758749303622));
#6275=CARTESIAN_POINT('',(-0.0264903849463357,0.038645433636888,0.0308737625993907));
#6276=CARTESIAN_POINT('',(-0.0299718079220673,0.0378604755314535,0.0296429150801475));
#6277=CARTESIAN_POINT('',(-0.0326953108131448,0.0370433067176664,0.028723483681736));
#6278=CARTESIAN_POINT('',(-0.0354005940038189,0.0360838511294676,0.0278817688869024));
#6279=CARTESIAN_POINT('',(-0.0386510732714365,0.0346652012572597,0.0267374063128673));
#6280=CARTESIAN_POINT('',(-0.0422398375536916,0.0327505859720329,0.0246524199208753));
#6281=CARTESIAN_POINT('',(-0.0453740722027592,0.030788432923728,0.0219535299660672));
#6282=CARTESIAN_POINT('',(-0.0482223751531513,0.0286736271149118,0.0191224319893961));
#6283=CARTESIAN_POINT('',(-0.0504755975819399,0.0266507426194636,0.0168498986893345));
#6284=CARTESIAN_POINT('',(-0.0522288767807081,0.0248034951705369,0.0151901872731247));
#6285=CARTESIAN_POINT('',(-0.0535371205107391,0.0232579137671484,0.0140602952206785));
#6286=CARTESIAN_POINT('',(-0.0548088925450462,0.0215530717665088,0.0131551244608148));
#6287=CARTESIAN_POINT('',(-0.0558328835448413,0.0199694196866007,0.0127079808874219));
#6288=CARTESIAN_POINT('',(-0.0565981962749579,0.0186087132160314,0.0127717575871302));
#6289=CARTESIAN_POINT('',(-0.057262674464615,0.0172769613830581,0.0132832620541281));
#6290=CARTESIAN_POINT('',(-0.0577521910588606,0.0160005877529345,0.0147497292736231));
#6291=CARTESIAN_POINT('',(-0.0578796920905742,0.0152474399514186,0.0169639864040665));
#6292=CARTESIAN_POINT('',(-0.0577828910756051,0.014903877669187,0.0192591750107761));
#6293=CARTESIAN_POINT('',(-0.0575514397357081,0.0148020694447538,0.0215313697851959));
#6294=CARTESIAN_POINT('',(-0.0571190328060429,0.0148566765939626,0.0245525501194803));
#6295=CARTESIAN_POINT('',(-0.0563744915368856,0.0152079530982912,0.0283100796781978));
#6296=CARTESIAN_POINT('',(-0.0551991288549015,0.0159671911314557,0.0327065691480258));
#6297=CARTESIAN_POINT('',(-0.053858467586097,0.0167395710109893,0.0370564275319925));
#6298=CARTESIAN_POINT('',(-0.0525401036498301,0.0171148870591111,0.0414340778025914));
#6299=CARTESIAN_POINT('',(-0.051267880800317,0.0170582552724867,0.0458504088295394));
#6300=CARTESIAN_POINT('',(-0.0499151990944427,0.0168293676853258,0.050249768836745));
#6301=CARTESIAN_POINT('',(-0.0484018092067973,0.0165726834578767,0.0546137227252816));
#6302=CARTESIAN_POINT('',(-0.0460787901764106,0.0164242927943643,0.0602795187655464));
#6303=CARTESIAN_POINT('',(-0.0424384586108942,0.0171476508815145,0.0668074717372545));
#6304=CARTESIAN_POINT('',(-0.0380681446603351,0.0181396322649444,0.0728610212232826));
#6305=CARTESIAN_POINT('',(-0.0343075993641763,0.0185178895192509,0.0775564308615171));
#6306=CARTESIAN_POINT('',(-0.0304059890143025,0.0184286885248812,0.0822210419827411));
#6307=CARTESIAN_POINT('',(-0.0252587383879777,0.0176237578743992,0.0877226681551078));
#6308=CARTESIAN_POINT('',(-0.0204744798175417,0.0167499083208908,0.0914370459304156));
#6309=CARTESIAN_POINT('',(-0.0178307459362602,0.0165910568042262,0.0929075160898266));
#6310=CARTESIAN_POINT('',(-0.0177755580134086,0.03937,0.0329564575508706));
#6311=CARTESIAN_POINT('',(-0.0177755580134086,0.03937,0.0329564575508706));
#6312=CARTESIAN_POINT('',(-0.018950169548911,0.03937,0.0288801964800802));
#6313=CARTESIAN_POINT('',(-0.020741460260959,0.03937,0.020669517796823));
#6314=CARTESIAN_POINT('',(-0.022063009792246,0.0393699999999997,0.00821490823800749));
#6315=CARTESIAN_POINT('',(-0.0221106627258023,0.0393699999999999,-0.00228065465840624));
#6316=CARTESIAN_POINT('',(-0.0215023993996918,0.0393700000000002,-0.0107267457620885));
#6317=CARTESIAN_POINT('',(-0.0204663207416286,0.0393700000000002,-0.0190424810341661));
#6318=CARTESIAN_POINT('',(-0.0187827049125494,0.0393699999999998,-0.0272091646848504));
#6319=CARTESIAN_POINT('',(-0.0163642542945407,0.0393699999999998,-0.0351986980517893));
#6320=CARTESIAN_POINT('',(-0.0141397116830274,0.03937,-0.04108559475307));
#6321=CARTESIAN_POINT('',(-0.011410887372865,0.03937,-0.0468765173583562));
#6322=CARTESIAN_POINT('',(-0.00871275273627864,0.03937,-0.0514155058580762));
#6323=CARTESIAN_POINT('',(-0.0062238116772651,0.0393699999999998,-0.0548262129958297));
#6324=CARTESIAN_POINT('',(-0.00414371934230996,0.0393700000000005,-0.0572532563610023));
#6325=CARTESIAN_POINT('',(-0.00219987035814575,0.0393699999999994,-0.0591040121468476));
#6326=CARTESIAN_POINT('',(-0.00049983091599452,0.0393700000000004,-0.0603704912334399));
#6327=CARTESIAN_POINT('',(0.00042958284632743,0.03937,-0.0609206053152972));
#6328=CARTESIAN_POINT('',(0.000932048380829756,0.03937,-0.0611290143514804));
#6329=CARTESIAN_POINT('',(0.0157387731062436,0.0122670399535087,0.0964698742484774));
#6330=CARTESIAN_POINT('',(0.0153926436546297,0.0122580697117676,0.0966339636371457));
#6331=CARTESIAN_POINT('',(0.0150445323480247,0.0122483434266181,0.096793859546567));
#6332=CARTESIAN_POINT('',(0.0143445010940594,0.0122273680494133,0.0971049848212951));
#6333=CARTESIAN_POINT('',(0.0139925811466993,0.0122161189573581,0.097256214186602));
#6334=CARTESIAN_POINT('',(0.0129313409473281,0.0121800713907011,0.0976964830879206));
#6335=CARTESIAN_POINT('',(0.0122165403380259,0.0121529726256078,0.0979721034293302));
#6336=CARTESIAN_POINT('',(0.0100520779116866,0.0120623465272983,0.0987419326477066));
#6337=CARTESIAN_POINT('',(0.0085824141769931,0.0119895152046996,0.0991789935307264));
#6338=CARTESIAN_POINT('',(0.00560429236235123,0.0118196209294699,0.0998849718015732));
#6339=CARTESIAN_POINT('',(0.00409584460957867,0.0117225587653036,0.100153807024563));
#6340=CARTESIAN_POINT('',(0.00105907722642549,0.0115065071991333,0.100511778215708));
#6341=CARTESIAN_POINT('',(-0.000469191991475867,0.0113875638730066,0.10060084008936));
#6342=CARTESIAN_POINT('',(-0.00352393491826487,0.0111324376039732,0.100594268932007));
#6343=CARTESIAN_POINT('',(-0.00505038789250039,0.0109962519825758,0.100498634191551));
#6344=CARTESIAN_POINT('',(-0.00807975928425883,0.0107134734728658,0.100125235107649));
#6345=CARTESIAN_POINT('',(-0.00958269768837486,0.0105669144230141,0.0998474999618284));
#6346=CARTESIAN_POINT('',(-0.012545708928444,0.0102722200942416,0.09911920856353));
#6347=CARTESIAN_POINT('',(-0.0140057638733244,0.0101240820297916,0.0986687361834164));
#6348=CARTESIAN_POINT('',(-0.0161522220977118,0.00990817103202403,0.0978739846701222));
#6349=CARTESIAN_POINT('',(-0.0168604489546165,0.0098372510296596,0.0975892399313009));
#6350=CARTESIAN_POINT('',(-0.0179108430997361,0.00973339845776097,0.0971339389115455));
#6351=CARTESIAN_POINT('',(-0.0182589834580697,0.00969920217240276,0.0969774745863731));
#6352=CARTESIAN_POINT('',(-0.018951105909091,0.00963181073495415,0.0966554108721972));
#6353=CARTESIAN_POINT('',(-0.0192950880017786,0.00959861558286375,0.0964898114831938));
#6354=CARTESIAN_POINT('',(-0.0196369028521933,0.00956600032543315,0.0963197743489466));
#6355=CARTESIAN_POINT('',(0.0156671716717721,0.0127827734565905,0.0963180847121283));
#6356=CARTESIAN_POINT('',(0.0153223072068709,0.0127739023341082,0.0964816860666518));
#6357=CARTESIAN_POINT('',(0.0149749553792138,0.0127643879818794,0.0966413089566627));
#6358=CARTESIAN_POINT('',(0.014276997025531,0.0127437384907094,0.0969517090901301));
#6359=CARTESIAN_POINT('',(0.0139261288522551,0.0127326620895442,0.0971025868510999));
#6360=CARTESIAN_POINT('',(0.0128680862408085,0.0126971639187324,0.0975418384977208));
#6361=CARTESIAN_POINT('',(0.0121554729611715,0.0126704659449981,0.0978168331589302));
#6362=CARTESIAN_POINT('',(0.00999774936961645,0.0125811433346083,0.0985849619800159));
#6363=CARTESIAN_POINT('',(0.00853285522261518,0.0125093227316738,0.0990211138812223));
#6364=CARTESIAN_POINT('',(0.00556465559457899,0.0123417317228233,0.099725903001814));
#6365=CARTESIAN_POINT('',(0.00406144042772423,0.012245964092726,0.0999944401654935));
#6366=CARTESIAN_POINT('',(0.00103548690203043,0.0120327789251075,0.100352566765969));
#6367=CARTESIAN_POINT('',(-0.000487092256374941,0.0119154103768906,0.100442073852521));
#6368=CARTESIAN_POINT('',(-0.00353021073515116,0.0116636919288728,0.10043726214739));
#6369=CARTESIAN_POINT('',(-0.0050505996830609,0.0115293429904646,0.100342942724687));
#6370=CARTESIAN_POINT('',(-0.00806760608769237,0.011250464691553,0.0999731440079123));
#6371=CARTESIAN_POINT('',(-0.00956413478027954,0.0111059724924255,0.0996977100404582));
#6372=CARTESIAN_POINT('',(-0.0125141571512075,0.0108155893109429,0.0989750798067833));
#6373=CARTESIAN_POINT('',(-0.0139675414522681,0.0106696975083285,0.0985279899063666));
#6374=CARTESIAN_POINT('',(-0.0161038766647828,0.0104572411706346,0.0977391777405085));
#6375=CARTESIAN_POINT('',(-0.016808703720686,0.0103874857128406,0.0974565590926371));
#6376=CARTESIAN_POINT('',(-0.017853974059043,0.0102853934062692,0.0970046697603945));
#6377=CARTESIAN_POINT('',(-0.0182004022974702,0.01025178768007,0.0968493793631693));
#6378=CARTESIAN_POINT('',(-0.0188890938674754,0.0101855826624644,0.0965297378493793));
#6379=CARTESIAN_POINT('',(-0.0192308729100262,0.0101530827332099,0.0963656125314835));
#6380=CARTESIAN_POINT('',(-0.019571452473581,0.0101209533030484,0.0961966379423512));
#6381=CARTESIAN_POINT('',(0.0155914125712229,0.0132939658525285,0.0961574812433367));
#6382=CARTESIAN_POINT('',(0.0152477211538948,0.0132851952118485,0.0963206330001771));
#6383=CARTESIAN_POINT('',(0.0149018139104179,0.0132757529969647,0.0964797170689592));
#6384=CARTESIAN_POINT('',(0.0142061515280295,0.0132554397847356,0.0967892437466382));
#6385=CARTESIAN_POINT('',(0.013856435266528,0.0132445539429303,0.0969396782675295));
#6386=CARTESIAN_POINT('',(0.0128019062050683,0.0132096612972739,0.0973775818220065));
#6387=CARTESIAN_POINT('',(0.0120916780329179,0.0131834157751681,0.0976516599724762));
#6388=CARTESIAN_POINT('',(0.00994140580429184,0.013095548553428,0.0984171964077668));
#6389=CARTESIAN_POINT('',(0.00848170487365448,0.0130247759264848,0.0988518360695705));
#6390=CARTESIAN_POINT('',(0.00552449462883145,0.0128595293813936,0.0995544226696371));
#6391=CARTESIAN_POINT('',(0.00402701848522227,0.0127650461974992,0.0998222731677988));
#6392=CARTESIAN_POINT('',(0.00101305487505004,0.0125547726057685,0.100180039636391));
#6393=CARTESIAN_POINT('',(-0.000503327981401983,0.0124390044035784,0.100269889555806));
#6394=CARTESIAN_POINT('',(-0.00353365148795668,0.012190785841791,0.100266932402907));
#6395=CARTESIAN_POINT('',(-0.00504748817574167,0.0120583309637687,0.100174130955945));
#6396=CARTESIAN_POINT('',(-0.008051107576386,0.0117834631446758,0.0998086160924794));
#6397=CARTESIAN_POINT('',(-0.00954083975656952,0.0116410819821935,0.0995359488975865));
#6398=CARTESIAN_POINT('',(-0.0124770423801367,0.0113549964789838,0.0988200903037034));
#6399=CARTESIAN_POINT('',(-0.0139234578296537,0.011211293652041,0.0983770047006129));
#6400=CARTESIAN_POINT('',(-0.0160491756489007,0.0110021259432973,0.0975949067323236));
#6401=CARTESIAN_POINT('',(-0.0167504440247098,0.0109334755832661,0.0973146595833997));
#6402=CARTESIAN_POINT('',(-0.017790435858,0.0108330642471308,0.0968663701436436));
#6403=CARTESIAN_POINT('',(-0.0181351084659187,0.010800023788094,0.0967122919885478));
#6404=CARTESIAN_POINT('',(-0.0188205290700496,0.0107349248311971,0.0963949910580736));
#6405=CARTESIAN_POINT('',(-0.0191613923199998,0.0107028480244215,0.0962317089090627));
#6406=CARTESIAN_POINT('',(-0.0195008115515787,0.0106712095520206,0.096063736200935));
#6407=CARTESIAN_POINT('',(0.0154316218059177,0.0143073101931202,0.0958187371056307));
#6408=CARTESIAN_POINT('',(0.0150904988074127,0.0142987436091828,0.095980877630882));
#6409=CARTESIAN_POINT('',(0.0147473110471496,0.0142895625343164,0.0961388572895089));
#6410=CARTESIAN_POINT('',(0.0140570626953412,0.01426985676827,0.0964461599611326));
#6411=CARTESIAN_POINT('',(0.0137099967579117,0.0142593369916843,0.0965954856208132));
#6412=CARTESIAN_POINT('',(0.0126634151715214,0.0142256428272169,0.0970300537972331));
#6413=CARTESIAN_POINT('',(0.0119585038422478,0.0142003261398548,0.0973018924419494));
#6414=CARTESIAN_POINT('',(0.00982460162162219,0.0141153981404128,0.0980609790274717));
#6415=CARTESIAN_POINT('',(0.00837629924959927,0.0140467602779978,0.0984917392354145));
#6416=CARTESIAN_POINT('',(0.00544302298333129,0.0138862113044305,0.0991885042755691));
#6417=CARTESIAN_POINT('',(0.00395806190663513,0.013794318755383,0.0994543958239472));
#6418=CARTESIAN_POINT('',(0.000970055213469415,0.0135899079023497,0.0998107058140125));
#6419=CARTESIAN_POINT('',(-0.000532902779553016,0.0134773934452434,0.0999010658479426));
#6420=CARTESIAN_POINT('',(-0.0035357400342703,0.0132362942676087,0.0999019158846578));
#6421=CARTESIAN_POINT('',(-0.00503552347595009,0.013107706547673,0.0998124141851216));
#6422=CARTESIAN_POINT('',(-0.00801070645312627,0.0128409834472159,0.0994563455653553));
#6423=CARTESIAN_POINT('',(-0.00948604913861939,0.0127028711663112,0.0991898357431756));
#6424=CARTESIAN_POINT('',(-0.0123933682229719,0.0124253616851497,0.0984888564403012));
#6425=CARTESIAN_POINT('',(-0.0138252499657628,0.0122859569541292,0.0980545266209149));
#6426=CARTESIAN_POINT('',(-0.0159294582778051,0.0120831131386527,0.0972865816694954));
#6427=CARTESIAN_POINT('',(-0.0166235811240376,0.0120165642036711,0.0970112250956171));
#6428=CARTESIAN_POINT('',(-0.0176534536789937,0.01191926413947,0.0965701066935792));
#6429=CARTESIAN_POINT('',(-0.0179948639010175,0.0118872522580178,0.0964183854162998));
#6430=CARTESIAN_POINT('',(-0.0186743569994397,0.0118241420861767,0.0961055520657162));
#6431=CARTESIAN_POINT('',(-0.0190123710209943,0.0117930550531968,0.0959444706465357));
#6432=CARTESIAN_POINT('',(-0.0193492427821036,0.0117624061278037,0.095778579200763));
#6433=CARTESIAN_POINT('',(0.0153475901411616,0.014809462137774,0.0956405964367165));
#6434=CARTESIAN_POINT('',(0.0150079011565267,0.0148009992227218,0.0958021573313535));
#6435=CARTESIAN_POINT('',(0.0146661865138646,0.0147919483467295,0.0959595124054955));
#6436=CARTESIAN_POINT('',(0.0139788666412271,0.0147725592684663,0.0962655390610874));
#6437=CARTESIAN_POINT('',(0.0136332778275532,0.0147622188965202,0.096414207512812));
#6438=CARTESIAN_POINT('',(0.0125910990050745,0.0147291283675396,0.0968467974428668));
#6439=CARTESIAN_POINT('',(0.0118891119527195,0.0147042854568318,0.0971173023910085));
#6440=CARTESIAN_POINT('',(0.0097641497388237,0.0146208508552276,0.0978725249058583));
#6441=CARTESIAN_POINT('',(0.00832203242240159,0.0145532916104003,0.0983009192191535));
#6442=CARTESIAN_POINT('',(0.00540171750764457,0.0143950988639664,0.0989940607127202));
#6443=CARTESIAN_POINT('',(0.00392351804102558,0.0143045066174959,0.0992586834516365));
#6444=CARTESIAN_POINT('',(0.000949495012270221,0.0141030510280807,0.0996138933275194));
#6445=CARTESIAN_POINT('',(-0.000546250620132458,0.0139921869990518,0.0997044229168477));
#6446=CARTESIAN_POINT('',(-0.0035343803610482,0.0137547089260406,0.099707224241409));
#6447=CARTESIAN_POINT('',(-0.00502667618878709,0.0136280934594461,0.0996195045311949));
#6448=CARTESIAN_POINT('',(-0.00798679643700401,0.0133655062077361,0.0992685993145387));
#6449=CARTESIAN_POINT('',(-0.00945456197125806,0.0132295530219123,0.0990054778709998));
#6450=CARTESIAN_POINT('',(-0.0123468019647365,0.0129563209717616,0.0983126103183793));
#6451=CARTESIAN_POINT('',(-0.0137711433638901,0.0128190270925096,0.0978830315160762));
#6452=CARTESIAN_POINT('',(-0.015864443120493,0.0126192141262708,0.0971225297997258));
#6453=CARTESIAN_POINT('',(-0.0165550045726656,0.012553655741524,0.0968496959546241));
#6454=CARTESIAN_POINT('',(-0.0175799397422856,0.0124578040674038,0.0964121938467658));
#6455=CARTESIAN_POINT('',(-0.0179197853168298,0.0124262663819018,0.0962616444338127));
#6456=CARTESIAN_POINT('',(-0.0185962448716108,0.012364114073981,0.0959511097261682));
#6457=CARTESIAN_POINT('',(-0.0189328663682796,0.0123334968655892,0.0957911170716876));
#6458=CARTESIAN_POINT('',(-0.0192683149346309,0.0123033464546146,0.0956263239420074));
#6459=CARTESIAN_POINT('',(0.0150831504525051,0.0163024199393142,0.0950800046269331));
#6460=CARTESIAN_POINT('',(0.014748242461754,0.0162942726883454,0.0952395909198053));
#6461=CARTESIAN_POINT('',(0.0144112564162017,0.0162856258949781,0.0953948787533756));
#6462=CARTESIAN_POINT('',(0.01373345424633,0.0162672050033307,0.0956966345882532));
#6463=CARTESIAN_POINT('',(0.0133926257561179,0.0162574269288076,0.0958431048727326));
#6464=CARTESIAN_POINT('',(0.0123647586276973,0.0162261432904263,0.0962690510087273));
#6465=CARTESIAN_POINT('',(0.0116723393654117,0.0162026761467314,0.0965350601507648));
#6466=CARTESIAN_POINT('',(0.00957649724978423,0.0161235811131357,0.0972772808236316));
#6467=CARTESIAN_POINT('',(0.00815441848142555,0.0160591545736101,0.0976977077162378));
#6468=CARTESIAN_POINT('',(0.00527587679798281,0.0159079301263239,0.0983784947498963));
#6469=CARTESIAN_POINT('',(0.00381937609153034,0.0158212300931691,0.0986387006557428));
#6470=CARTESIAN_POINT('',(0.000890056268291781,0.0156286729330727,0.0989897948272673));
#6471=CARTESIAN_POINT('',(-0.000582703078796448,0.0155228066430909,0.0990806261519498));
#6472=CARTESIAN_POINT('',(-0.00352414946636268,0.0152963168159017,0.0990892946578397));
#6473=CARTESIAN_POINT('',(-0.00499275974440086,0.0151756954554517,0.0990071409821174));
#6474=CARTESIAN_POINT('',(-0.0079054604809989,0.0149256544387943,0.0986724812153453));
#6475=CARTESIAN_POINT('',(-0.00934947795980508,0.0147962436261181,0.0984200590445228));
#6476=CARTESIAN_POINT('',(-0.0121948216381486,0.0145358879149945,0.0977526441731264));
#6477=CARTESIAN_POINT('',(-0.0135959125910186,0.0144048988219898,0.0973378946664798));
#6478=CARTESIAN_POINT('',(-0.0156560244375139,0.0142139628892778,0.0966003582983363));
#6479=CARTESIAN_POINT('',(-0.016335852467298,0.0141512679967139,0.0963352568683282));
#6480=CARTESIAN_POINT('',(-0.0173456340050365,0.0140596301204685,0.0959089188795225));
#6481=CARTESIAN_POINT('',(-0.0176805863020559,0.0140294851300269,0.0957620184410239));
#6482=CARTESIAN_POINT('',(-0.018347535982998,0.0139701467347465,0.0954586094349624));
#6483=CARTESIAN_POINT('',(-0.0186795358492967,0.0139409566800706,0.0953021044293937));
#6484=CARTESIAN_POINT('',(-0.019010242245971,0.0139123098544932,0.0951407936181852));
#6485=CARTESIAN_POINT('',(0.0148903977342168,0.0172797277637795,0.0946713836830236));
#6486=CARTESIAN_POINT('',(0.0145591545720269,0.0172717968001152,0.0948294143139258));
#6487=CARTESIAN_POINT('',(0.0142258397240759,0.0172634897594919,0.0949830391496028));
#6488=CARTESIAN_POINT('',(0.0135553621791333,0.0172457666076124,0.0952813618725249));
#6489=CARTESIAN_POINT('',(0.0132182036499898,0.0172363579476686,0.0954260632581453));
#6490=CARTESIAN_POINT('',(0.0122013696418568,0.0172062781155699,0.0958466218228737));
#6491=CARTESIAN_POINT('',(0.0115163488568571,0.0171837044803659,0.0961089589322773));
#6492=CARTESIAN_POINT('',(0.0094429679678681,0.0171073382487684,0.096840617826955));
#6493=CARTESIAN_POINT('',(0.00803624179441581,0.0170448275796289,0.0972546026863834));
#6494=CARTESIAN_POINT('',(0.0051894100450039,0.0168980846813621,0.0979252179268774));
#6495=CARTESIAN_POINT('',(0.0037492576310758,0.0168139594989042,0.0981816846302817));
#6496=CARTESIAN_POINT('',(0.000853402593999544,0.0166273702178632,0.0985289677314568));
#6497=CARTESIAN_POINT('',(-0.000602246274876572,0.0165248956323968,0.0986197284115515));
#6498=CARTESIAN_POINT('',(-0.00350917260385579,0.0163058937824744,0.0986323173428276));
#6499=CARTESIAN_POINT('',(-0.0049603762294576,0.016189370124479,0.0985541564509105));
#6500=CARTESIAN_POINT('',(-0.00783851362782257,0.0159478788359758,0.0982312946652044));
#6501=CARTESIAN_POINT('',(-0.00926536401509636,0.0158229183143462,0.0979866881989391));
#6502=CARTESIAN_POINT('',(-0.0120772705710593,0.0155712093535955,0.0973376767875622));
#6503=CARTESIAN_POINT('',(-0.0134620844360548,0.0154443786898916,0.0969335433294747));
#6504=CARTESIAN_POINT('',(-0.0154993947867575,0.0152590686201784,0.0962122192233082));
#6505=CARTESIAN_POINT('',(-0.016171919906625,0.0151981480550438,0.0959525473623633));
#6506=CARTESIAN_POINT('',(-0.0171710299861742,0.0151091514849961,0.0955341373223453));
#6507=CARTESIAN_POINT('',(-0.0175024671011336,0.015079885661499,0.0953898433051858));
#6508=CARTESIAN_POINT('',(-0.0181623235257352,0.0150223657540215,0.0950915657747975));
#6509=CARTESIAN_POINT('',(-0.0184907427544585,0.0149941088233285,0.0949375725400401));
#6510=CARTESIAN_POINT('',(-0.0188178082585424,0.0149664753470063,0.0947787540055634));
#6511=CARTESIAN_POINT('',(0.0144723152561918,0.0191986827636147,0.093785080971863));
#6512=CARTESIAN_POINT('',(0.0141492704108039,0.0191911938537658,0.0939395624002071));
#6513=CARTESIAN_POINT('',(0.0138241769956417,0.0191833602358179,0.094089411867713));
#6514=CARTESIAN_POINT('',(0.0131701695694812,0.0191668023761033,0.0943799596584319));
#6515=CARTESIAN_POINT('',(0.0128412567252371,0.0191580621241472,0.0945206616011337));
#6516=CARTESIAN_POINT('',(0.0118492890845932,0.0191299187016519,0.0949292849973324));
#6517=CARTESIAN_POINT('',(0.0111810139567429,0.0191085615449259,0.0951837487899143));
#6518=CARTESIAN_POINT('',(0.00915839637244846,0.0190360783871692,0.0958928389172831));
#6519=CARTESIAN_POINT('',(0.00778617423359736,0.0189766906856102,0.0962930722454853));
#6520=CARTESIAN_POINT('',(0.00500986688064128,0.0188381937745464,0.0969416632000451));
#6521=CARTESIAN_POINT('',(0.0036057612284159,0.0187591062400959,0.0971899018047868));
#6522=CARTESIAN_POINT('',(0.00078320646578509,0.0185843855561271,0.0975283987824357));
#6523=CARTESIAN_POINT('',(-0.000635200198019245,0.0184887382919207,0.0976186088940281));
#6524=CARTESIAN_POINT('',(-0.00346735135606696,0.0182848657804114,0.097638552802712));
#6525=CARTESIAN_POINT('',(-0.004881030465568,0.0181766474437674,0.0975682987936155));
#6526=CARTESIAN_POINT('',(-0.0076849571048719,0.0179526133784266,0.0972690344207304));
#6527=CARTESIAN_POINT('',(-0.00907511424941809,0.0178368094412672,0.097040119011328));
#6528=CARTESIAN_POINT('',(-0.0118157304284412,0.0176032156859083,0.0964280642972004));
#6529=CARTESIAN_POINT('',(-0.0131660241267788,0.017485305470262,0.0960451840232144));
#6530=CARTESIAN_POINT('',(-0.0151540972336709,0.0173121008668825,0.0953571723559979));
#6531=CARTESIAN_POINT('',(-0.0158106328229841,0.0172549944857354,0.0951088365437378));
#6532=CARTESIAN_POINT('',(-0.0167859977076953,0.0171715834435056,0.0947073178962453));
#6533=CARTESIAN_POINT('',(-0.0171095512452691,0.0171441622117545,0.0945686363694862));
#6534=CARTESIAN_POINT('',(-0.0177535532625931,0.0170904053139523,0.0942814358686003));
#6535=CARTESIAN_POINT('',(-0.0180740029785038,0.0170640727035294,0.094132920909738));
#6536=CARTESIAN_POINT('',(-0.0183929225175153,0.0170384730648874,0.093979386538593));
#6537=CARTESIAN_POINT('',(0.0142469076200006,0.0201402581365026,0.0933072341125149));
#6538=CARTESIAN_POINT('',(0.0139284329937294,0.0201329953680334,0.0934597054524863));
#6539=CARTESIAN_POINT('',(0.0136077975510609,0.0201258020276524,0.093607219817003));
#6540=CARTESIAN_POINT('',(0.0129628385590075,0.0201100855560699,0.0938932543256677));
#6541=CARTESIAN_POINT('',(0.0126385211858511,0.0201015579743383,0.0940317849698153));
#6542=CARTESIAN_POINT('',(0.0116604588501498,0.0200738652057754,0.0944340454134983));
#6543=CARTESIAN_POINT('',(0.0110015950448923,0.0200526184926329,0.0946844373613744));
#6544=CARTESIAN_POINT('',(0.00900735114598267,0.0199810383281838,0.0953816870219588));
#6545=CARTESIAN_POINT('',(0.00765426778889733,0.0199228791233362,0.0957745980254115));
#6546=CARTESIAN_POINT('',(0.00491677596323888,0.0197881337950132,0.0964113327079304));
#6547=CARTESIAN_POINT('',(0.00353237002824504,0.019711512094716,0.0966550724503595));
#6548=CARTESIAN_POINT('',(0.000749656813318427,0.0195426930788894,0.0969885840416194));
#6549=CARTESIAN_POINT('',(-0.000648612672881548,0.0194504826664116,0.0970783113620436));
#6550=CARTESIAN_POINT('',(-0.00344049760767272,0.0192542571491203,0.0971016903590601));
#6551=CARTESIAN_POINT('',(-0.0048340524668199,0.0191502504653374,0.0970353539305845));
#6552=CARTESIAN_POINT('',(-0.00759831316503928,0.0189351390505268,0.0967479023971649));
#6553=CARTESIAN_POINT('',(-0.00896893096942865,0.0188240530040368,0.0965268734585716));
#6554=CARTESIAN_POINT('',(-0.0116716391614276,0.0185999751118564,0.09593339299554));
#6555=CARTESIAN_POINT('',(-0.0130036124154891,0.0184868934382317,0.0955611600640806));
#6556=CARTESIAN_POINT('',(-0.014965230687518,0.0183202173476125,0.0948902303620969));
#6557=CARTESIAN_POINT('',(-0.0156131172031434,0.0182651342548042,0.0946477969620828));
#6558=CARTESIAN_POINT('',(-0.0165755072188776,0.0181845632486769,0.0942552127569315));
#6559=CARTESIAN_POINT('',(-0.0168947316446548,0.0181580632027393,0.0941195173184367));
#6560=CARTESIAN_POINT('',(-0.0175299662003343,0.0181061842979915,0.0938382037751066));
#6561=CARTESIAN_POINT('',(-0.0178459741365971,0.0180808064172672,0.0936925815417438));
#6562=CARTESIAN_POINT('',(-0.0181603615703923,0.0180562272193503,0.0935418532507762));
#6563=CARTESIAN_POINT('',(0.0139742317604067,0.0211803639842245,0.0927291822535425));
#6564=CARTESIAN_POINT('',(0.0136613901680064,0.0211733598019348,0.092879143735828));
#6565=CARTESIAN_POINT('',(0.0133465300578268,0.0211658839570027,0.0930243872861072));
#6566=CARTESIAN_POINT('',(0.0127132086240403,0.0211494708444785,0.093305986345934));
#6567=CARTESIAN_POINT('',(0.0123947098079759,0.0211406602389838,0.0934422619634216));
#6568=CARTESIAN_POINT('',(0.0114340924837007,0.0211123733682986,0.093837683180278));
#6569=CARTESIAN_POINT('',(0.0107868428551816,0.0210910735910407,0.0940834163021912));
#6570=CARTESIAN_POINT('',(0.0088275011906354,0.0210201219086341,0.094767024915266));
#6571=CARTESIAN_POINT('',(0.00749778405612108,0.0209634030799678,0.0951513293834362));
#6572=CARTESIAN_POINT('',(0.00480752849005675,0.0208328797248406,0.0957741458984427));
#6573=CARTESIAN_POINT('',(0.0034469900691635,0.0207590647423597,0.0960125601759027));
#6574=CARTESIAN_POINT('',(0.000712370011922357,0.020596927482944,0.0963399975965915));
#6575=CARTESIAN_POINT('',(-0.00066168191379327,0.0205086041917764,0.0964289722241457));
#6576=CARTESIAN_POINT('',(-0.00340525598218676,0.0203210274970959,0.096455804010392));
#6577=CARTESIAN_POINT('',(-0.00477472507571709,0.0202217835746134,0.0963936725589889));
#6578=CARTESIAN_POINT('',(-0.00749151366103974,0.020016841900273,0.0961190838138965));
#6579=CARTESIAN_POINT('',(-0.00883875456730335,0.0199111642192507,0.0959067046475502));
#6580=CARTESIAN_POINT('',(-0.0114958359146335,0.0196983312562862,0.0953336338184741));
#6581=CARTESIAN_POINT('',(-0.0128055874157137,0.0195911464189226,0.0949731050751501));
#6582=CARTESIAN_POINT('',(-0.0147345322803866,0.0194332116937007,0.0943208926170156));
#6583=CARTESIAN_POINT('',(-0.0153716324268764,0.0193810127622826,0.0940849026672367));
#6584=CARTESIAN_POINT('',(-0.0163178566678378,0.0193043763346299,0.093702275734655));
#6585=CARTESIAN_POINT('',(-0.0166316949272472,0.0192791143908301,0.0935699519396063));
#6586=CARTESIAN_POINT('',(-0.0172560872246231,0.0192295710542159,0.0932954240214243));
#6587=CARTESIAN_POINT('',(-0.0175666402279718,0.0192052922363291,0.0931532177301582));
#6588=CARTESIAN_POINT('',(-0.0178754444818662,0.0191818588954507,0.0930058186669815));
#6589=CARTESIAN_POINT('',(0.0139433516771859,0.0212968412747396,0.0926637188511805));
#6590=CARTESIAN_POINT('',(0.0136311492853491,0.0212898661738357,0.092813395111677));
#6591=CARTESIAN_POINT('',(0.0133169678359972,0.0212822756375884,0.0929584305732122));
#6592=CARTESIAN_POINT('',(0.0126849644918233,0.0212657947991234,0.0932395226518587));
#6593=CARTESIAN_POINT('',(0.0123671281588185,0.0212569443019184,0.0933755482215606));
#6594=CARTESIAN_POINT('',(0.0114084906783544,0.0212285889316601,0.0937701983832069));
#6595=CARTESIAN_POINT('',(0.0107625588465167,0.0212072815487105,0.0940154067480175));
#6596=CARTESIAN_POINT('',(0.00880717539729214,0.0211363999021718,0.0946974764203266));
#6597=CARTESIAN_POINT('',(0.00748010688502317,0.021079843200902,0.0950808096401952));
#6598=CARTESIAN_POINT('',(0.00479520334510747,0.0209497945992795,0.0957020549283832));
#6599=CARTESIAN_POINT('',(0.00343736793498979,0.0208762950352923,0.0959398676326084));
#6600=CARTESIAN_POINT('',(0.000708192135538352,0.0207149084473501,0.0962666164812011));
#6601=CARTESIAN_POINT('',(-0.000663119464094361,0.0206270217007543,0.0963555036375016));
#6602=CARTESIAN_POINT('',(-0.00340122843953045,0.0204404163334243,0.0963827172458197));
#6603=CARTESIAN_POINT('',(-0.00476797364131235,0.0203417072612439,0.096321055008553));
#6604=CARTESIAN_POINT('',(-0.00747939362788684,0.0201379086001774,0.0960479043570359));
#6605=CARTESIAN_POINT('',(-0.00882399097124404,0.020032839126606,0.0958364931725803));
#6606=CARTESIAN_POINT('',(-0.0114759093379445,0.0198212749383705,0.0952657068998666));
#6607=CARTESIAN_POINT('',(-0.0127831443677158,0.0197147574005939,0.094906488513502));
#6608=CARTESIAN_POINT('',(-0.0147083815096659,0.0195578224249643,0.0942563698442422));
#6609=CARTESIAN_POINT('',(-0.0153442560624477,0.0195059559286819,0.0940210999936277));
#6610=CARTESIAN_POINT('',(-0.0162886430838938,0.0194297737690702,0.0936395879060485));
#6611=CARTESIAN_POINT('',(-0.0166018692924287,0.0194046546097021,0.0935076421164489));
#6612=CARTESIAN_POINT('',(-0.017225030603731,0.0193553772953569,0.0932338778516369));
#6613=CARTESIAN_POINT('',(-0.0175349647254681,0.0193312218052381,0.0930920571254197));
#6614=CARTESIAN_POINT('',(-0.017843135785038,0.0193079170667049,0.092945034040314));
#6615=CARTESIAN_POINT('',(0.0139122329619981,0.021412920746822,0.0925977495673944));
#6616=CARTESIAN_POINT('',(0.0136006765716971,0.0214059747785238,0.0927471371553709));
#6617=CARTESIAN_POINT('',(0.0132871789214248,0.0213982792934708,0.0928919581410053));
#6618=CARTESIAN_POINT('',(0.0126565067136454,0.0213817356192161,0.0931725372767161));
#6619=CARTESIAN_POINT('',(0.0123393388734262,0.021372849170524,0.0933083091318651));
#6620=CARTESIAN_POINT('',(0.0113827006343707,0.0213444306063307,0.0937021810145294));
#6621=CARTESIAN_POINT('',(0.010738099603098,0.0213231173180273,0.0939468610697555));
#6622=CARTESIAN_POINT('',(0.00878671294425155,0.0212523097875082,0.0946273819777196));
#6623=CARTESIAN_POINT('',(0.00746231821033027,0.0211959164912217,0.0950097387086923));
#6624=CARTESIAN_POINT('',(0.00478281540278569,0.0210663446468556,0.0956294038359739));
#6625=CARTESIAN_POINT('',(0.00342770650757738,0.020993161067456,0.0958666113211315));
#6626=CARTESIAN_POINT('',(0.000704020123757247,0.0208325259646481,0.0961926650240235));
#6627=CARTESIAN_POINT('',(-0.000664529503087667,0.0207450759682776,0.0962814617570285));
#6628=CARTESIAN_POINT('',(-0.00339713159000412,0.0205594422749991,0.0963090513097721));
#6629=CARTESIAN_POINT('',(-0.00476113277875112,0.0204612681587782,0.096247855349417));
#6630=CARTESIAN_POINT('',(-0.0074671444254596,0.0202586135344133,0.0959761366961894));
#6631=CARTESIAN_POINT('',(-0.00880907867929753,0.0201541530425427,0.0957656903860745));
#6632=CARTESIAN_POINT('',(-0.0114557924498236,0.019943863105609,0.0951971820318449));
#6633=CARTESIAN_POINT('',(-0.0127604888394532,0.0198380171600333,0.0948392707265677));
#6634=CARTESIAN_POINT('',(-0.0146819777228184,0.0196820996942573,0.0941912379084627));
#6635=CARTESIAN_POINT('',(-0.0153166116908488,0.0196305742499722,0.0939566845275339));
#6636=CARTESIAN_POINT('',(-0.0162591378000363,0.019554861916613,0.0935762819571547));
#6637=CARTESIAN_POINT('',(-0.0165717439617101,0.0195298909272261,0.0934447125836801));
#6638=CARTESIAN_POINT('',(-0.0171936595264087,0.0194808863290397,0.0931717118018268));
#6639=CARTESIAN_POINT('',(-0.0175029682308764,0.019456854570029,0.0930302785031291));
#6640=CARTESIAN_POINT('',(-0.0178104997564154,0.0194336783869246,0.0928836335812896));
#6641=CARTESIAN_POINT('',(0.014105687616547,0.0206741140098323,0.0930078585622137));
#6642=CARTESIAN_POINT('',(0.0128991749593845,0.020495796614024,0.0936856555130687));
#6643=CARTESIAN_POINT('',(0.0104636517387099,0.0200222564064052,0.0949426113143444));
#6644=CARTESIAN_POINT('',(0.0072312231349592,0.0195394614707117,0.0961056796136207));
#6645=CARTESIAN_POINT('',(0.00446485730074017,0.0194337490500095,0.0966659461103111));
#6646=CARTESIAN_POINT('',(0.00239569775191521,0.0194741743724977,0.0968921036181514));
#6647=CARTESIAN_POINT('',(0.000314530667217941,0.0195608891806802,0.0969716303628437));
#6648=CARTESIAN_POINT('',(-0.00246762763305493,0.0196183719401506,0.0969503773242428));
#6649=CARTESIAN_POINT('',(-0.00595608524597549,0.0195716187505551,0.0966880430211541));
#6650=CARTESIAN_POINT('',(-0.0114037900379816,0.0193618511234646,0.0957242476124945));
#6651=CARTESIAN_POINT('',(-0.0153776315457634,0.0192520216446473,0.0942712265486295));
#6652=CARTESIAN_POINT('',(-0.0178249168220954,0.0193780212912884,0.0929107574244146));
#6653=CARTESIAN_POINT('',(-0.0196369028521933,0.00956600032543315,0.0963197743489466));
#6654=CARTESIAN_POINT('',(-0.0169023840488758,0.00982692238487794,0.0976800714229243));
#6655=CARTESIAN_POINT('',(-0.0111518576945844,0.0104232317983977,0.0998311811185182));
#6656=CARTESIAN_POINT('',(-0.00200014184609739,0.0112957086800583,0.100970884526875));
#6657=CARTESIAN_POINT('',(0.00717304434975177,0.0119539379123086,0.0998706078380823));
#6658=CARTESIAN_POINT('',(0.0129697374933328,0.0121952780195801,0.0977825893578238));
#6659=CARTESIAN_POINT('',(0.0157387731062436,0.0122670399535087,0.0964698742484774));
#6660=CARTESIAN_POINT('',(0.00912042556795528,0.,0.0120274525370933));
#6661=CARTESIAN_POINT('',(0.,0.,0.));
#6662=CARTESIAN_POINT('',(1.27373113433937E-17,0.,-0.104008040132567));
#6663=CARTESIAN_POINT('',(-0.0814829960399713,0.,0.0370867175251153));
#6664=CARTESIAN_POINT('',(-0.0795476537360781,0.,0.0403901202524205));
#6665=CARTESIAN_POINT('',(-0.0758582564188679,0.,0.0475411751639181));
#6666=CARTESIAN_POINT('',(-0.0677488475745164,0.,0.0572484515760037));
#6667=CARTESIAN_POINT('',(-0.0638269421216177,0.,0.0648150901477362));
#6668=CARTESIAN_POINT('',(-0.0554749028200979,0.,0.0778378371882484));
#6669=CARTESIAN_POINT('',(-0.0492655664418763,0.,0.084912707224006));
#6670=CARTESIAN_POINT('',(-0.0417768440811137,0.,0.0945705359443639));
#6671=CARTESIAN_POINT('',(-0.031174044394552,0.,0.101629130505805));
#6672=CARTESIAN_POINT('',(-0.0205764444228624,0.,0.108326723790317));
#6673=CARTESIAN_POINT('',(-0.0120561644686894,0.,0.117027323789839));
#6674=CARTESIAN_POINT('',(-0.00468674326690645,0.,0.125979666779296));
#6675=CARTESIAN_POINT('',(-0.00540404154508748,0.,0.16435217754521));
#6676=CARTESIAN_POINT('',(-0.00142867752061684,0.,0.120367415523027));
#6677=CARTESIAN_POINT('',(0.00869831795105684,0.,0.108556052237257));
#6678=CARTESIAN_POINT('',(0.032769257554848,0.,0.0996511236936843));
#6679=CARTESIAN_POINT('',(0.0444020278156547,0.,0.0881743176779636));
#6680=CARTESIAN_POINT('',(0.0569882180608328,0.,0.0737311512379387));
#6681=CARTESIAN_POINT('',(0.0671392087574052,0.,0.0549827868609351));
#6682=CARTESIAN_POINT('',(0.0703313589088535,0.,0.0344367625526273));
#6683=CARTESIAN_POINT('',(0.0767614059087971,0.,0.0126244172957181));
#6684=CARTESIAN_POINT('',(0.0810896214618742,0.,-0.00446916203916303));
#6685=CARTESIAN_POINT('',(0.117608933749254,0.,0.00253834619364969));
#6686=CARTESIAN_POINT('',(0.0994587657440471,0.,-0.00486085680912137));
#6687=CARTESIAN_POINT('',(0.0837398948827898,0.,-0.00886219269082425));
#6688=CARTESIAN_POINT('',(0.075772879221537,0.,-0.0287059783195714));
#6689=CARTESIAN_POINT('',(0.0712981818870722,0.,-0.0429082862254326));
#6690=CARTESIAN_POINT('',(0.0646880372080357,0.,-0.0589126595610303));
#6691=CARTESIAN_POINT('',(0.059805983603847,0.,-0.0683280355970955));
#6692=CARTESIAN_POINT('',(0.0471466280477889,0.,-0.0879206610173161));
#6693=CARTESIAN_POINT('',(0.0380146274823005,0.,-0.0971209726175112));
#6694=CARTESIAN_POINT('',(0.0270464975087177,0.,-0.106837001689097));
#6695=CARTESIAN_POINT('',(0.0114584711220666,0.,-0.114746300913702));
#6696=CARTESIAN_POINT('',(0.00216979832698906,0.,-0.121530261953406));
#6697=CARTESIAN_POINT('',(-0.0200682150487396,0.,-0.14029724978958));
#6698=CARTESIAN_POINT('',(-0.0200681804504485,0.,-0.140297272471023));
#6699=CARTESIAN_POINT('',(-0.00748579605887242,0.,-0.127007855129973));
#6700=CARTESIAN_POINT('',(-0.0121536153074756,0.,-0.112804367216957));
#6701=CARTESIAN_POINT('',(-0.0269126744890178,0.,-0.106655355359587));
#6702=CARTESIAN_POINT('',(-0.0421397852881935,0.,-0.0915995608038448));
#6703=CARTESIAN_POINT('',(-0.0508382752602033,0.,-0.0806681068918513));
#6704=CARTESIAN_POINT('',(-0.0588859643408744,0.,-0.0667741451012777));
#6705=CARTESIAN_POINT('',(-0.0670075206878497,0.,-0.0442950559967185));
#6706=CARTESIAN_POINT('',(-0.0705245955720599,0.,-0.020803805235471));
#6707=CARTESIAN_POINT('',(-0.072428683922903,0.,-0.00626186126255457));
#6708=CARTESIAN_POINT('',(-0.0719877603128706,0.,0.0179827760452028));
#6709=CARTESIAN_POINT('',(-0.0734554408391825,0.,0.0273751715201983));
#6710=CARTESIAN_POINT('',(-0.0832578766068986,0.,0.0273522820729745));
#6711=CARTESIAN_POINT('',(-0.0993680826133435,0.,0.00483212780450821));
#6712=CARTESIAN_POINT('',(-0.0879787570948592,0.,0.0269910352582023));
#6713=CARTESIAN_POINT('',(-0.0835853967325298,0.,0.0334981656871714));
#6714=CARTESIAN_POINT('',(-0.0814829960399713,0.,0.0370867175251153));
#6715=CARTESIAN_POINT('',(-0.0814829960399713,0.,0.0370867175251153));
#6716=CARTESIAN_POINT('',(-0.0252552126637218,-0.043942,-0.0985925361424446));
#6717=CARTESIAN_POINT('',(-0.0252552126637218,-0.0381,-0.0985925361424446));
#6718=CARTESIAN_POINT('',(1.69135538907739E-17,-0.043942,-0.106715792127628));
#6719=CARTESIAN_POINT('',(1.69135538907739E-17,-0.0381,-0.106715792127628));
#6720=CARTESIAN_POINT('',(0.0252552126637218,-0.043942,-0.0985925361424445));
#6721=CARTESIAN_POINT('',(0.0252552126637218,-0.0381,-0.0985925361424445));
#6722=CARTESIAN_POINT('',(0.0466655481384648,-0.043942,-0.0754594602731397));
#6723=CARTESIAN_POINT('',(0.0466655481384648,-0.0381,-0.0754594602731397));
#6724=CARTESIAN_POINT('',(0.0609714769333739,-0.043942,-0.04083836561896));
#6725=CARTESIAN_POINT('',(0.0609714769333739,-0.0381,-0.04083836561896));
#6726=CARTESIAN_POINT('',(0.0659950510729914,-0.043942,-2.81892564846231E-17));
#6727=CARTESIAN_POINT('',(0.0659950510729914,-0.0381,-2.81892564846231E-17));
#6728=CARTESIAN_POINT('',(0.0609714769333739,-0.043942,0.0408383656189601));
#6729=CARTESIAN_POINT('',(0.0609714769333739,-0.0381,0.0408383656189601));
#6730=CARTESIAN_POINT('',(0.0466655481384647,-0.043942,0.0754594602731398));
#6731=CARTESIAN_POINT('',(0.0466655481384647,-0.0381,0.0754594602731398));
#6732=CARTESIAN_POINT('',(0.0252552126637219,-0.043942,0.0985925361424444));
#6733=CARTESIAN_POINT('',(0.0252552126637219,-0.0381,0.0985925361424444));
#6734=CARTESIAN_POINT('',(-8.90696436894075E-17,-0.043942,0.106715792127628));
#6735=CARTESIAN_POINT('',(-8.90696436894075E-17,-0.0381,0.106715792127628));
#6736=CARTESIAN_POINT('',(-0.0252552126637216,-0.043942,0.0985925361424447));
#6737=CARTESIAN_POINT('',(-0.0252552126637216,-0.0381,0.0985925361424447));
#6738=CARTESIAN_POINT('',(-0.0466655481384649,-0.043942,0.0754594602731395));
#6739=CARTESIAN_POINT('',(-0.0466655481384649,-0.0381,0.0754594602731395));
#6740=CARTESIAN_POINT('',(-0.0609714769333738,-0.043942,0.0408383656189604));
#6741=CARTESIAN_POINT('',(-0.0609714769333738,-0.0381,0.0408383656189604));
#6742=CARTESIAN_POINT('',(-0.0659950510729915,-0.043942,-4.08527378592538E-16));
#6743=CARTESIAN_POINT('',(-0.0659950510729915,-0.0381,-4.08527378592538E-16));
#6744=CARTESIAN_POINT('',(-0.0609714769333739,-0.043942,-0.0408383656189598));
#6745=CARTESIAN_POINT('',(-0.0609714769333739,-0.0381,-0.0408383656189598));
#6746=CARTESIAN_POINT('',(-0.046665548138465,-0.043942,-0.0754594602731394));
#6747=CARTESIAN_POINT('',(-0.046665548138465,-0.0381,-0.0754594602731394));
#6748=CARTESIAN_POINT('',(-0.0252552126637218,-0.043942,-0.0985925361424446));
#6749=CARTESIAN_POINT('',(-0.0252552126637218,-0.0381,-0.0985925361424446));
#6750=CARTESIAN_POINT('',(1.69135538907739E-17,-0.043942,-0.106715792127628));
#6751=CARTESIAN_POINT('',(1.69135538907739E-17,-0.0381,-0.106715792127628));
#6752=CARTESIAN_POINT('',(0.0252552126637218,-0.043942,-0.0985925361424445));
#6753=CARTESIAN_POINT('',(0.0252552126637218,-0.0381,-0.0985925361424445));
#6754=CARTESIAN_POINT('',(0.,-0.043942,0.));
#6755=CARTESIAN_POINT('',(1.27373113433937E-17,-0.043942,-0.104008040132567));
#6756=CARTESIAN_POINT('',(0.,-0.0381,0.));
#6757=CARTESIAN_POINT('',(1.27373113433937E-17,-0.0381,-0.104008040132567));
#6758=CARTESIAN_POINT('',(-0.0814829960399713,-0.043942,0.0370867175251153));
#6759=CARTESIAN_POINT('',(-0.0814829960399713,-6.24500451351651E-17,0.0370867175251153));
#6760=CARTESIAN_POINT('',(-0.0795476537360781,-0.043942,0.0403901202524205));
#6761=CARTESIAN_POINT('',(-0.0795476537360781,-6.24500451351651E-17,0.0403901202524205));
#6762=CARTESIAN_POINT('',(-0.0758582564188679,-0.043942,0.0475411751639181));
#6763=CARTESIAN_POINT('',(-0.0758582564188679,-6.24500451351651E-17,0.0475411751639181));
#6764=CARTESIAN_POINT('',(-0.0677488475745164,-0.043942,0.0572484515760037));
#6765=CARTESIAN_POINT('',(-0.0677488475745164,-6.24500451351651E-17,0.0572484515760037));
#6766=CARTESIAN_POINT('',(-0.0638269421216177,-0.043942,0.0648150901477362));
#6767=CARTESIAN_POINT('',(-0.0638269421216177,-6.24500451351651E-17,0.0648150901477362));
#6768=CARTESIAN_POINT('',(-0.0554749028200979,-0.043942,0.0778378371882484));
#6769=CARTESIAN_POINT('',(-0.0554749028200979,-6.24500451351651E-17,0.0778378371882484));
#6770=CARTESIAN_POINT('',(-0.0492655664418763,-0.043942,0.084912707224006));
#6771=CARTESIAN_POINT('',(-0.0492655664418763,-6.24500451351651E-17,0.084912707224006));
#6772=CARTESIAN_POINT('',(-0.0417768440811137,-0.043942,0.0945705359443639));
#6773=CARTESIAN_POINT('',(-0.0417768440811137,-6.24500451351651E-17,0.0945705359443639));
#6774=CARTESIAN_POINT('',(-0.031174044394552,-0.043942,0.101629130505805));
#6775=CARTESIAN_POINT('',(-0.031174044394552,-6.24500451351651E-17,0.101629130505805));
#6776=CARTESIAN_POINT('',(-0.0205764444228624,-0.043942,0.108326723790317));
#6777=CARTESIAN_POINT('',(-0.0205764444228624,-6.24500451351651E-17,0.108326723790317));
#6778=CARTESIAN_POINT('',(-0.0120561644686894,-0.043942,0.117027323789839));
#6779=CARTESIAN_POINT('',(-0.0120561644686894,-6.24500451351651E-17,0.117027323789839));
#6780=CARTESIAN_POINT('',(-0.00468674326690645,-0.043942,0.125979666779296));
#6781=CARTESIAN_POINT('',(-0.00468674326690645,-6.24500451351651E-17,0.125979666779296));
#6782=CARTESIAN_POINT('',(-0.00540404154508748,-0.043942,0.16435217754521));
#6783=CARTESIAN_POINT('',(-0.00540404154508748,-6.24500451351651E-17,0.16435217754521));
#6784=CARTESIAN_POINT('',(-0.00142867752061684,-0.043942,0.120367415523027));
#6785=CARTESIAN_POINT('',(-0.00142867752061684,-6.24500451351651E-17,0.120367415523027));
#6786=CARTESIAN_POINT('',(0.00869831795105684,-0.043942,0.108556052237257));
#6787=CARTESIAN_POINT('',(0.00869831795105684,-6.24500451351651E-17,0.108556052237257));
#6788=CARTESIAN_POINT('',(0.032769257554848,-0.043942,0.0996511236936843));
#6789=CARTESIAN_POINT('',(0.032769257554848,-6.24500451351651E-17,0.0996511236936843));
#6790=CARTESIAN_POINT('',(0.0444020278156547,-0.043942,0.0881743176779636));
#6791=CARTESIAN_POINT('',(0.0444020278156547,-6.24500451351651E-17,0.0881743176779636));
#6792=CARTESIAN_POINT('',(0.0569882180608328,-0.043942,0.0737311512379387));
#6793=CARTESIAN_POINT('',(0.0569882180608328,-6.24500451351651E-17,0.0737311512379387));
#6794=CARTESIAN_POINT('',(0.0671392087574052,-0.043942,0.0549827868609351));
#6795=CARTESIAN_POINT('',(0.0671392087574052,-6.24500451351651E-17,0.0549827868609351));
#6796=CARTESIAN_POINT('',(0.0703313589088535,-0.043942,0.0344367625526273));
#6797=CARTESIAN_POINT('',(0.0703313589088535,-6.24500451351651E-17,0.0344367625526273));
#6798=CARTESIAN_POINT('',(0.0767614059087971,-0.043942,0.0126244172957181));
#6799=CARTESIAN_POINT('',(0.0767614059087971,-6.24500451351651E-17,0.0126244172957181));
#6800=CARTESIAN_POINT('',(0.0810896214618742,-0.043942,-0.00446916203916303));
#6801=CARTESIAN_POINT('',(0.0810896214618742,-6.24500451351651E-17,-0.00446916203916303));
#6802=CARTESIAN_POINT('',(0.117608933749254,-0.043942,0.00253834619364969));
#6803=CARTESIAN_POINT('',(0.117608933749254,-6.24500451351651E-17,0.00253834619364969));
#6804=CARTESIAN_POINT('',(0.0994587657440471,-0.043942,-0.00486085680912137));
#6805=CARTESIAN_POINT('',(0.0994587657440471,-6.24500451351651E-17,-0.00486085680912137));
#6806=CARTESIAN_POINT('',(0.0837398948827898,-0.043942,-0.00886219269082425));
#6807=CARTESIAN_POINT('',(0.0837398948827898,-6.24500451351651E-17,-0.00886219269082425));
#6808=CARTESIAN_POINT('',(0.075772879221537,-0.043942,-0.0287059783195714));
#6809=CARTESIAN_POINT('',(0.075772879221537,-6.24500451351651E-17,-0.0287059783195714));
#6810=CARTESIAN_POINT('',(0.0712981818870722,-0.043942,-0.0429082862254326));
#6811=CARTESIAN_POINT('',(0.0712981818870722,-6.24500451351651E-17,-0.0429082862254326));
#6812=CARTESIAN_POINT('',(0.0646880372080357,-0.043942,-0.0589126595610303));
#6813=CARTESIAN_POINT('',(0.0646880372080357,-6.24500451351651E-17,-0.0589126595610303));
#6814=CARTESIAN_POINT('',(0.059805983603847,-0.043942,-0.0683280355970955));
#6815=CARTESIAN_POINT('',(0.059805983603847,-6.24500451351651E-17,-0.0683280355970955));
#6816=CARTESIAN_POINT('',(0.0471466280477889,-0.043942,-0.0879206610173161));
#6817=CARTESIAN_POINT('',(0.0471466280477889,-6.24500451351651E-17,-0.0879206610173161));
#6818=CARTESIAN_POINT('',(0.0380146274823005,-0.043942,-0.0971209726175112));
#6819=CARTESIAN_POINT('',(0.0380146274823005,-6.24500451351651E-17,-0.0971209726175112));
#6820=CARTESIAN_POINT('',(0.0270464975087177,-0.043942,-0.106837001689097));
#6821=CARTESIAN_POINT('',(0.0270464975087177,-6.24500451351651E-17,-0.106837001689097));
#6822=CARTESIAN_POINT('',(0.0114584711220666,-0.043942,-0.114746300913702));
#6823=CARTESIAN_POINT('',(0.0114584711220666,-6.24500451351651E-17,-0.114746300913702));
#6824=CARTESIAN_POINT('',(0.00216979832698906,-0.043942,-0.121530261953406));
#6825=CARTESIAN_POINT('',(0.00216979832698906,-6.24500451351651E-17,-0.121530261953406));
#6826=CARTESIAN_POINT('',(-0.0200682150487396,-0.043942,-0.14029724978958));
#6827=CARTESIAN_POINT('',(-0.0200682150487396,-6.24500451351651E-17,-0.14029724978958));
#6828=CARTESIAN_POINT('',(-0.0200681804504485,-0.043942,-0.140297272471023));
#6829=CARTESIAN_POINT('',(-0.0200681804504485,-6.24500451351651E-17,-0.140297272471023));
#6830=CARTESIAN_POINT('',(-0.00748579605887242,-0.043942,-0.127007855129973));
#6831=CARTESIAN_POINT('',(-0.00748579605887242,-6.24500451351651E-17,-0.127007855129973));
#6832=CARTESIAN_POINT('',(-0.0121536153074756,-0.043942,-0.112804367216957));
#6833=CARTESIAN_POINT('',(-0.0121536153074756,-6.24500451351651E-17,-0.112804367216957));
#6834=CARTESIAN_POINT('',(-0.0269126744890178,-0.043942,-0.106655355359587));
#6835=CARTESIAN_POINT('',(-0.0269126744890178,-6.24500451351651E-17,-0.106655355359587));
#6836=CARTESIAN_POINT('',(-0.0421397852881935,-0.043942,-0.0915995608038448));
#6837=CARTESIAN_POINT('',(-0.0421397852881935,-6.24500451351651E-17,-0.0915995608038448));
#6838=CARTESIAN_POINT('',(-0.0508382752602033,-0.043942,-0.0806681068918513));
#6839=CARTESIAN_POINT('',(-0.0508382752602033,-6.24500451351651E-17,-0.0806681068918513));
#6840=CARTESIAN_POINT('',(-0.0588859643408744,-0.043942,-0.0667741451012777));
#6841=CARTESIAN_POINT('',(-0.0588859643408744,-6.24500451351651E-17,-0.0667741451012777));
#6842=CARTESIAN_POINT('',(-0.0670075206878497,-0.043942,-0.0442950559967185));
#6843=CARTESIAN_POINT('',(-0.0670075206878497,-6.24500451351651E-17,-0.0442950559967185));
#6844=CARTESIAN_POINT('',(-0.0705245955720599,-0.043942,-0.020803805235471));
#6845=CARTESIAN_POINT('',(-0.0705245955720599,-6.24500451351651E-17,-0.020803805235471));
#6846=CARTESIAN_POINT('',(-0.072428683922903,-0.043942,-0.00626186126255457));
#6847=CARTESIAN_POINT('',(-0.072428683922903,-6.24500451351651E-17,-0.00626186126255457));
#6848=CARTESIAN_POINT('',(-0.0719877603128706,-0.043942,0.0179827760452028));
#6849=CARTESIAN_POINT('',(-0.0719877603128706,-6.24500451351651E-17,0.0179827760452028));
#6850=CARTESIAN_POINT('',(-0.0734554408391825,-0.043942,0.0273751715201983));
#6851=CARTESIAN_POINT('',(-0.0734554408391825,-6.24500451351651E-17,0.0273751715201983));
#6852=CARTESIAN_POINT('',(-0.0832578766068986,-0.043942,0.0273522820729745));
#6853=CARTESIAN_POINT('',(-0.0832578766068986,-6.24500451351651E-17,0.0273522820729745));
#6854=CARTESIAN_POINT('',(-0.0993680826133435,-0.043942,0.00483212780450821));
#6855=CARTESIAN_POINT('',(-0.0993680826133435,-6.24500451351651E-17,0.00483212780450821));
#6856=CARTESIAN_POINT('',(-0.0879787570948592,-0.043942,0.0269910352582023));
#6857=CARTESIAN_POINT('',(-0.0879787570948592,-6.24500451351651E-17,0.0269910352582023));
#6858=CARTESIAN_POINT('',(-0.0835853967325298,-0.043942,0.0334981656871714));
#6859=CARTESIAN_POINT('',(-0.0835853967325298,-6.24500451351651E-17,0.0334981656871714));
#6860=CARTESIAN_POINT('',(-0.0814829960399713,-0.043942,0.0370867175251153));
#6861=CARTESIAN_POINT('',(-0.0814829960399713,-6.24500451351651E-17,0.0370867175251153));
#6862=CARTESIAN_POINT('',(-0.0814829960399713,-0.043942,0.0370867175251153));
#6863=CARTESIAN_POINT('',(-0.0795476537360781,-0.043942,0.0403901202524205));
#6864=CARTESIAN_POINT('',(-0.0758582564188679,-0.043942,0.0475411751639181));
#6865=CARTESIAN_POINT('',(-0.0677488475745164,-0.043942,0.0572484515760037));
#6866=CARTESIAN_POINT('',(-0.0638269421216177,-0.043942,0.0648150901477362));
#6867=CARTESIAN_POINT('',(-0.0554749028200979,-0.043942,0.0778378371882484));
#6868=CARTESIAN_POINT('',(-0.0492655664418763,-0.043942,0.084912707224006));
#6869=CARTESIAN_POINT('',(-0.0417768440811137,-0.043942,0.0945705359443639));
#6870=CARTESIAN_POINT('',(-0.031174044394552,-0.043942,0.101629130505805));
#6871=CARTESIAN_POINT('',(-0.0205764444228624,-0.043942,0.108326723790317));
#6872=CARTESIAN_POINT('',(-0.0120561644686894,-0.043942,0.117027323789839));
#6873=CARTESIAN_POINT('',(-0.00468674326690645,-0.043942,0.125979666779296));
#6874=CARTESIAN_POINT('',(-0.00540404154508748,-0.043942,0.16435217754521));
#6875=CARTESIAN_POINT('',(-0.00142867752061684,-0.043942,0.120367415523027));
#6876=CARTESIAN_POINT('',(0.00869831795105684,-0.043942,0.108556052237257));
#6877=CARTESIAN_POINT('',(0.032769257554848,-0.043942,0.0996511236936843));
#6878=CARTESIAN_POINT('',(0.0444020278156547,-0.043942,0.0881743176779636));
#6879=CARTESIAN_POINT('',(0.0569882180608328,-0.043942,0.0737311512379387));
#6880=CARTESIAN_POINT('',(0.0671392087574052,-0.043942,0.0549827868609351));
#6881=CARTESIAN_POINT('',(0.0703313589088535,-0.043942,0.0344367625526273));
#6882=CARTESIAN_POINT('',(0.0767614059087971,-0.043942,0.0126244172957181));
#6883=CARTESIAN_POINT('',(0.0810896214618742,-0.043942,-0.00446916203916303));
#6884=CARTESIAN_POINT('',(0.117608933749254,-0.043942,0.00253834619364969));
#6885=CARTESIAN_POINT('',(0.0994587657440471,-0.043942,-0.00486085680912137));
#6886=CARTESIAN_POINT('',(0.0837398948827898,-0.043942,-0.00886219269082425));
#6887=CARTESIAN_POINT('',(0.075772879221537,-0.043942,-0.0287059783195714));
#6888=CARTESIAN_POINT('',(0.0712981818870722,-0.043942,-0.0429082862254326));
#6889=CARTESIAN_POINT('',(0.0646880372080357,-0.043942,-0.0589126595610303));
#6890=CARTESIAN_POINT('',(0.059805983603847,-0.043942,-0.0683280355970955));
#6891=CARTESIAN_POINT('',(0.0471466280477889,-0.043942,-0.0879206610173161));
#6892=CARTESIAN_POINT('',(0.0380146274823005,-0.043942,-0.0971209726175112));
#6893=CARTESIAN_POINT('',(0.0270464975087177,-0.043942,-0.106837001689097));
#6894=CARTESIAN_POINT('',(0.0114584711220666,-0.043942,-0.114746300913702));
#6895=CARTESIAN_POINT('',(0.00216979832698906,-0.043942,-0.121530261953406));
#6896=CARTESIAN_POINT('',(-0.0200682150487396,-0.043942,-0.14029724978958));
#6897=CARTESIAN_POINT('',(-0.0200681804504485,-0.043942,-0.140297272471023));
#6898=CARTESIAN_POINT('',(-0.00748579605887242,-0.043942,-0.127007855129973));
#6899=CARTESIAN_POINT('',(-0.0121536153074756,-0.043942,-0.112804367216957));
#6900=CARTESIAN_POINT('',(-0.0269126744890178,-0.043942,-0.106655355359587));
#6901=CARTESIAN_POINT('',(-0.0421397852881935,-0.043942,-0.0915995608038448));
#6902=CARTESIAN_POINT('',(-0.0508382752602033,-0.043942,-0.0806681068918513));
#6903=CARTESIAN_POINT('',(-0.0588859643408744,-0.043942,-0.0667741451012777));
#6904=CARTESIAN_POINT('',(-0.0670075206878497,-0.043942,-0.0442950559967185));
#6905=CARTESIAN_POINT('',(-0.0705245955720599,-0.043942,-0.020803805235471));
#6906=CARTESIAN_POINT('',(-0.072428683922903,-0.043942,-0.00626186126255457));
#6907=CARTESIAN_POINT('',(-0.0719877603128706,-0.043942,0.0179827760452028));
#6908=CARTESIAN_POINT('',(-0.0734554408391825,-0.043942,0.0273751715201983));
#6909=CARTESIAN_POINT('',(-0.0832578766068986,-0.043942,0.0273522820729745));
#6910=CARTESIAN_POINT('',(-0.0993680826133435,-0.043942,0.00483212780450821));
#6911=CARTESIAN_POINT('',(-0.0879787570948592,-0.043942,0.0269910352582023));
#6912=CARTESIAN_POINT('',(-0.0835853967325298,-0.043942,0.0334981656871714));
#6913=CARTESIAN_POINT('',(-0.0814829960399713,-0.043942,0.0370867175251153));
#6914=CARTESIAN_POINT('',(-0.0814829960399713,-0.043942,0.0370867175251153));
#6915=CARTESIAN_POINT('',(0.00912042556795528,-0.043942,0.0120274525370933));
#6916=CARTESIAN_POINT('',(0.00912042556795528,-0.0381,0.0120274525370933));
#6917=CARTESIAN_POINT('',(-0.00559080433730042,0.0124492365756284,0.0999955899650694));
#6918=CARTESIAN_POINT('',(-0.00618000478705026,0.,0.103540831886789));
#6919=CARTESIAN_POINT('',(-0.00618351907811093,-7.4253576738632E-5,0.103561977512185));
#6920=CARTESIAN_POINT('',(-0.00758043151637826,0.0124492365756284,0.0997002486836817));
#6921=CARTESIAN_POINT('',(-0.00827156474524044,0.,0.103158464375923));
#6922=CARTESIAN_POINT('',(-0.00827568701522336,-7.4253576738632E-5,0.103179090932638));
#6923=CARTESIAN_POINT('',(-0.0085725997259771,0.0124492365756284,0.0995124715593009));
#6924=CARTESIAN_POINT('',(-0.00931444219990412,0.,0.102925767581114));
#6925=CARTESIAN_POINT('',(-0.00931886692560767,-7.4253576738632E-5,0.102946126214075));
#6926=CARTESIAN_POINT('',(-0.0105492555489362,0.0124492365756284,0.0990571566420741));
#6927=CARTESIAN_POINT('',(-0.0113918800806111,0.,0.1023779084097));
#6928=CARTESIAN_POINT('',(-0.0113969059217496,-7.4253576738632E-5,0.102397715061675));
#6929=CARTESIAN_POINT('',(-0.0115337429710428,0.0124492365756284,0.0987896188932829));
#6930=CARTESIAN_POINT('',(-0.0124264403056496,0.,0.102062746086104));
#6931=CARTESIAN_POINT('',(-0.0124317648064442,-7.4253576738632E-5,0.1020822686809));
#6932=CARTESIAN_POINT('',(-0.013492665500871,0.0124492365756284,0.0981754272337335));
#6933=CARTESIAN_POINT('',(-0.0144847513790567,0.,0.101350715094873));
#6934=CARTESIAN_POINT('',(-0.0144906686836593,-7.4253576738632E-5,0.101369654126148));
#6935=CARTESIAN_POINT('',(-0.0144671004190547,0.0124492365756284,0.0978287733824023));
#6936=CARTESIAN_POINT('',(-0.0155085020282711,0.,0.100953846496131));
#6937=CARTESIAN_POINT('',(-0.0155147134769681,-7.4253576738632E-5,0.100972486021122));
#6938=CARTESIAN_POINT('',(-0.0164035704397963,0.0124492365756284,0.097057184622035));
#6939=CARTESIAN_POINT('',(-0.0175427276427158,0.,0.100079359030107));
#6940=CARTESIAN_POINT('',(-0.0175495221554774,-7.4253576738632E-5,0.100097384814898));
#6941=CARTESIAN_POINT('',(-0.0173656053549889,0.0124492365756284,0.096632249787655));
#6942=CARTESIAN_POINT('',(-0.0185532024111223,0.,0.0996017402474368));
#6943=CARTESIAN_POINT('',(-0.0185602858437976,-7.4253576738632E-5,0.0996194517983733));
#6944=CARTESIAN_POINT('',(-0.0192749577407491,0.0124492365756284,0.0957051227513768));
#6945=CARTESIAN_POINT('',(-0.0205584419389222,0.,0.0985669030235218));
#6946=CARTESIAN_POINT('',(-0.0205660972912663,-7.4253576738632E-5,0.0985839721361341));
#6947=CARTESIAN_POINT('',(-0.0202222750265754,0.0124492365756284,0.0952029306391838));
#6948=CARTESIAN_POINT('',(-0.0215532065042964,0.,0.0980096846824042));
#6949=CARTESIAN_POINT('',(-0.0215611448563403,-7.4253576738632E-5,0.0980264255906092));
#6950=CARTESIAN_POINT('',(-0.0220999099802176,0.0124492365756284,0.0941224988572317));
#6951=CARTESIAN_POINT('',(-0.0235246291477908,0.,0.0968169907141116));
#6952=CARTESIAN_POINT('',(-0.0235331268973032,-7.4253576738632E-5,0.0968330620335577));
#6953=CARTESIAN_POINT('',(-0.0230302274663608,0.0124492365756284,0.093544259292011));
#6954=CARTESIAN_POINT('',(-0.0245012870351637,0.,0.0961815152023372));
#6955=CARTESIAN_POINT('',(-0.0245100611823908,-7.4253576738632E-5,0.0961972451374965));
#6956=CARTESIAN_POINT('',(-0.0248716216008201,0.0124492365756284,0.0923131256191824));
#6957=CARTESIAN_POINT('',(-0.0264341434645282,0.,0.0948338377939043));
#6958=CARTESIAN_POINT('',(-0.026443463139386,-7.4253576738632E-5,0.0948488726029679));
#6959=CARTESIAN_POINT('',(-0.02578269807097,0.0124492365756284,0.0916602316306943));
#6960=CARTESIAN_POINT('',(-0.0273903418195041,0.,0.094121636027642));
#6961=CARTESIAN_POINT('',(-0.0273999306242251,-7.4253576738632E-5,0.0941363170949639));
#6962=CARTESIAN_POINT('',(-0.0275834153064896,0.0124492365756284,0.0902813619758415));
#6963=CARTESIAN_POINT('',(-0.0292799756143021,0.,0.0926222218519883));
#6964=CARTESIAN_POINT('',(-0.0292900947625922,-7.4253576738632E-5,0.0926361839304975));
#6965=CARTESIAN_POINT('',(-0.0284730558976287,0.0124492365756284,0.089555386442891));
#6966=CARTESIAN_POINT('',(-0.0302134108712907,0.,0.0918350095876745));
#6967=CARTESIAN_POINT('',(-0.0302237912332353,-7.4253576738632E-5,0.091848606419182));
#6968=CARTESIAN_POINT('',(-0.0302287581486638,0.0124492365756284,0.0880321026237876));
#6969=CARTESIAN_POINT('',(-0.0320552697381982,0.,0.0901874708648824));
#6970=CARTESIAN_POINT('',(-0.0320661639820061,-7.4253576738632E-5,0.0902003265769671));
#6971=CARTESIAN_POINT('',(-0.0310948196386848,0.0124492365756284,0.0872347944850216));
#6972=CARTESIAN_POINT('',(-0.032963693169906,0.,0.0893271445658136));
#6973=CARTESIAN_POINT('',(-0.032974840081873,-7.4253576738632E-5,0.0893396244055487));
#6974=CARTESIAN_POINT('',(-0.0328012772647314,0.0124492365756284,0.0855707662258114));
#6975=CARTESIAN_POINT('',(-0.0347533399095848,0.,0.0875354503609736));
#6976=CARTESIAN_POINT('',(-0.034764983003723,-7.4253576738632E-5,0.0875471687360974));
#6977=CARTESIAN_POINT('',(-0.0336416732356468,0.0124492365756284,0.0847040462663721));
#6978=CARTESIAN_POINT('',(-0.0356345630443966,0.,0.0866040826285598));
#6979=CARTESIAN_POINT('',(-0.0356464496524988,-7.4253576738632E-5,0.0866154154114954));
#6980=CARTESIAN_POINT('',(-0.0352947752308158,0.0124492365756284,0.0829032823568832));
#6981=CARTESIAN_POINT('',(-0.0373676862410963,0.,0.0846725492899451));
#6982=CARTESIAN_POINT('',(-0.0373800501363311,-7.4253576738632E-5,0.0846831020975159));
#6983=CARTESIAN_POINT('',(-0.0361074810951216,0.0124492365756284,0.0819692385810686));
#6984=CARTESIAN_POINT('',(-0.0382195861352941,0.,0.083672383870632));
#6985=CARTESIAN_POINT('',(-0.0382321838036513,-7.4253576738632E-5,0.0836825422951014));
#6986=CARTESIAN_POINT('',(-0.0377032449919119,0.0124492365756284,0.0800360772192875));
#6987=CARTESIAN_POINT('',(-0.0398920105434303,0.,0.0816056646312379));
#6988=CARTESIAN_POINT('',(-0.0399050654540551,-7.4253576738632E-5,0.0816150264486179));
#6989=CARTESIAN_POINT('',(-0.0384863028699964,0.0124492365756284,0.0790369598203661));
#6990=CARTESIAN_POINT('',(-0.0407125348955513,0.,0.0805391110111247));
#6991=CARTESIAN_POINT('',(-0.0407258132752771,-7.4253576738632E-5,0.0805480706045936));
#6992=CARTESIAN_POINT('',(-0.0400208843334082,0.0124492365756284,0.0769760581613381));
#6993=CARTESIAN_POINT('',(-0.0423202314982375,0.,0.078342184778622));
#6994=CARTESIAN_POINT('',(-0.0423339459738293,-7.4253576738632E-5,0.0783503330523732));
#6995=CARTESIAN_POINT('',(-0.0407724077702554,0.0124492365756284,0.0759142741006363));
#6996=CARTESIAN_POINT('',(-0.0431074035932483,0.,0.0772118123787986));
#6997=CARTESIAN_POINT('',(-0.0431213306955628,-7.4253576738632E-5,0.0772195515568216));
#6998=CARTESIAN_POINT('',(-0.0422421098591299,0.0124492365756284,0.0737305970369716));
#6999=CARTESIAN_POINT('',(-0.0446464993085512,0.,0.0748899717409094));
#7000=CARTESIAN_POINT('',(-0.0446608403097369,-7.4253576738632E-5,0.0748968868411266));
#7001=CARTESIAN_POINT('',(-0.0429602883689547,0.0124492365756284,0.0726087042452929));
#7002=CARTESIAN_POINT('',(-0.0453984227799264,0.,0.0736985037274959));
#7003=CARTESIAN_POINT('',(-0.0454129650532204,-7.4253576738632E-5,0.0737050038457152));
#7004=CARTESIAN_POINT('',(-0.0443615704422292,0.0124492365756284,0.0703075124463055));
#7005=CARTESIAN_POINT('',(-0.046865209791459,0.,0.0712573422016861));
#7006=CARTESIAN_POINT('',(-0.0468801427695107,-7.4253576738632E-5,0.0712630074692872));
#7007=CARTESIAN_POINT('',(-0.0450446738700963,0.0124492365756284,0.0691282136616512));
#7008=CARTESIAN_POINT('',(-0.0475800731896956,0.,0.0700076489254871));
#7009=CARTESIAN_POINT('',(-0.0475951956003589,-7.4253576738632E-5,0.0700128943245486));
#7010=CARTESIAN_POINT('',(-0.0463741601165184,0.0124492365756284,0.0667150508999454));
#7011=CARTESIAN_POINT('',(-0.0489710178790716,0.,0.0674530474836929));
#7012=CARTESIAN_POINT('',(-0.0489865068591371,-7.4253576738632E-5,0.067457449270552));
#7013=CARTESIAN_POINT('',(-0.0470205428064375,0.0124492365756284,0.0654811871563822));
#7014=CARTESIAN_POINT('',(-0.0496470990356286,0.,0.0661481395652711));
#7015=CARTESIAN_POINT('',(-0.0496627651524493,-7.4253576738632E-5,0.066152117608549));
#7016=CARTESIAN_POINT('',(-0.0482750303771903,0.0124492365756284,0.0629618669524191));
#7017=CARTESIAN_POINT('',(-0.050958850495259,0.,0.0634862524661224));
#7018=CARTESIAN_POINT('',(-0.0509748581630288,-7.4253576738632E-5,0.0634893801679494));
#7019=CARTESIAN_POINT('',(-0.0488831351366447,0.0124492365756284,0.061676410735779));
#7020=CARTESIAN_POINT('',(-0.0515945206714124,0.,0.0621292735429496));
#7021=CARTESIAN_POINT('',(-0.0516106927533429,-7.4253576738632E-5,0.0621319746469892));
#7022=CARTESIAN_POINT('',(-0.0500596018612902,0.0124492365756284,0.0590570023525962));
#7023=CARTESIAN_POINT('',(-0.0528239187771351,0.,0.059366513505622));
#7024=CARTESIAN_POINT('',(-0.0528404065687353,-7.4253576738632E-5,0.0593683595875093));
#7025=CARTESIAN_POINT('',(-0.0506279637126509,0.0124492365756284,0.0577230504394976));
#7026=CARTESIAN_POINT('',(-0.0534176465877526,0.,0.0579607326587814));
#7027=CARTESIAN_POINT('',(-0.0534342856748311,-7.4253576738632E-5,0.0579621503163865));
#7028=CARTESIAN_POINT('',(-0.051723575379803,0.0124492365756284,0.0550098642613234));
#7029=CARTESIAN_POINT('',(-0.0545617296118483,0.,0.0551037554141942));
#7030=CARTESIAN_POINT('',(-0.0545786578067448,-7.4253576738632E-5,0.0551043154287688));
#7031=CARTESIAN_POINT('',(-0.0522508250895874,0.0124492365756284,0.0536306302587654));
#7032=CARTESIAN_POINT('',(-0.0551120847146296,0.,0.0536525592928776));
#7033=CARTESIAN_POINT('',(-0.0551291507218379,-7.4253576738632E-5,0.0536526900887868));
#7034=CARTESIAN_POINT('',(-0.0532629422747758,0.0124492365756284,0.0508302025887501));
#7035=CARTESIAN_POINT('',(-0.0561680964608835,0.,0.0507082475494545));
#7036=CARTESIAN_POINT('',(-0.0561854242775721,-7.4253576738632E-5,0.0507075201475922));
#7037=CARTESIAN_POINT('',(-0.0537478096522513,0.0124492365756284,0.0494090091922514));
#7038=CARTESIAN_POINT('',(-0.0566737530021805,0.,0.0492151322122282));
#7039=CARTESIAN_POINT('',(-0.0566912048160124,-7.4253576738632E-5,0.0492139758313428));
#7040=CARTESIAN_POINT('',(-0.0546739940765259,0.0124492365756284,0.0465280865059405));
#7041=CARTESIAN_POINT('',(-0.0576391494458002,0.,0.0461905790748503));
#7042=CARTESIAN_POINT('',(-0.0576568351400528,-7.4253576738632E-5,0.046188566008926));
#7043=CARTESIAN_POINT('',(-0.0551153110337108,0.0124492365756284,0.0450683574948753));
#7044=CARTESIAN_POINT('',(-0.0580988892547147,0.,0.0446591415673431));
#7045=CARTESIAN_POINT('',(-0.0581166848322221,-7.4253576738632E-5,0.0446567007954859));
#7046=CARTESIAN_POINT('',(-0.0559533314376693,0.0124492365756284,0.0421138801873591));
#7047=CARTESIAN_POINT('',(-0.0589713446711087,0.,0.041561633449438));
#7048=CARTESIAN_POINT('',(-0.0589893456365387,-7.4253576738632E-5,0.0415583395691038));
#7049=CARTESIAN_POINT('',(-0.0563500348033591,0.0124492365756284,0.040619132176772));
#7050=CARTESIAN_POINT('',(-0.0593840601941727,0.,0.0399955631387433));
#7051=CARTESIAN_POINT('',(-0.0594021566642506,-7.4253576738632E-5,0.0399918438559475));
#7052=CARTESIAN_POINT('',(-0.0570978723224463,0.0124492365756284,0.037598217842666));
#7053=CARTESIAN_POINT('',(-0.0601614727618248,0.,0.0368325622086768));
#7054=CARTESIAN_POINT('',(-0.0601797456325298,-7.4253576738632E-5,0.0368279954491789));
#7055=CARTESIAN_POINT('',(-0.0574490064034859,0.0124492365756284,0.0360720518114391));
#7056=CARTESIAN_POINT('',(-0.0605261697311935,0.,0.0352356318953448));
#7057=CARTESIAN_POINT('',(-0.0605445234978605,-7.4253576738632E-5,0.0352306430616883));
#7058=CARTESIAN_POINT('',(-0.0581048594316157,0.0124492365756284,0.0329919780979751));
#7059=CARTESIAN_POINT('',(-0.061206666595135,0.,0.0320147580994034));
#7060=CARTESIAN_POINT('',(-0.0612251673501689,-7.4253576738632E-5,0.0320089294624655));
#7061=CARTESIAN_POINT('',(-0.058409578315248,0.0124492365756284,0.0314380707137539));
#7062=CARTESIAN_POINT('',(-0.0615224664238655,0.,0.0303908149284334));
#7063=CARTESIAN_POINT('',(-0.0615410332712901,-7.4253576738632E-5,0.0303845685624536));
#7064=CARTESIAN_POINT('',(-0.0589718668450297,0.0124492365756284,0.0283062577882901));
#7065=CARTESIAN_POINT('',(-0.0621044082075467,0.,0.027119827633707));
#7066=CARTESIAN_POINT('',(-0.0621230922769702,-7.4253576738632E-5,0.0271127511610258));
#7067=CARTESIAN_POINT('',(-0.0592294364367739,0.0124492365756284,0.0267283525500695));
#7068=CARTESIAN_POINT('',(-0.0623705501061908,0.,0.0254727838264386));
#7069=CARTESIAN_POINT('',(-0.0623892853052112,-7.4253576738632E-5,0.0254652949761783));
#7070=CARTESIAN_POINT('',(-0.0596968058658885,0.0124492365756284,0.0235523452242578));
#7071=CARTESIAN_POINT('',(-0.0628525348608827,0.,0.0221595631278247));
#7072=CARTESIAN_POINT('',(-0.062871357233136,-7.4253576738632E-5,0.0221512558672429));
#7073=CARTESIAN_POINT('',(-0.0599066056580378,0.0124492365756284,0.0219542434439648));
#7074=CARTESIAN_POINT('',(-0.0630683776702954,0.,0.0204933865570535));
#7075=CARTESIAN_POINT('',(-0.0630872360861763,-7.4253576738632E-5,0.0204846732638087));
#7076=CARTESIAN_POINT('',(-0.0602779300525937,0.0124492365756284,0.0187416929976384));
#7077=CARTESIAN_POINT('',(-0.063449244252507,0.,0.0171459142934188));
#7078=CARTESIAN_POINT('',(-0.0634681595828468,-7.4253576738632E-5,0.0171363962578548));
#7079=CARTESIAN_POINT('',(-0.0604394546190724,0.0124492365756284,0.017127244642439));
#7080=CARTESIAN_POINT('',(-0.0636142679884547,0.,0.0154646189244437));
#7081=CARTESIAN_POINT('',(-0.0636332041896203,-7.4253576738632E-5,0.0154547021793013));
#7082=CARTESIAN_POINT('',(-0.0607138394260791,0.0124492365756284,0.0138858903910093));
#7083=CARTESIAN_POINT('',(-0.0638930988572295,0.,0.0120909594496754));
#7084=CARTESIAN_POINT('',(-0.0639120615769681,-7.4253576738632E-5,0.0120802535689105));
#7085=CARTESIAN_POINT('',(-0.0608266996400587,0.0124492365756284,0.0122589848084001));
#7086=CARTESIAN_POINT('',(-0.064006905963078,0.,0.0103985956703044));
#7087=CARTESIAN_POINT('',(-0.0640258743305611,-7.4253576738632E-5,0.0103874993635719));
#7088=CARTESIAN_POINT('',(-0.0610034838424829,0.0124492365756284,0.00899663545816796));
#7089=CARTESIAN_POINT('',(-0.0641830293904305,0.,0.00700687642557485));
#7090=CARTESIAN_POINT('',(-0.0642019938167151,-7.4253576738632E-5,0.00699500849101352));
#7091=CARTESIAN_POINT('',(-0.0610674078138225,0.0124492365756284,0.00736119200619747));
#7092=CARTESIAN_POINT('',(-0.0642453456948935,0.,0.00530752128838594));
#7093=CARTESIAN_POINT('',(-0.0642643005322355,-7.4253576738632E-5,0.00529527215203814));
#7094=CARTESIAN_POINT('',(-0.061146165523036,0.0124492365756284,0.00408570684249567));
#7095=CARTESIAN_POINT('',(-0.0643183373840606,0.,0.00190591322243515));
#7096=CARTESIAN_POINT('',(-0.0643372578299273,-7.4253576738632E-5,0.00189291182497128));
#7097=CARTESIAN_POINT('',(-0.0611609992532896,0.0124492365756284,0.00244566544768761));
#7098=CARTESIAN_POINT('',(-0.0643290127617023,0.,0.000203660622799665));
#7099=CARTESIAN_POINT('',(-0.0643479084050397,-7.4253576738632E-5,0.000190288166078977));
#7100=CARTESIAN_POINT('',(-0.0611415407350725,0.0124492365756284,-0.000835064598825914));
#7101=CARTESIAN_POINT('',(-0.0642986968693114,0.,-0.00319964149259576));
#7102=CARTESIAN_POINT('',(-0.0643175277537488,-7.4253576738632E-5,-0.0032137450314569));
#7103=CARTESIAN_POINT('',(-0.0611072484884847,0.0124492365756284,-0.0024757529331006));
#7104=CARTESIAN_POINT('',(-0.0642577056022121,0.,-0.00490069067906531));
#7105=CARTESIAN_POINT('',(-0.0642764965302851,-7.4253576738632E-5,-0.00491515424073936));
#7106=CARTESIAN_POINT('',(-0.0609896206201118,0.0124492365756284,-0.00575382429638578));
#7107=CARTESIAN_POINT('',(-0.0641241551619034,0.,-0.00829748799101533));
#7108=CARTESIAN_POINT('',(-0.0641428511196615,-7.4253576738632E-5,-0.0083126596946133));
#7109=CARTESIAN_POINT('',(-0.0609062850097081,0.0124492365756284,-0.00739120700822268));
#7110=CARTESIAN_POINT('',(-0.0640315960016159,0.,-0.0099932357878347));
#7111=CARTESIAN_POINT('',(-0.0640502369454328,-7.4253576738632E-5,-0.0100087556104752));
#7112=CARTESIAN_POINT('',(-0.0606907711670174,0.0124492365756284,-0.0106587225272402));
#7113=CARTESIAN_POINT('',(-0.0637951327480977,0.,-0.0133753451140905));
#7114=CARTESIAN_POINT('',(-0.0638136487389767,-7.4253576738632E-5,-0.0133915484324625));
#7115=CARTESIAN_POINT('',(-0.0605585929555826,0.0124492365756284,-0.0122888550182687));
#7116=CARTESIAN_POINT('',(-0.0636512286777463,0.,-0.0150617063162872));
#7117=CARTESIAN_POINT('',(-0.0636696747296407,-7.4253576738632E-5,-0.015078245011282));
#7118=CARTESIAN_POINT('',(-0.0602457123302979,0.0124492365756284,-0.0155379429619328));
#7119=CARTESIAN_POINT('',(-0.0633124222717082,0.,-0.0184209798592441));
#7120=CARTESIAN_POINT('',(-0.0633307136890643,-7.4253576738632E-5,-0.0184381757571768));
#7121=CARTESIAN_POINT('',(-0.060065009946721,0.0124492365756284,-0.0171568981001991));
#7122=CARTESIAN_POINT('',(-0.063117519968803,0.,-0.0200938918749739));
#7123=CARTESIAN_POINT('',(-0.0631357266906203,-7.4253576738632E-5,-0.0201114095991582));
#7124=CARTESIAN_POINT('',(-0.0596555162956736,0.0124492365756284,-0.0203797311310669));
#7125=CARTESIAN_POINT('',(-0.0626771866245529,0.,-0.0234222368504293));
#7126=CARTESIAN_POINT('',(-0.0626952094027595,-7.4253576738632E-5,-0.0234403839014985));
#7127=CARTESIAN_POINT('',(-0.0594267250678241,0.0124492365756284,-0.0219836087118394));
#7128=CARTESIAN_POINT('',(-0.0624317556258129,0.,-0.025077669488117));
#7129=CARTESIAN_POINT('',(-0.0624496791559655,-7.4253576738632E-5,-0.0250961240397588));
#7130=CARTESIAN_POINT('',(-0.0589216048970868,0.0124492365756284,-0.0251724227428527));
#7131=CARTESIAN_POINT('',(-0.0618909561449458,0.,-0.0283670676214964));
#7132=CARTESIAN_POINT('',(-0.0619086668655516,-7.4253576738632E-5,-0.0283861221078665));
#7133=CARTESIAN_POINT('',(-0.0586452760030725,0.0124492365756284,-0.0267573588845561));
#7134=CARTESIAN_POINT('',(-0.0615955877151443,0.,-0.0300010327989187));
#7135=CARTESIAN_POINT('',(-0.0616131848742781,-7.4253576738632E-5,-0.0300203797193866));
#7136=CARTESIAN_POINT('',(-0.05804574619138,0.0124492365756284,-0.0299044717834071));
#7137=CARTESIAN_POINT('',(-0.0609556249309781,0.,-0.0332435596420015));
#7138=CARTESIAN_POINT('',(-0.0609729809273059,-7.4253576738632E-5,-0.0332634756597459));
#7139=CARTESIAN_POINT('',(-0.05772254533171,0.0124492365756284,-0.0314666482360522));
#7140=CARTESIAN_POINT('',(-0.0606110306385337,0.,-0.0348521209939276));
#7141=CARTESIAN_POINT('',(-0.060628259033551,-7.4253576738632E-5,-0.0348723136747958));
#7142=CARTESIAN_POINT('',(-0.0570300501988912,0.0124492365756284,-0.034564478332113));
#7143=CARTESIAN_POINT('',(-0.0598734462774695,0.,-0.0380399650155371));
#7144=CARTESIAN_POINT('',(-0.059890405737404,-7.4253576738632E-5,-0.0380606945852247));
#7145=CARTESIAN_POINT('',(-0.0566607559927455,0.0124492365756284,-0.0361001316757947));
#7146=CARTESIAN_POINT('',(-0.0594804562802155,0.,-0.039619247376777));
#7147=CARTESIAN_POINT('',(-0.0594972744064037,-7.4253576738632E-5,-0.0396402371721084));
#7148=CARTESIAN_POINT('',(-0.0558769638202309,0.0124492365756284,-0.039141216025026));
#7149=CARTESIAN_POINT('',(-0.0586470272475839,0.,-0.0427447287814429));
#7150=CARTESIAN_POINT('',(-0.0586635493143005,-7.4253576738632E-5,-0.0427662219637245));
#7151=CARTESIAN_POINT('',(-0.0554624659296985,0.0124492365756284,-0.040646646736332));
#7152=CARTESIAN_POINT('',(-0.0582065882928457,0.,-0.0442909275224594));
#7153=CARTESIAN_POINT('',(-0.0582229556338657,-7.4253576738632E-5,-0.0443126638659987));
#7154=CARTESIAN_POINT('',(-0.0545892649414836,0.0124492365756284,-0.0436236591001691));
#7155=CARTESIAN_POINT('',(-0.057279322392186,0.,-0.0473465167517181));
#7156=CARTESIAN_POINT('',(-0.0572953672625789,-7.4253576738632E-5,-0.0473687217676351));
#7157=CARTESIAN_POINT('',(-0.0541305619282886,0.0124492365756284,-0.0450952404646559));
#7158=CARTESIAN_POINT('',(-0.0567924955359834,0.,-0.0488559069443132));
#7159=CARTESIAN_POINT('',(-0.0568083726614771,-7.4253576738632E-5,-0.0488783374713049));
#7160=CARTESIAN_POINT('',(-0.0531700557420374,0.0124492365756284,-0.0480010089595586));
#7161=CARTESIAN_POINT('',(-0.0557736266320693,0.,-0.0518342428160733));
#7162=CARTESIAN_POINT('',(-0.0557891556526404,-7.4253576738632E-5,-0.0518571061717974));
#7163=CARTESIAN_POINT('',(-0.0526682526619161,0.0124492365756284,-0.0494351958088237));
#7164=CARTESIAN_POINT('',(-0.0552415846829398,0.,-0.053303188207066));
#7165=CARTESIAN_POINT('',(-0.0552569333435212,-7.4253576738632E-5,-0.0533262588804059));
#7166=CARTESIAN_POINT('',(-0.0516227552211618,0.0124492365756284,-0.0522627201839727));
#7167=CARTESIAN_POINT('',(-0.0541335673202032,0.,-0.0561970956493411));
#7168=CARTESIAN_POINT('',(-0.0541485430801817,-7.4253576738632E-5,-0.0562205622650457));
#7169=CARTESIAN_POINT('',(-0.051079060961687,0.0124492365756284,-0.0536560574362765));
#7170=CARTESIAN_POINT('',(-0.0535575920138036,0.,-0.0576220574206203));
#7171=CARTESIAN_POINT('',(-0.053572375233205,-7.4253576738632E-5,-0.0576457126610356));
#7172=CARTESIAN_POINT('',(-0.049951090961339,0.0124492365756284,-0.0563985259377901));
#7173=CARTESIAN_POINT('',(-0.0523630955031222,0.,-0.0604245647569056));
#7174=CARTESIAN_POINT('',(-0.0523774819245906,-7.4253576738632E-5,-0.0604485780994581));
#7175=CARTESIAN_POINT('',(-0.0493668153296038,0.0124492365756284,-0.0577476569216496));
#7176=CARTESIAN_POINT('',(-0.0517445744144151,0.,-0.0618021100507521));
#7177=CARTESIAN_POINT('',(-0.0517587565785661,-7.4253576738632E-5,-0.0618262928706966));
#7178=CARTESIAN_POINT('',(-0.0481590901481915,0.0124492365756284,-0.0603984627026959));
#7179=CARTESIAN_POINT('',(-0.0504664764025086,0.,-0.0645064657954038));
#7180=CARTESIAN_POINT('',(-0.0504802388273175,-7.4253576738632E-5,-0.0645309680145587));
#7181=CARTESIAN_POINT('',(-0.0475356407153693,0.0124492365756284,-0.061700137243401));
#7182=CARTESIAN_POINT('',(-0.049806899602973,0.,-0.065833275984546));
#7183=CARTESIAN_POINT('',(-0.0498204465457979,-7.4253576738632E-5,-0.0658579281254884));
#7184=CARTESIAN_POINT('',(-0.046251069868639,0.0124492365756284,-0.0642528942806703));
#7185=CARTESIAN_POINT('',(-0.0484482791399002,0.,-0.0684329651077017));
#7186=CARTESIAN_POINT('',(-0.0484613844131628,-7.4253576738632E-5,-0.0684578971754669));
#7187=CARTESIAN_POINT('',(-0.0455899485790211,0.0124492365756284,-0.0655039765302394));
#7188=CARTESIAN_POINT('',(-0.0477492356078181,0.,-0.0697058437901792));
#7189=CARTESIAN_POINT('',(-0.0477621146935451,-7.4253576738632E-5,-0.0697309058629526));
#7190=CARTESIAN_POINT('',(-0.0442316267106577,0.0124492365756284,-0.0679525350084336));
#7191=CARTESIAN_POINT('',(-0.0463133657292758,0.,-0.0721946034130353));
#7192=CARTESIAN_POINT('',(-0.0463257822792409,-7.4253576738632E-5,-0.0722199052658757));
#7193=CARTESIAN_POINT('',(-0.0435344262633381,0.0124492365756284,-0.0691500110001458));
#7194=CARTESIAN_POINT('',(-0.0455765395217448,0.,-0.0734104841126112));
#7195=CARTESIAN_POINT('',(-0.0455887197235283,-7.4253576738632E-5,-0.0734358957404871));
#7196=CARTESIAN_POINT('',(-0.0421056256896974,0.0124492365756284,-0.0714884721274227));
#7197=CARTESIAN_POINT('',(-0.0440668793640377,0.,-0.0757823185952467));
#7198=CARTESIAN_POINT('',(-0.0440785772781488,-7.4253576738632E-5,-0.0758079292787826));
#7199=CARTESIAN_POINT('',(-0.0413740257016214,0.0124492365756284,-0.0726294570367271));
#7200=CARTESIAN_POINT('',(-0.0432940455599303,0.,-0.0769382721488168));
#7201=CARTESIAN_POINT('',(-0.0433054975345974,-7.4253576738632E-5,-0.0769639721129579));
#7202=CARTESIAN_POINT('',(-0.0398781885284334,0.0124492365756284,-0.0748521872554061));
#7203=CARTESIAN_POINT('',(-0.0417142320266088,0.,-0.0791874675342148));
#7204=CARTESIAN_POINT('',(-0.0417251831235664,-7.4253576738632E-5,-0.0792133253500664));
#7205=CARTESIAN_POINT('',(-0.0391139514880528,0.0124492365756284,-0.0759339323497179));
#7206=CARTESIAN_POINT('',(-0.0409072524502514,0.,-0.0802807091484192));
#7207=CARTESIAN_POINT('',(-0.040917948608992,-7.4253576738632E-5,-0.0803066355353609));
#7208=CARTESIAN_POINT('',(-0.0375546813180877,0.0124492365756284,-0.078035576908014));
#7209=CARTESIAN_POINT('',(-0.0392610914504928,0.,-0.0824018469278901));
#7210=CARTESIAN_POINT('',(-0.0392712693481449,-7.4253576738632E-5,-0.0824278895823142));
#7211=CARTESIAN_POINT('',(-0.0367596483393721,0.0124492365756284,-0.0790554761686512));
#7212=CARTESIAN_POINT('',(-0.0384219101863678,0.,-0.0834297428879234));
#7213=CARTESIAN_POINT('',(-0.0384318247611986,-7.4253576738632E-5,-0.0834558332387286));
#7214=CARTESIAN_POINT('',(-0.0351407015910451,0.0124492365756284,-0.0810309720207412));
#7215=CARTESIAN_POINT('',(-0.036713367466207,0.,-0.0854177130547667));
#7216=CARTESIAN_POINT('',(-0.0367227476451068,-7.4253576738632E-5,-0.0854438778087276));
#7217=CARTESIAN_POINT('',(-0.0343167879780768,0.0124492365756284,-0.0819865684210524));
#7218=CARTESIAN_POINT('',(-0.0358440061754833,0.,-0.0863777870692282));
#7219=CARTESIAN_POINT('',(-0.0358531152813251,-7.4253576738632E-5,-0.0864039785299566));
#7220=CARTESIAN_POINT('',(-0.0326420648359077,0.0124492365756284,-0.0838311564243955));
#7221=CARTESIAN_POINT('',(-0.0340771977639839,0.,-0.0882278004291863));
#7222=CARTESIAN_POINT('',(-0.0340857576264588,-7.4253576738632E-5,-0.0882540242495));
#7223=CARTESIAN_POINT('',(-0.0317912554687467,0.0124492365756284,-0.084720147848952));
#7224=CARTESIAN_POINT('',(-0.0331797508141578,0.,-0.0891177395956827));
#7225=CARTESIAN_POINT('',(-0.0331880325063769,-7.4253576738632E-5,-0.0891439690688112));
#7226=CARTESIAN_POINT('',(-0.0300647904874734,0.0124492365756284,-0.0864293842294813));
#7227=CARTESIAN_POINT('',(-0.0313589331075374,0.,-0.0908253393045294));
#7228=CARTESIAN_POINT('',(-0.0313666520321289,-7.4253576738632E-5,-0.0908515590157159));
#7229=CARTESIAN_POINT('',(-0.0291891350404073,0.0124492365756284,-0.0872496290200749));
#7230=CARTESIAN_POINT('',(-0.0304355625269182,0.,-0.091642999681659));
#7231=CARTESIAN_POINT('',(-0.0304429968541925,-7.4253576738632E-5,-0.0916692039780895));
#7232=CARTESIAN_POINT('',(-0.0274150874253902,0.0124492365756284,-0.0888193960776384));
#7233=CARTESIAN_POINT('',(-0.0285651220345166,0.,-0.0932040719821278));
#7234=CARTESIAN_POINT('',(-0.0285719814256594,-7.4253576738632E-5,-0.0932302244186062));
#7235=CARTESIAN_POINT('',(-0.0265166954290892,0.0124492365756284,-0.0895689181927236));
#7236=CARTESIAN_POINT('',(-0.0276180523037108,0.,-0.0939474837544235));
#7237=CARTESIAN_POINT('',(-0.0276246213560948,-7.4253576738632E-5,-0.0939735997457107));
#7238=CARTESIAN_POINT('',(-0.0246993390164211,0.0124492365756284,-0.0909954342209841));
#7239=CARTESIAN_POINT('',(-0.0257024950805056,0.,-0.0953582678866086));
#7240=CARTESIAN_POINT('',(-0.0257084784133255,-7.4253576738632E-5,-0.0953842900448687));
#7241=CARTESIAN_POINT('',(-0.0237803747758944,0.0124492365756284,-0.0916724279961353));
#7242=CARTESIAN_POINT('',(-0.0247340077734481,0.,-0.0960256401099959));
#7243=CARTESIAN_POINT('',(-0.0247396957255192,-7.4253576738632E-5,-0.0960516048804292));
#7244=CARTESIAN_POINT('',(-0.0219240877363549,0.0124492365756284,-0.0929522563930328));
#7245=CARTESIAN_POINT('',(-0.0227779485645729,0.,-0.0972827373713528));
#7246=CARTESIAN_POINT('',(-0.0227830414246971,-7.4253576738632E-5,-0.0973085665617361));
#7247=CARTESIAN_POINT('',(-0.0209867651169495,0.0124492365756284,-0.093555090890948));
#7248=CARTESIAN_POINT('',(-0.021790376852016,0.,-0.0978724622876906));
#7249=CARTESIAN_POINT('',(-0.0217951700009995,-7.4253576738632E-5,-0.0978982132858638));
#7250=CARTESIAN_POINT('',(-0.0190960194086086,0.0124492365756284,-0.0946851484377746));
#7251=CARTESIAN_POINT('',(-0.0197985279754355,0.,-0.098972844220808));
#7252=CARTESIAN_POINT('',(-0.0198027180937178,-7.4253576738632E-5,-0.0989984182185326));
#7253=CARTESIAN_POINT('',(-0.0181425965026143,0.0124492365756284,-0.0952123713773463));
#7254=CARTESIAN_POINT('',(-0.0187942510041356,0.,-0.0994835011311191));
#7255=CARTESIAN_POINT('',(-0.0187981378029157,-7.4253576738632E-5,-0.0995089763206222));
#7256=CARTESIAN_POINT('',(-0.0162219470974931,0.0124492365756284,-0.0961899356664903));
#7257=CARTESIAN_POINT('',(-0.016771410998259,0.,-0.100424516819538));
#7258=CARTESIAN_POINT('',(-0.0167746882803375,-7.4253576738632E-5,-0.100449774014603));
#7259=CARTESIAN_POINT('',(-0.0152547207842006,0.0124492365756284,-0.0966402769214776));
#7260=CARTESIAN_POINT('',(-0.0157528481594043,0.,-0.100854875506597));
#7261=CARTESIAN_POINT('',(-0.0157558192443424,-7.4253576738632E-5,-0.100880013515467));
#7262=CARTESIAN_POINT('',(-0.013308794694945,0.0124492365756284,-0.0974629929149422));
#7263=CARTESIAN_POINT('',(-0.0137038902229856,0.,-0.101634257961101));
#7264=CARTESIAN_POINT('',(-0.0137062467736007,-7.4253576738632E-5,-0.101659137506712));
#7265=CARTESIAN_POINT('',(-0.012330095107262,0.0124492365756284,-0.0978353675738168));
#7266=CARTESIAN_POINT('',(-0.0126734953236706,0.,-0.101983281653136));
#7267=CARTESIAN_POINT('',(-0.0126755435371628,-7.4253576738632E-5,-0.102008021921708));
#7268=CARTESIAN_POINT('',(-0.010363580240264,0.0124492365756284,-0.098501253276712));
#7269=CARTESIAN_POINT('',(-0.010603355575846,0.,-0.102599153273126));
#7270=CARTESIAN_POINT('',(-0.0106047857178609,-7.4253576738632E-5,-0.102623595232278));
#7271=CARTESIAN_POINT('',(-0.00937576515122131,0.0124492365756284,-0.0987947642563042));
#7272=CARTESIAN_POINT('',(-0.00956361092763507,0.,-0.102866001141492));
#7273=CARTESIAN_POINT('',(-0.00956473133535559,-7.4253576738632E-5,-0.102890284068291));
#7274=CARTESIAN_POINT('',(-0.00739339901304188,0.0124492365756284,-0.0993022154916474));
#7275=CARTESIAN_POINT('',(-0.00747727651637997,0.,-0.103316878238292));
#7276=CARTESIAN_POINT('',(-0.00747777680445731,-7.4253576738632E-5,-0.103340823728164));
#7277=CARTESIAN_POINT('',(-0.00639884815571124,0.0124492365756284,-0.0995161556982991));
#7278=CARTESIAN_POINT('',(-0.00643068695520146,0.,-0.1035009074231));
#7279=CARTESIAN_POINT('',(-0.00643087685799003,-7.4253576738632E-5,-0.10352467450843));
#7280=CARTESIAN_POINT('',(-0.00440540644001203,0.0124492365756284,-0.0998639499716165));
#7281=CARTESIAN_POINT('',(-0.0043331840428539,0.,-0.103785703794291));
#7282=CARTESIAN_POINT('',(-0.00433275327175585,-7.4253576738632E-5,-0.103809095128102));
#7283=CARTESIAN_POINT('',(-0.00340651577452118,0.0124492365756284,-0.0999978040046309));
#7284=CARTESIAN_POINT('',(-0.00328227089463113,0.,-0.103886470953118));
#7285=CARTESIAN_POINT('',(-0.00328152983499528,-7.4253576738632E-5,-0.103909664939987));
#7286=CARTESIAN_POINT('',(-0.00140680085700018,0.0124492365756284,-0.100185103449055));
#7287=CARTESIAN_POINT('',(-0.0011786525494265,0.,-0.104004500499297));
#7288=CARTESIAN_POINT('',(-0.00117729175691836,-7.4253576738632E-5,-0.104027281325273));
#7289=CARTESIAN_POINT('',(-0.000405976798454723,0.0124492365756284,-0.100238548842342));
#7290=CARTESIAN_POINT('',(-0.000125947555982631,0.,-0.104021762875229));
#7291=CARTESIAN_POINT('',(-0.000124277319199946,-7.4253576738632E-5,-0.104044327887292));
#7292=CARTESIAN_POINT('',(0.00159519383249742,0.0124492365756284,-0.100264902237106));
#7293=CARTESIAN_POINT('',(0.00197871842123026,0.,-0.103972741252881));
#7294=CARTESIAN_POINT('',(0.00198100595688014,-7.4253576738632E-5,-0.103994856690018));
#7295=CARTESIAN_POINT('',(0.00259554021127861,0.0124492365756284,-0.100237810236033));
#7296=CARTESIAN_POINT('',(0.00303067920135998,0.,-0.103906457259343));
#7297=CARTESIAN_POINT('',(0.00303327459154279,-7.4253576738632E-5,-0.10392833893551));
#7298=CARTESIAN_POINT('',(0.00459334556033007,0.0124492365756284,-0.1001031540935));
#7299=CARTESIAN_POINT('',(0.00513132248589504,0.,-0.10369050256585));
#7300=CARTESIAN_POINT('',(0.00513453125381293,-7.4253576738632E-5,-0.103711899336123));
#7301=CARTESIAN_POINT('',(0.0055908043373004,0.0124492365756284,-0.0999955899650694));
#7302=CARTESIAN_POINT('',(0.00618000478705024,0.,-0.103540831886789));
#7303=CARTESIAN_POINT('',(0.00618351907811091,-7.4253576738632E-5,-0.103561977512185));
#7304=CARTESIAN_POINT('',(0.00758043151637825,0.0124492365756284,-0.0997002486836817));
#7305=CARTESIAN_POINT('',(0.00827156474524042,0.,-0.103158464375923));
#7306=CARTESIAN_POINT('',(0.00827568701522334,-7.4253576738632E-5,-0.103179090932638));
#7307=CARTESIAN_POINT('',(0.00857259972597706,0.0124492365756284,-0.0995124715593009));
#7308=CARTESIAN_POINT('',(0.00931444219990407,0.,-0.102925767581114));
#7309=CARTESIAN_POINT('',(0.00931886692560762,-7.4253576738632E-5,-0.102946126214075));
#7310=CARTESIAN_POINT('',(0.0105492555489361,0.0124492365756284,-0.0990571566420741));
#7311=CARTESIAN_POINT('',(0.0113918800806111,0.,-0.1023779084097));
#7312=CARTESIAN_POINT('',(0.0113969059217496,-7.4253576738632E-5,-0.102397715061675));
#7313=CARTESIAN_POINT('',(0.0115337429710428,0.0124492365756284,-0.0987896188932829));
#7314=CARTESIAN_POINT('',(0.0124264403056496,0.,-0.102062746086104));
#7315=CARTESIAN_POINT('',(0.0124317648064442,-7.4253576738632E-5,-0.1020822686809));
#7316=CARTESIAN_POINT('',(0.013492665500871,0.0124492365756284,-0.0981754272337335));
#7317=CARTESIAN_POINT('',(0.0144847513790567,0.,-0.101350715094873));
#7318=CARTESIAN_POINT('',(0.0144906686836593,-7.4253576738632E-5,-0.101369654126148));
#7319=CARTESIAN_POINT('',(0.0144671004190547,0.0124492365756284,-0.0978287733824023));
#7320=CARTESIAN_POINT('',(0.0155085020282711,0.,-0.100953846496131));
#7321=CARTESIAN_POINT('',(0.0155147134769681,-7.4253576738632E-5,-0.100972486021122));
#7322=CARTESIAN_POINT('',(0.0164035704397963,0.0124492365756284,-0.097057184622035));
#7323=CARTESIAN_POINT('',(0.0175427276427158,0.,-0.100079359030107));
#7324=CARTESIAN_POINT('',(0.0175495221554774,-7.4253576738632E-5,-0.100097384814898));
#7325=CARTESIAN_POINT('',(0.0173656053549888,0.0124492365756284,-0.096632249787655));
#7326=CARTESIAN_POINT('',(0.0185532024111222,0.,-0.0996017402474368));
#7327=CARTESIAN_POINT('',(0.0185602858437975,-7.4253576738632E-5,-0.0996194517983733));
#7328=CARTESIAN_POINT('',(0.0192749577407491,0.0124492365756284,-0.0957051227513768));
#7329=CARTESIAN_POINT('',(0.0205584419389221,0.,-0.0985669030235218));
#7330=CARTESIAN_POINT('',(0.0205660972912662,-7.4253576738632E-5,-0.0985839721361341));
#7331=CARTESIAN_POINT('',(0.0202222750265754,0.0124492365756284,-0.0952029306391838));
#7332=CARTESIAN_POINT('',(0.0215532065042964,0.,-0.0980096846824042));
#7333=CARTESIAN_POINT('',(0.0215611448563403,-7.4253576738632E-5,-0.0980264255906092));
#7334=CARTESIAN_POINT('',(0.0220999099802176,0.0124492365756284,-0.0941224988572317));
#7335=CARTESIAN_POINT('',(0.0235246291477908,0.,-0.0968169907141116));
#7336=CARTESIAN_POINT('',(0.0235331268973032,-7.4253576738632E-5,-0.0968330620335577));
#7337=CARTESIAN_POINT('',(0.0230302274663608,0.0124492365756284,-0.093544259292011));
#7338=CARTESIAN_POINT('',(0.0245012870351638,0.,-0.0961815152023372));
#7339=CARTESIAN_POINT('',(0.0245100611823908,-7.4253576738632E-5,-0.0961972451374965));
#7340=CARTESIAN_POINT('',(0.0248716216008201,0.0124492365756284,-0.0923131256191824));
#7341=CARTESIAN_POINT('',(0.0264341434645282,0.,-0.0948338377939043));
#7342=CARTESIAN_POINT('',(0.026443463139386,-7.4253576738632E-5,-0.0948488726029679));
#7343=CARTESIAN_POINT('',(0.02578269807097,0.0124492365756284,-0.0916602316306943));
#7344=CARTESIAN_POINT('',(0.0273903418195041,0.,-0.094121636027642));
#7345=CARTESIAN_POINT('',(0.0273999306242252,-7.4253576738632E-5,-0.0941363170949639));
#7346=CARTESIAN_POINT('',(0.0275834153064895,0.0124492365756284,-0.0902813619758415));
#7347=CARTESIAN_POINT('',(0.0292799756143021,0.,-0.0926222218519883));
#7348=CARTESIAN_POINT('',(0.0292900947625922,-7.4253576738632E-5,-0.0926361839304975));
#7349=CARTESIAN_POINT('',(0.0284730558976287,0.0124492365756284,-0.089555386442891));
#7350=CARTESIAN_POINT('',(0.0302134108712907,0.,-0.0918350095876745));
#7351=CARTESIAN_POINT('',(0.0302237912332353,-7.4253576738632E-5,-0.091848606419182));
#7352=CARTESIAN_POINT('',(0.0302287581486638,0.0124492365756284,-0.0880321026237876));
#7353=CARTESIAN_POINT('',(0.0320552697381982,0.,-0.0901874708648824));
#7354=CARTESIAN_POINT('',(0.0320661639820061,-7.4253576738632E-5,-0.0902003265769671));
#7355=CARTESIAN_POINT('',(0.0310948196386848,0.0124492365756284,-0.0872347944850216));
#7356=CARTESIAN_POINT('',(0.032963693169906,0.,-0.0893271445658136));
#7357=CARTESIAN_POINT('',(0.032974840081873,-7.4253576738632E-5,-0.0893396244055487));
#7358=CARTESIAN_POINT('',(0.0328012772647314,0.0124492365756284,-0.0855707662258114));
#7359=CARTESIAN_POINT('',(0.0347533399095848,0.,-0.0875354503609736));
#7360=CARTESIAN_POINT('',(0.034764983003723,-7.4253576738632E-5,-0.0875471687360974));
#7361=CARTESIAN_POINT('',(0.0336416732356468,0.0124492365756284,-0.0847040462663721));
#7362=CARTESIAN_POINT('',(0.0356345630443965,0.,-0.0866040826285598));
#7363=CARTESIAN_POINT('',(0.0356464496524987,-7.4253576738632E-5,-0.0866154154114954));
#7364=CARTESIAN_POINT('',(0.0352947752308158,0.0124492365756284,-0.0829032823568833));
#7365=CARTESIAN_POINT('',(0.0373676862410963,0.,-0.0846725492899452));
#7366=CARTESIAN_POINT('',(0.0373800501363311,-7.4253576738632E-5,-0.084683102097516));
#7367=CARTESIAN_POINT('',(0.0361074810951216,0.0124492365756284,-0.0819692385810687));
#7368=CARTESIAN_POINT('',(0.0382195861352941,0.,-0.0836723838706321));
#7369=CARTESIAN_POINT('',(0.0382321838036513,-7.4253576738632E-5,-0.0836825422951015));
#7370=CARTESIAN_POINT('',(0.0377032449919118,0.0124492365756284,-0.0800360772192876));
#7371=CARTESIAN_POINT('',(0.0398920105434302,0.,-0.081605664631238));
#7372=CARTESIAN_POINT('',(0.0399050654540551,-7.4253576738632E-5,-0.081615026448618));
#7373=CARTESIAN_POINT('',(0.0384863028699964,0.0124492365756284,-0.0790369598203661));
#7374=CARTESIAN_POINT('',(0.0407125348955513,0.,-0.0805391110111246));
#7375=CARTESIAN_POINT('',(0.0407258132752772,-7.4253576738632E-5,-0.0805480706045935));
#7376=CARTESIAN_POINT('',(0.0400208843334083,0.0124492365756284,-0.076976058161338));
#7377=CARTESIAN_POINT('',(0.0423202314982376,0.,-0.0783421847786219));
#7378=CARTESIAN_POINT('',(0.0423339459738294,-7.4253576738632E-5,-0.0783503330523731));
#7379=CARTESIAN_POINT('',(0.0407724077702554,0.0124492365756284,-0.0759142741006363));
#7380=CARTESIAN_POINT('',(0.0431074035932482,0.,-0.0772118123787986));
#7381=CARTESIAN_POINT('',(0.0431213306955628,-7.4253576738632E-5,-0.0772195515568216));
#7382=CARTESIAN_POINT('',(0.0422421098591299,0.0124492365756284,-0.0737305970369716));
#7383=CARTESIAN_POINT('',(0.0446464993085512,0.,-0.0748899717409094));
#7384=CARTESIAN_POINT('',(0.0446608403097369,-7.4253576738632E-5,-0.0748968868411266));
#7385=CARTESIAN_POINT('',(0.0429602883689547,0.0124492365756284,-0.0726087042452929));
#7386=CARTESIAN_POINT('',(0.0453984227799264,0.,-0.0736985037274959));
#7387=CARTESIAN_POINT('',(0.0454129650532204,-7.4253576738632E-5,-0.0737050038457152));
#7388=CARTESIAN_POINT('',(0.0443615704422292,0.0124492365756284,-0.0703075124463055));
#7389=CARTESIAN_POINT('',(0.046865209791459,0.,-0.0712573422016861));
#7390=CARTESIAN_POINT('',(0.0468801427695107,-7.4253576738632E-5,-0.0712630074692872));
#7391=CARTESIAN_POINT('',(0.0450446738700963,0.0124492365756284,-0.0691282136616512));
#7392=CARTESIAN_POINT('',(0.0475800731896956,0.,-0.0700076489254871));
#7393=CARTESIAN_POINT('',(0.0475951956003589,-7.4253576738632E-5,-0.0700128943245486));
#7394=CARTESIAN_POINT('',(0.0463741601165184,0.0124492365756284,-0.0667150508999454));
#7395=CARTESIAN_POINT('',(0.0489710178790716,0.,-0.0674530474836929));
#7396=CARTESIAN_POINT('',(0.0489865068591371,-7.4253576738632E-5,-0.067457449270552));
#7397=CARTESIAN_POINT('',(0.0470205428064375,0.0124492365756284,-0.0654811871563822));
#7398=CARTESIAN_POINT('',(0.0496470990356286,0.,-0.0661481395652711));
#7399=CARTESIAN_POINT('',(0.0496627651524493,-7.4253576738632E-5,-0.066152117608549));
#7400=CARTESIAN_POINT('',(0.0482750303771903,0.0124492365756284,-0.0629618669524191));
#7401=CARTESIAN_POINT('',(0.050958850495259,0.,-0.0634862524661224));
#7402=CARTESIAN_POINT('',(0.0509748581630288,-7.4253576738632E-5,-0.0634893801679494));
#7403=CARTESIAN_POINT('',(0.0488831351366447,0.0124492365756284,-0.061676410735779));
#7404=CARTESIAN_POINT('',(0.0515945206714124,0.,-0.0621292735429496));
#7405=CARTESIAN_POINT('',(0.0516106927533429,-7.4253576738632E-5,-0.0621319746469892));
#7406=CARTESIAN_POINT('',(0.0500596018612902,0.0124492365756284,-0.0590570023525963));
#7407=CARTESIAN_POINT('',(0.0528239187771351,0.,-0.0593665135056221));
#7408=CARTESIAN_POINT('',(0.0528404065687353,-7.4253576738632E-5,-0.0593683595875094));
#7409=CARTESIAN_POINT('',(0.0506279637126509,0.0124492365756284,-0.0577230504394976));
#7410=CARTESIAN_POINT('',(0.0534176465877526,0.,-0.0579607326587814));
#7411=CARTESIAN_POINT('',(0.0534342856748311,-7.4253576738632E-5,-0.0579621503163865));
#7412=CARTESIAN_POINT('',(0.051723575379803,0.0124492365756284,-0.0550098642613235));
#7413=CARTESIAN_POINT('',(0.0545617296118483,0.,-0.0551037554141942));
#7414=CARTESIAN_POINT('',(0.0545786578067448,-7.4253576738632E-5,-0.0551043154287688));
#7415=CARTESIAN_POINT('',(0.0522508250895874,0.0124492365756284,-0.0536306302587653));
#7416=CARTESIAN_POINT('',(0.0551120847146296,0.,-0.0536525592928776));
#7417=CARTESIAN_POINT('',(0.0551291507218379,-7.4253576738632E-5,-0.0536526900887868));
#7418=CARTESIAN_POINT('',(0.0532629422747758,0.0124492365756284,-0.05083020258875));
#7419=CARTESIAN_POINT('',(0.0561680964608835,0.,-0.0507082475494545));
#7420=CARTESIAN_POINT('',(0.0561854242775721,-7.4253576738632E-5,-0.0507075201475922));
#7421=CARTESIAN_POINT('',(0.0537478096522513,0.0124492365756284,-0.0494090091922515));
#7422=CARTESIAN_POINT('',(0.0566737530021805,0.,-0.0492151322122283));
#7423=CARTESIAN_POINT('',(0.0566912048160124,-7.4253576738632E-5,-0.0492139758313429));
#7424=CARTESIAN_POINT('',(0.0546739940765258,0.0124492365756284,-0.0465280865059406));
#7425=CARTESIAN_POINT('',(0.0576391494458001,0.,-0.0461905790748505));
#7426=CARTESIAN_POINT('',(0.0576568351400527,-7.4253576738632E-5,-0.0461885660089262));
#7427=CARTESIAN_POINT('',(0.0551153110337108,0.0124492365756284,-0.0450683574948752));
#7428=CARTESIAN_POINT('',(0.0580988892547147,0.,-0.044659141567343));
#7429=CARTESIAN_POINT('',(0.0581166848322221,-7.4253576738632E-5,-0.0446567007954858));
#7430=CARTESIAN_POINT('',(0.0559533314376693,0.0124492365756284,-0.0421138801873591));
#7431=CARTESIAN_POINT('',(0.0589713446711087,0.,-0.041561633449438));
#7432=CARTESIAN_POINT('',(0.0589893456365387,-7.4253576738632E-5,-0.0415583395691038));
#7433=CARTESIAN_POINT('',(0.0563500348033591,0.0124492365756284,-0.040619132176772));
#7434=CARTESIAN_POINT('',(0.0593840601941727,0.,-0.0399955631387433));
#7435=CARTESIAN_POINT('',(0.0594021566642506,-7.4253576738632E-5,-0.0399918438559474));
#7436=CARTESIAN_POINT('',(0.0570978723224463,0.0124492365756284,-0.037598217842666));
#7437=CARTESIAN_POINT('',(0.0601614727618248,0.,-0.0368325622086768));
#7438=CARTESIAN_POINT('',(0.0601797456325298,-7.4253576738632E-5,-0.0368279954491789));
#7439=CARTESIAN_POINT('',(0.0574490064034859,0.0124492365756284,-0.0360720518114391));
#7440=CARTESIAN_POINT('',(0.0605261697311935,0.,-0.0352356318953448));
#7441=CARTESIAN_POINT('',(0.0605445234978605,-7.4253576738632E-5,-0.0352306430616883));
#7442=CARTESIAN_POINT('',(0.0581048594316157,0.0124492365756284,-0.0329919780979751));
#7443=CARTESIAN_POINT('',(0.061206666595135,0.,-0.0320147580994034));
#7444=CARTESIAN_POINT('',(0.0612251673501689,-7.4253576738632E-5,-0.0320089294624655));
#7445=CARTESIAN_POINT('',(0.058409578315248,0.0124492365756284,-0.031438070713754));
#7446=CARTESIAN_POINT('',(0.0615224664238655,0.,-0.0303908149284336));
#7447=CARTESIAN_POINT('',(0.0615410332712901,-7.4253576738632E-5,-0.0303845685624538));
#7448=CARTESIAN_POINT('',(0.0589718668450297,0.0124492365756284,-0.0283062577882902));
#7449=CARTESIAN_POINT('',(0.0621044082075467,0.,-0.0271198276337071));
#7450=CARTESIAN_POINT('',(0.0621230922769702,-7.4253576738632E-5,-0.027112751161026));
#7451=CARTESIAN_POINT('',(0.0592294364367739,0.0124492365756284,-0.0267283525500695));
#7452=CARTESIAN_POINT('',(0.0623705501061908,0.,-0.0254727838264386));
#7453=CARTESIAN_POINT('',(0.0623892853052112,-7.4253576738632E-5,-0.0254652949761783));
#7454=CARTESIAN_POINT('',(0.0596968058658885,0.0124492365756284,-0.0235523452242578));
#7455=CARTESIAN_POINT('',(0.0628525348608827,0.,-0.0221595631278247));
#7456=CARTESIAN_POINT('',(0.062871357233136,-7.4253576738632E-5,-0.0221512558672429));
#7457=CARTESIAN_POINT('',(0.0599066056580378,0.0124492365756284,-0.0219542434439647));
#7458=CARTESIAN_POINT('',(0.0630683776702954,0.,-0.0204933865570534));
#7459=CARTESIAN_POINT('',(0.0630872360861763,-7.4253576738632E-5,-0.0204846732638086));
#7460=CARTESIAN_POINT('',(0.0602779300525937,0.0124492365756284,-0.0187416929976383));
#7461=CARTESIAN_POINT('',(0.063449244252507,0.,-0.0171459142934187));
#7462=CARTESIAN_POINT('',(0.0634681595828468,-7.4253576738632E-5,-0.0171363962578547));
#7463=CARTESIAN_POINT('',(0.0604394546190724,0.0124492365756284,-0.0171272446424391));
#7464=CARTESIAN_POINT('',(0.0636142679884547,0.,-0.0154646189244439));
#7465=CARTESIAN_POINT('',(0.0636332041896203,-7.4253576738632E-5,-0.0154547021793015));
#7466=CARTESIAN_POINT('',(0.0607138394260791,0.0124492365756284,-0.0138858903910095));
#7467=CARTESIAN_POINT('',(0.0638930988572295,0.,-0.0120909594496756));
#7468=CARTESIAN_POINT('',(0.0639120615769681,-7.4253576738632E-5,-0.0120802535689107));
#7469=CARTESIAN_POINT('',(0.0608266996400587,0.0124492365756284,-0.0122589848084));
#7470=CARTESIAN_POINT('',(0.064006905963078,0.,-0.0103985956703044));
#7471=CARTESIAN_POINT('',(0.0640258743305611,-7.4253576738632E-5,-0.0103874993635719));
#7472=CARTESIAN_POINT('',(0.0610034838424829,0.0124492365756284,-0.00899663545816793));
#7473=CARTESIAN_POINT('',(0.0641830293904305,0.,-0.00700687642557483));
#7474=CARTESIAN_POINT('',(0.0642019938167151,-7.4253576738632E-5,-0.0069950084910135));
#7475=CARTESIAN_POINT('',(0.0610674078138225,0.0124492365756284,-0.00736119200619756));
#7476=CARTESIAN_POINT('',(0.0642453456948935,0.,-0.00530752128838602));
#7477=CARTESIAN_POINT('',(0.0642643005322355,-7.4253576738632E-5,-0.00529527215203822));
#7478=CARTESIAN_POINT('',(0.061146165523036,0.0124492365756284,-0.00408570684249576));
#7479=CARTESIAN_POINT('',(0.0643183373840606,0.,-0.00190591322243523));
#7480=CARTESIAN_POINT('',(0.0643372578299273,-7.4253576738632E-5,-0.00189291182497136));
#7481=CARTESIAN_POINT('',(0.0611609992532896,0.0124492365756284,-0.00244566544768766));
#7482=CARTESIAN_POINT('',(0.0643290127617023,0.,-0.000203660622799745));
#7483=CARTESIAN_POINT('',(0.0643479084050397,-7.4253576738632E-5,-0.000190288166079057));
#7484=CARTESIAN_POINT('',(0.0611415407350725,0.0124492365756284,0.000835064598825868));
#7485=CARTESIAN_POINT('',(0.0642986968693114,0.,0.00319964149259568));
#7486=CARTESIAN_POINT('',(0.0643175277537488,-7.4253576738632E-5,0.00321374503145682));
#7487=CARTESIAN_POINT('',(0.0611072484884847,0.0124492365756284,0.00247575293310061));
#7488=CARTESIAN_POINT('',(0.0642577056022121,0.,0.00490069067906532));
#7489=CARTESIAN_POINT('',(0.0642764965302851,-7.4253576738632E-5,0.00491515424073937));
#7490=CARTESIAN_POINT('',(0.0609896206201118,0.0124492365756284,0.0057538242963858));
#7491=CARTESIAN_POINT('',(0.0641241551619034,0.,0.00829748799101535));
#7492=CARTESIAN_POINT('',(0.0641428511196615,-7.4253576738632E-5,0.00831265969461332));
#7493=CARTESIAN_POINT('',(0.0609062850097081,0.0124492365756284,0.00739120700822275));
#7494=CARTESIAN_POINT('',(0.0640315960016159,0.,0.00999323578783481));
#7495=CARTESIAN_POINT('',(0.0640502369454328,-7.4253576738632E-5,0.0100087556104753));
#7496=CARTESIAN_POINT('',(0.0606907711670174,0.0124492365756284,0.0106587225272403));
#7497=CARTESIAN_POINT('',(0.0637951327480977,0.,0.0133753451140906));
#7498=CARTESIAN_POINT('',(0.0638136487389767,-7.4253576738632E-5,0.0133915484324626));
#7499=CARTESIAN_POINT('',(0.0605585929555826,0.0124492365756284,0.0122888550182687));
#7500=CARTESIAN_POINT('',(0.0636512286777463,0.,0.0150617063162872));
#7501=CARTESIAN_POINT('',(0.0636696747296407,-7.4253576738632E-5,0.0150782450112819));
#7502=CARTESIAN_POINT('',(0.0602457123302979,0.0124492365756284,0.0155379429619327));
#7503=CARTESIAN_POINT('',(0.0633124222717082,0.,0.0184209798592441));
#7504=CARTESIAN_POINT('',(0.0633307136890643,-7.4253576738632E-5,0.0184381757571768));
#7505=CARTESIAN_POINT('',(0.060065009946721,0.0124492365756284,0.0171568981001991));
#7506=CARTESIAN_POINT('',(0.063117519968803,0.,0.0200938918749739));
#7507=CARTESIAN_POINT('',(0.0631357266906203,-7.4253576738632E-5,0.0201114095991582));
#7508=CARTESIAN_POINT('',(0.0596555162956736,0.0124492365756284,0.0203797311310668));
#7509=CARTESIAN_POINT('',(0.0626771866245529,0.,0.0234222368504293));
#7510=CARTESIAN_POINT('',(0.0626952094027595,-7.4253576738632E-5,0.0234403839014985));
#7511=CARTESIAN_POINT('',(0.0594267250678241,0.0124492365756284,0.0219836087118395));
#7512=CARTESIAN_POINT('',(0.0624317556258129,0.,0.0250776694881171));
#7513=CARTESIAN_POINT('',(0.0624496791559655,-7.4253576738632E-5,0.0250961240397588));
#7514=CARTESIAN_POINT('',(0.0589216048970868,0.0124492365756284,0.0251724227428528));
#7515=CARTESIAN_POINT('',(0.0618909561449458,0.,0.0283670676214965));
#7516=CARTESIAN_POINT('',(0.0619086668655516,-7.4253576738632E-5,0.0283861221078666));
#7517=CARTESIAN_POINT('',(0.0586452760030725,0.0124492365756284,0.0267573588845562));
#7518=CARTESIAN_POINT('',(0.0615955877151443,0.,0.0300010327989188));
#7519=CARTESIAN_POINT('',(0.0616131848742781,-7.4253576738632E-5,0.0300203797193867));
#7520=CARTESIAN_POINT('',(0.05804574619138,0.0124492365756284,0.0299044717834071));
#7521=CARTESIAN_POINT('',(0.0609556249309781,0.,0.0332435596420015));
#7522=CARTESIAN_POINT('',(0.0609729809273059,-7.4253576738632E-5,0.033263475659746));
#7523=CARTESIAN_POINT('',(0.05772254533171,0.0124492365756284,0.0314666482360521));
#7524=CARTESIAN_POINT('',(0.0606110306385337,0.,0.0348521209939275));
#7525=CARTESIAN_POINT('',(0.060628259033551,-7.4253576738632E-5,0.0348723136747956));
#7526=CARTESIAN_POINT('',(0.0570300501988912,0.0124492365756284,0.0345644783321129));
#7527=CARTESIAN_POINT('',(0.0598734462774695,0.,0.0380399650155369));
#7528=CARTESIAN_POINT('',(0.059890405737404,-7.4253576738632E-5,0.0380606945852245));
#7529=CARTESIAN_POINT('',(0.0566607559927455,0.0124492365756284,0.0361001316757947));
#7530=CARTESIAN_POINT('',(0.0594804562802155,0.,0.039619247376777));
#7531=CARTESIAN_POINT('',(0.0594972744064037,-7.4253576738632E-5,0.0396402371721084));
#7532=CARTESIAN_POINT('',(0.0558769638202309,0.0124492365756284,0.039141216025026));
#7533=CARTESIAN_POINT('',(0.0586470272475839,0.,0.0427447287814429));
#7534=CARTESIAN_POINT('',(0.0586635493143005,-7.4253576738632E-5,0.0427662219637245));
#7535=CARTESIAN_POINT('',(0.0554624659296985,0.0124492365756284,0.0406466467363319));
#7536=CARTESIAN_POINT('',(0.0582065882928457,0.,0.0442909275224593));
#7537=CARTESIAN_POINT('',(0.0582229556338657,-7.4253576738632E-5,0.0443126638659985));
#7538=CARTESIAN_POINT('',(0.0545892649414836,0.0124492365756284,0.043623659100169));
#7539=CARTESIAN_POINT('',(0.0572793223921861,0.,0.0473465167517179));
#7540=CARTESIAN_POINT('',(0.057295367262579,-7.4253576738632E-5,0.0473687217676349));
#7541=CARTESIAN_POINT('',(0.0541305619282886,0.0124492365756284,0.0450952404646557));
#7542=CARTESIAN_POINT('',(0.0567924955359834,0.,0.048855906944313));
#7543=CARTESIAN_POINT('',(0.0568083726614771,-7.4253576738632E-5,0.0488783374713047));
#7544=CARTESIAN_POINT('',(0.0531700557420374,0.0124492365756284,0.0480010089595585));
#7545=CARTESIAN_POINT('',(0.0557736266320694,0.,0.0518342428160731));
#7546=CARTESIAN_POINT('',(0.0557891556526405,-7.4253576738632E-5,0.0518571061717972));
#7547=CARTESIAN_POINT('',(0.0526682526619161,0.0124492365756284,0.0494351958088237));
#7548=CARTESIAN_POINT('',(0.0552415846829398,0.,0.053303188207066));
#7549=CARTESIAN_POINT('',(0.0552569333435212,-7.4253576738632E-5,0.0533262588804059));
#7550=CARTESIAN_POINT('',(0.0516227552211618,0.0124492365756284,0.0522627201839728));
#7551=CARTESIAN_POINT('',(0.0541335673202032,0.,0.0561970956493412));
#7552=CARTESIAN_POINT('',(0.0541485430801817,-7.4253576738632E-5,0.0562205622650458));
#7553=CARTESIAN_POINT('',(0.051079060961687,0.0124492365756284,0.0536560574362764));
#7554=CARTESIAN_POINT('',(0.0535575920138036,0.,0.0576220574206202));
#7555=CARTESIAN_POINT('',(0.053572375233205,-7.4253576738632E-5,0.0576457126610355));
#7556=CARTESIAN_POINT('',(0.049951090961339,0.0124492365756284,0.0563985259377901));
#7557=CARTESIAN_POINT('',(0.0523630955031222,0.,0.0604245647569055));
#7558=CARTESIAN_POINT('',(0.0523774819245906,-7.4253576738632E-5,0.060448578099458));
#7559=CARTESIAN_POINT('',(0.0493668153296038,0.0124492365756284,0.0577476569216495));
#7560=CARTESIAN_POINT('',(0.0517445744144152,0.,0.0618021100507519));
#7561=CARTESIAN_POINT('',(0.0517587565785662,-7.4253576738632E-5,0.0618262928706964));
#7562=CARTESIAN_POINT('',(0.0481590901481916,0.0124492365756284,0.0603984627026958));
#7563=CARTESIAN_POINT('',(0.0504664764025087,0.,0.0645064657954037));
#7564=CARTESIAN_POINT('',(0.0504802388273176,-7.4253576738632E-5,0.0645309680145586));
#7565=CARTESIAN_POINT('',(0.0475356407153693,0.0124492365756284,0.061700137243401));
#7566=CARTESIAN_POINT('',(0.049806899602973,0.,0.0658332759845459));
#7567=CARTESIAN_POINT('',(0.0498204465457979,-7.4253576738632E-5,0.0658579281254883));
#7568=CARTESIAN_POINT('',(0.0462510698686391,0.0124492365756284,0.0642528942806702));
#7569=CARTESIAN_POINT('',(0.0484482791399003,0.,0.0684329651077016));
#7570=CARTESIAN_POINT('',(0.0484613844131629,-7.4253576738632E-5,0.0684578971754668));
#7571=CARTESIAN_POINT('',(0.0455899485790211,0.0124492365756284,0.0655039765302394));
#7572=CARTESIAN_POINT('',(0.047749235607818,0.,0.0697058437901793));
#7573=CARTESIAN_POINT('',(0.047762114693545,-7.4253576738632E-5,0.0697309058629527));
#7574=CARTESIAN_POINT('',(0.0442316267106577,0.0124492365756284,0.0679525350084337));
#7575=CARTESIAN_POINT('',(0.0463133657292757,0.,0.0721946034130354));
#7576=CARTESIAN_POINT('',(0.0463257822792408,-7.4253576738632E-5,0.0722199052658758));
#7577=CARTESIAN_POINT('',(0.0435344262633381,0.0124492365756284,0.0691500110001459));
#7578=CARTESIAN_POINT('',(0.0455765395217447,0.,0.0734104841126113));
#7579=CARTESIAN_POINT('',(0.0455887197235282,-7.4253576738632E-5,0.0734358957404873));
#7580=CARTESIAN_POINT('',(0.0421056256896973,0.0124492365756284,0.0714884721274228));
#7581=CARTESIAN_POINT('',(0.0440668793640376,0.,0.0757823185952468));
#7582=CARTESIAN_POINT('',(0.0440785772781487,-7.4253576738632E-5,0.0758079292787827));
#7583=CARTESIAN_POINT('',(0.0413740257016215,0.0124492365756284,0.072629457036727));
#7584=CARTESIAN_POINT('',(0.0432940455599304,0.,0.0769382721488167));
#7585=CARTESIAN_POINT('',(0.0433054975345975,-7.4253576738632E-5,0.0769639721129578));
#7586=CARTESIAN_POINT('',(0.0398781885284335,0.0124492365756284,0.074852187255406));
#7587=CARTESIAN_POINT('',(0.0417142320266089,0.,0.0791874675342147));
#7588=CARTESIAN_POINT('',(0.0417251831235665,-7.4253576738632E-5,0.0792133253500663));
#7589=CARTESIAN_POINT('',(0.0391139514880529,0.0124492365756284,0.0759339323497179));
#7590=CARTESIAN_POINT('',(0.0409072524502514,0.,0.0802807091484192));
#7591=CARTESIAN_POINT('',(0.040917948608992,-7.4253576738632E-5,0.0803066355353609));
#7592=CARTESIAN_POINT('',(0.0375546813180877,0.0124492365756284,0.078035576908014));
#7593=CARTESIAN_POINT('',(0.0392610914504928,0.,0.0824018469278901));
#7594=CARTESIAN_POINT('',(0.0392712693481449,-7.4253576738632E-5,0.0824278895823142));
#7595=CARTESIAN_POINT('',(0.0367596483393721,0.0124492365756284,0.0790554761686512));
#7596=CARTESIAN_POINT('',(0.0384219101863678,0.,0.0834297428879234));
#7597=CARTESIAN_POINT('',(0.0384318247611987,-7.4253576738632E-5,0.0834558332387286));
#7598=CARTESIAN_POINT('',(0.0351407015910451,0.0124492365756284,0.0810309720207411));
#7599=CARTESIAN_POINT('',(0.036713367466207,0.,0.0854177130547666));
#7600=CARTESIAN_POINT('',(0.0367227476451069,-7.4253576738632E-5,0.0854438778087275));
#7601=CARTESIAN_POINT('',(0.0343167879780768,0.0124492365756284,0.0819865684210525));
#7602=CARTESIAN_POINT('',(0.0358440061754832,0.,0.0863777870692283));
#7603=CARTESIAN_POINT('',(0.0358531152813251,-7.4253576738632E-5,0.0864039785299567));
#7604=CARTESIAN_POINT('',(0.0326420648359077,0.0124492365756284,0.0838311564243955));
#7605=CARTESIAN_POINT('',(0.0340771977639839,0.,0.0882278004291863));
#7606=CARTESIAN_POINT('',(0.0340857576264588,-7.4253576738632E-5,0.0882540242495));
#7607=CARTESIAN_POINT('',(0.0317912554687467,0.0124492365756284,0.084720147848952));
#7608=CARTESIAN_POINT('',(0.0331797508141578,0.,0.0891177395956827));
#7609=CARTESIAN_POINT('',(0.0331880325063769,-7.4253576738632E-5,0.0891439690688112));
#7610=CARTESIAN_POINT('',(0.0300647904874734,0.0124492365756284,0.0864293842294813));
#7611=CARTESIAN_POINT('',(0.0313589331075374,0.,0.0908253393045294));
#7612=CARTESIAN_POINT('',(0.0313666520321289,-7.4253576738632E-5,0.0908515590157159));
#7613=CARTESIAN_POINT('',(0.0291891350404073,0.0124492365756284,0.0872496290200749));
#7614=CARTESIAN_POINT('',(0.0304355625269183,0.,0.091642999681659));
#7615=CARTESIAN_POINT('',(0.0304429968541926,-7.4253576738632E-5,0.0916692039780895));
#7616=CARTESIAN_POINT('',(0.0274150874253903,0.0124492365756284,0.0888193960776384));
#7617=CARTESIAN_POINT('',(0.0285651220345167,0.,0.0932040719821277));
#7618=CARTESIAN_POINT('',(0.0285719814256595,-7.4253576738632E-5,0.0932302244186061));
#7619=CARTESIAN_POINT('',(0.0265166954290892,0.0124492365756284,0.0895689181927237));
#7620=CARTESIAN_POINT('',(0.0276180523037107,0.,0.0939474837544236));
#7621=CARTESIAN_POINT('',(0.0276246213560947,-7.4253576738632E-5,0.0939735997457108));
#7622=CARTESIAN_POINT('',(0.024699339016421,0.0124492365756284,0.0909954342209842));
#7623=CARTESIAN_POINT('',(0.0257024950805054,0.,0.0953582678866087));
#7624=CARTESIAN_POINT('',(0.0257084784133253,-7.4253576738632E-5,0.0953842900448688));
#7625=CARTESIAN_POINT('',(0.0237803747758944,0.0124492365756284,0.0916724279961353));
#7626=CARTESIAN_POINT('',(0.0247340077734481,0.,0.0960256401099959));
#7627=CARTESIAN_POINT('',(0.0247396957255192,-7.4253576738632E-5,0.0960516048804292));
#7628=CARTESIAN_POINT('',(0.0219240877363549,0.0124492365756284,0.0929522563930328));
#7629=CARTESIAN_POINT('',(0.0227779485645729,0.,0.0972827373713528));
#7630=CARTESIAN_POINT('',(0.0227830414246971,-7.4253576738632E-5,0.0973085665617361));
#7631=CARTESIAN_POINT('',(0.0209867651169496,0.0124492365756284,0.0935550908909479));
#7632=CARTESIAN_POINT('',(0.0217903768520161,0.,0.0978724622876905));
#7633=CARTESIAN_POINT('',(0.0217951700009996,-7.4253576738632E-5,0.0978982132858637));
#7634=CARTESIAN_POINT('',(0.0190960194086087,0.0124492365756284,0.0946851484377746));
#7635=CARTESIAN_POINT('',(0.0197985279754356,0.,0.098972844220808));
#7636=CARTESIAN_POINT('',(0.0198027180937179,-7.4253576738632E-5,0.0989984182185326));
#7637=CARTESIAN_POINT('',(0.0181425965026144,0.0124492365756284,0.0952123713773462));
#7638=CARTESIAN_POINT('',(0.0187942510041358,0.,0.099483501131119));
#7639=CARTESIAN_POINT('',(0.0187981378029159,-7.4253576738632E-5,0.0995089763206221));
#7640=CARTESIAN_POINT('',(0.0162219470974932,0.0124492365756284,0.0961899356664903));
#7641=CARTESIAN_POINT('',(0.0167714109982591,0.,0.100424516819538));
#7642=CARTESIAN_POINT('',(0.0167746882803377,-7.4253576738632E-5,0.100449774014603));
#7643=CARTESIAN_POINT('',(0.0152547207842006,0.0124492365756284,0.0966402769214776));
#7644=CARTESIAN_POINT('',(0.0157528481594043,0.,0.100854875506597));
#7645=CARTESIAN_POINT('',(0.0157558192443424,-7.4253576738632E-5,0.100880013515467));
#7646=CARTESIAN_POINT('',(0.0133087946949449,0.0124492365756284,0.0974629929149422));
#7647=CARTESIAN_POINT('',(0.0137038902229856,0.,0.101634257961101));
#7648=CARTESIAN_POINT('',(0.0137062467736007,-7.4253576738632E-5,0.101659137506712));
#7649=CARTESIAN_POINT('',(0.0123300951072621,0.0124492365756284,0.0978353675738168));
#7650=CARTESIAN_POINT('',(0.0126734953236707,0.,0.101983281653136));
#7651=CARTESIAN_POINT('',(0.0126755435371629,-7.4253576738632E-5,0.102008021921708));
#7652=CARTESIAN_POINT('',(0.0103635802402641,0.0124492365756284,0.098501253276712));
#7653=CARTESIAN_POINT('',(0.0106033555758461,0.,0.102599153273126));
#7654=CARTESIAN_POINT('',(0.010604785717861,-7.4253576738632E-5,0.102623595232278));
#7655=CARTESIAN_POINT('',(0.00937576515122131,0.0124492365756284,0.0987947642563042));
#7656=CARTESIAN_POINT('',(0.00956361092763507,0.,0.102866001141492));
#7657=CARTESIAN_POINT('',(0.00956473133535559,-7.4253576738632E-5,0.102890284068291));
#7658=CARTESIAN_POINT('',(0.00739339901304187,0.0124492365756284,0.0993022154916474));
#7659=CARTESIAN_POINT('',(0.00747727651637996,0.,0.103316878238292));
#7660=CARTESIAN_POINT('',(0.0074777768044573,-7.4253576738632E-5,0.103340823728164));
#7661=CARTESIAN_POINT('',(0.00639884815571125,0.0124492365756284,0.0995161556982991));
#7662=CARTESIAN_POINT('',(0.00643068695520146,0.,0.1035009074231));
#7663=CARTESIAN_POINT('',(0.00643087685799003,-7.4253576738632E-5,0.10352467450843));
#7664=CARTESIAN_POINT('',(0.00440540644001203,0.0124492365756284,0.0998639499716165));
#7665=CARTESIAN_POINT('',(0.00433318404285389,0.,0.103785703794291));
#7666=CARTESIAN_POINT('',(0.00433275327175584,-7.4253576738632E-5,0.103809095128102));
#7667=CARTESIAN_POINT('',(0.00340651577452117,0.0124492365756284,0.0999978040046309));
#7668=CARTESIAN_POINT('',(0.00328227089463112,0.,0.103886470953118));
#7669=CARTESIAN_POINT('',(0.00328152983499527,-7.4253576738632E-5,0.103909664939987));
#7670=CARTESIAN_POINT('',(0.00140680085700017,0.0124492365756284,0.100185103449055));
#7671=CARTESIAN_POINT('',(0.00117865254942649,0.,0.104004500499297));
#7672=CARTESIAN_POINT('',(0.00117729175691835,-7.4253576738632E-5,0.104027281325273));
#7673=CARTESIAN_POINT('',(0.000405976798454644,0.0124492365756284,0.100238548842342));
#7674=CARTESIAN_POINT('',(0.000125947555982525,0.,0.104021762875229));
#7675=CARTESIAN_POINT('',(0.00012427731919984,-7.4253576738632E-5,0.104044327887292));
#7676=CARTESIAN_POINT('',(-0.00159519383249749,0.0124492365756284,0.100264902237106));
#7677=CARTESIAN_POINT('',(-0.00197871842123036,0.,0.103972741252881));
#7678=CARTESIAN_POINT('',(-0.00198100595688025,-7.4253576738632E-5,0.103994856690018));
#7679=CARTESIAN_POINT('',(-0.00259554021127849,0.0124492365756284,0.100237810236033));
#7680=CARTESIAN_POINT('',(-0.0030306792013598,0.,0.103906457259344));
#7681=CARTESIAN_POINT('',(-0.00303327459154261,-7.4253576738632E-5,0.10392833893551));
#7682=CARTESIAN_POINT('',(-0.00459334556032996,0.0124492365756284,0.1001031540935));
#7683=CARTESIAN_POINT('',(-0.00513132248589486,0.,0.10369050256585));
#7684=CARTESIAN_POINT('',(-0.00513453125381275,-7.4253576738632E-5,0.103711899336123));
#7685=CARTESIAN_POINT('',(-0.00559080433730042,0.0124492365756284,0.0999955899650694));
#7686=CARTESIAN_POINT('',(-0.00618000478705026,0.,0.103540831886789));
#7687=CARTESIAN_POINT('',(-0.00618351907811093,-7.4253576738632E-5,0.103561977512185));
#7688=CARTESIAN_POINT('',(-0.00758043151637826,0.0124492365756284,0.0997002486836817));
#7689=CARTESIAN_POINT('',(-0.00827156474524044,0.,0.103158464375923));
#7690=CARTESIAN_POINT('',(-0.00827568701522336,-7.4253576738632E-5,0.103179090932638));
#7691=CARTESIAN_POINT('',(-0.0157396354403495,0.0122670623004006,-0.0964694654315655));
#7692=CARTESIAN_POINT('',(-0.0143462324804204,0.0122309550628187,-0.0971300696858274));
#7693=CARTESIAN_POINT('',(-0.0122149589446481,0.0121583765245138,-0.0980150226488931));
#7694=CARTESIAN_POINT('',(-0.00931741846893984,0.0120259505552658,-0.0989609037244401));
#7695=CARTESIAN_POINT('',(-0.00707941881433596,0.0119064422278642,-0.0995564673531769));
#7696=CARTESIAN_POINT('',(-0.00493439405582808,0.0117761912821765,-0.100002912248924));
#7697=CARTESIAN_POINT('',(-0.00268182604897232,0.0116241939296239,-0.100343264954962));
#7698=CARTESIAN_POINT('',(-0.0007658131148702,0.011482190939522,-0.100517397774125));
#7699=CARTESIAN_POINT('',(0.000609421198194244,0.0113737049761254,-0.100578739431311));
#7700=CARTESIAN_POINT('',(0.0013927891402072,0.0113101116898164,-0.100595725659224));
#7701=CARTESIAN_POINT('',(0.00201090932479807,0.0112589284306585,-0.100598943590846));
#7702=CARTESIAN_POINT('',(0.00252944458434788,0.0112152405977356,-0.100593875545037));
#7703=CARTESIAN_POINT('',(0.00326996943030404,0.0111519455023233,-0.100576738440257));
#7704=CARTESIAN_POINT('',(0.00420485614787275,0.0110702010097799,-0.100534215325319));
#7705=CARTESIAN_POINT('',(0.00516942500648504,0.0109835428806901,-0.100461629372041));
#7706=CARTESIAN_POINT('',(0.00586463013482193,0.0109198334025325,-0.100392576839308));
#7707=CARTESIAN_POINT('',(0.00625634294057756,0.0108836119875529,-0.100349175555578));
#7708=CARTESIAN_POINT('',(0.00657972283739557,0.0108535067136061,-0.100310466235013));
#7709=CARTESIAN_POINT('',(0.00679987672986556,0.0108328940955471,-0.100282478042409));
#7710=CARTESIAN_POINT('',(0.00713808515708748,0.0108010965144401,-0.100237615995035));
#7711=CARTESIAN_POINT('',(0.0077302580859137,0.0107450102998929,-0.100152856007588));
#7712=CARTESIAN_POINT('',(0.00845574895134142,0.0106754215080195,-0.100034228132503));
#7713=CARTESIAN_POINT('',(0.00921878618618875,0.0106013541235007,-0.0998915296859706));
#7714=CARTESIAN_POINT('',(0.00981272654186331,0.0105432768797808,-0.0997709666376264));
#7715=CARTESIAN_POINT('',(0.010320825536653,0.0104932494168136,-0.0996595231541047));
#7716=CARTESIAN_POINT('',(0.0106921204863654,0.01045650107164,-0.0995731307389038));
#7717=CARTESIAN_POINT('',(0.0108960274849553,0.0104362735597806,-0.0995244529024066));
#7718=CARTESIAN_POINT('',(0.0110804666328177,0.0104179415363942,-0.0994794407091329));
#7719=CARTESIAN_POINT('',(0.0111504415263777,0.0104109754353697,-0.0994620784772867));
#7720=CARTESIAN_POINT('',(0.0112932787159626,0.010396749052438,-0.0994264637006309));
#7721=CARTESIAN_POINT('',(0.0115434515531043,0.0103717926138691,-0.0993629045103771));
#7722=CARTESIAN_POINT('',(0.011969598755739,0.0103291802620869,-0.0992507995040187));
#7723=CARTESIAN_POINT('',(0.0125597382441916,0.0102700001177891,-0.0990865828192056));
#7724=CARTESIAN_POINT('',(0.0132686406765833,0.010198681066593,-0.0988760557353316));
#7725=CARTESIAN_POINT('',(0.013964739832739,0.0101285062949203,-0.0986543877344549));
#7726=CARTESIAN_POINT('',(0.0145465695026548,0.0100698337591435,-0.0984583291661398));
#7727=CARTESIAN_POINT('',(0.0149636286180305,0.0100277791817956,-0.0983113306594521));
#7728=CARTESIAN_POINT('',(0.0152079066340539,0.0100031665406727,-0.0982230020884874));
#7729=CARTESIAN_POINT('',(0.015347050034124,0.00998915806971468,-0.0981720140401649));
#7730=CARTESIAN_POINT('',(0.0154152344164549,0.00998229532295468,-0.0981469426652945));
#7731=CARTESIAN_POINT('',(0.0155942946474676,0.00996429021929072,-0.0980803518468442));
#7732=CARTESIAN_POINT('',(0.0157917176898955,0.00994446128558429,-0.0980058503353259));
#7733=CARTESIAN_POINT('',(0.0161499768032548,0.00990852778013819,-0.0978684209063898));
#7734=CARTESIAN_POINT('',(0.0166365171248619,0.00985988721099544,-0.0976750641319897));
#7735=CARTESIAN_POINT('',(0.0171994185725664,0.00980387816334495,-0.0974418567352036));
#7736=CARTESIAN_POINT('',(0.0182732577762714,0.00969761359787748,-0.0969791090150126));
#7737=CARTESIAN_POINT('',(0.0190652487817145,0.00962054907381167,-0.0966040892970189));
#7738=CARTESIAN_POINT('',(0.0196337242034743,0.0095663036330058,-0.0963213554223692));
#7739=CARTESIAN_POINT('',(0.,0.03937,0.));
#7740=CARTESIAN_POINT('',(0.0577380271792708,0.03937,8.67361737988404E-19));
#7741=CARTESIAN_POINT('',(0.0581677446228705,0.03937,0.00540210485628477));
#7742=CARTESIAN_POINT('',(0.0572642821619484,0.03937,0.0201499045526864));
#7743=CARTESIAN_POINT('',(0.0510799924065457,0.03937,0.0454665894399941));
#7744=CARTESIAN_POINT('',(0.0414412580339231,0.03937,0.0677751223254621));
#7745=CARTESIAN_POINT('',(0.031864593989263,0.03937,0.080982447074237));
#7746=CARTESIAN_POINT('',(0.0118909447350181,0.03937,0.0955699001920798));
#7747=CARTESIAN_POINT('',(0.000223288752579862,0.03937,0.0976070883368453));
#7748=CARTESIAN_POINT('',(-0.0185735498274486,0.03937,0.0954108393198));
#7749=CARTESIAN_POINT('',(-0.0346160320007457,0.03937,0.0778292478983838));
#7750=CARTESIAN_POINT('',(-0.0474868009535216,0.03937,0.0601875187492371));
#7751=CARTESIAN_POINT('',(-0.0529279006331452,0.03937,0.0393499767714318));
#7752=CARTESIAN_POINT('',(-0.0575207624277562,0.03937,0.026075080385743));
#7753=CARTESIAN_POINT('',(-0.0588414527115115,0.03937,0.00616867921511317));
#7754=CARTESIAN_POINT('',(-0.0433207110800371,0.03937,0.0259392960090837));
#7755=CARTESIAN_POINT('',(-0.0325725309161247,0.03937,0.0284164687248354));
#7756=CARTESIAN_POINT('',(-0.0174868362786005,0.03937,0.0345410124410211));
#7757=CARTESIAN_POINT('',(0.000531509493480357,0.03937,0.031578981804964));
#7758=CARTESIAN_POINT('',(0.0214072457868759,0.03937,0.0192491708024988));
#7759=CARTESIAN_POINT('',(0.0322839777098985,0.03937,0.00477811114606331));
#7760=CARTESIAN_POINT('',(0.0405787606649846,0.03937,-0.00972641559533163));
#7761=CARTESIAN_POINT('',(0.0521344154251962,0.03937,-0.025587685036705));
#7762=CARTESIAN_POINT('',(0.0557512091057862,0.03937,-0.0107492462014834));
#7763=CARTESIAN_POINT('',(0.0573970947274975,0.03937,-0.00428596251053157));
#7764=CARTESIAN_POINT('',(0.0577380271792708,0.03937,8.67361737988404E-19));
#7765=CARTESIAN_POINT('',(-0.0157396354403495,0.0122670623004006,-0.0964694654315656));
#7766=CARTESIAN_POINT('',(-0.0153935338129607,0.0122580937722383,-0.0966335502039071));
#7767=CARTESIAN_POINT('',(-0.0150454505647688,0.0122483693088833,-0.0967934422122258));
#7768=CARTESIAN_POINT('',(-0.0143454758452726,0.0122273977905427,-0.0971045611715936));
#7769=CARTESIAN_POINT('',(-0.0139935843739684,0.0122161507355571,-0.0972557881226427));
#7770=CARTESIAN_POINT('',(-0.012932430153128,0.0121801096012864,-0.0976960520960507));
#7771=CARTESIAN_POINT('',(-0.0122176875966644,0.0121530155526876,-0.0979716722386698));
#7772=CARTESIAN_POINT('',(-0.0100534009214908,0.0120624048746927,-0.0987415107968854));
#7773=CARTESIAN_POINT('',(-0.00858385645597775,0.0119895855182786,-0.0991785911753794));
#7774=CARTESIAN_POINT('',(-0.00560597280472654,0.0118197180646877,-0.0998846372866442));
#7775=CARTESIAN_POINT('',(-0.00409764393676544,0.0117226707543565,-0.100153520886201));
#7776=CARTESIAN_POINT('',(-0.00106110843827555,0.0115066507331589,-0.100511617964407));
#7777=CARTESIAN_POINT('',(0.000467047786482708,0.0113877240825086,-0.100600757325469));
#7778=CARTESIAN_POINT('',(0.00352157588809986,0.0111326312542201,-0.100594367863745));
#7779=CARTESIAN_POINT('',(0.00504792703906941,0.0109964623966335,-0.100498837316265));
#7780=CARTESIAN_POINT('',(0.00807710996760561,0.0107137152492079,-0.100125668863082));
#7781=CARTESIAN_POINT('',(0.00957996170408476,0.0105671707919502,-0.0998480600761214));
#7782=CARTESIAN_POINT('',(0.0125428168101163,0.0102725009216254,-0.0991200379959537));
#7783=CARTESIAN_POINT('',(0.0140028022909257,0.0101243727231998,-0.0986697085459178));
#7784=CARTESIAN_POINT('',(0.0161491694413898,0.00990847103360616,-0.097875179864088));
#7785=CARTESIAN_POINT('',(0.0168573681225032,0.00983755321936599,-0.097590510796541));
#7786=CARTESIAN_POINT('',(0.0179077232043249,0.00973370232667289,-0.0971353249556729));
#7787=CARTESIAN_POINT('',(0.0182558510749574,0.00969950633388638,-0.0969788993021256));
#7788=CARTESIAN_POINT('',(0.0189479496052255,0.00963211490874086,-0.0966569134186581));
#7789=CARTESIAN_POINT('',(0.019291920264861,0.00959891947638184,-0.0964913531887379));
#7790=CARTESIAN_POINT('',(0.0196337242034742,0.00956630363300578,-0.0963213554223693));
#7791=CARTESIAN_POINT('',(-0.0156680301971474,0.0127827955233292,-0.0963176774285298));
#7792=CARTESIAN_POINT('',(-0.0153231934975938,0.0127739260726395,-0.0964812741451543));
#7793=CARTESIAN_POINT('',(-0.0149758697137481,0.0127644135420956,-0.0966408930888244));
#7794=CARTESIAN_POINT('',(-0.0142779678154876,0.0127437678664417,-0.0969512868372284));
#7795=CARTESIAN_POINT('',(-0.0139271280774574,0.0127326934794319,-0.0971021621478231));
#7796=CARTESIAN_POINT('',(-0.0128691713197585,0.0126972016684456,-0.0975414087540156));
#7797=CARTESIAN_POINT('',(-0.0121566160037628,0.0126705083588703,-0.0978164031371984));
#7798=CARTESIAN_POINT('',(-0.00999906787990286,0.012581201000366,-0.0985845410424692));
#7799=CARTESIAN_POINT('',(-0.00853429278998666,0.0125093922342059,-0.0990207122406216));
#7800=CARTESIAN_POINT('',(-0.00556633089637214,0.0123418277584701,-0.0997255687343059));
#7801=CARTESIAN_POINT('',(-0.00406323437984997,0.0122460748220598,-0.099994154005137));
#7802=CARTESIAN_POINT('',(-0.00103751227315979,0.0120329208536448,-0.100352405874579));
#7803=CARTESIAN_POINT('',(0.000484954134138554,0.011915568793534,-0.100441990092206));
#7804=CARTESIAN_POINT('',(0.00352785825007369,0.0116638833936445,-0.100437359290358));
#7805=CARTESIAN_POINT('',(0.00504814561456066,0.0115295510120622,-0.100343143615817));
#7806=CARTESIAN_POINT('',(0.00806496404086125,0.0112507036514778,-0.0999735745472));
#7807=CARTESIAN_POINT('',(0.00956140630255753,0.0111062258267885,-0.0996982663929348));
#7808=CARTESIAN_POINT('',(0.0125112730367353,0.0108158666689675,-0.0989759042778582));
#7809=CARTESIAN_POINT('',(0.0139645881292906,0.0106699845150403,-0.0985289566466891));
#7810=CARTESIAN_POINT('',(0.0161008326843769,0.010457537171643,-0.0977403662088786));
#7811=CARTESIAN_POINT('',(0.0168056316973553,0.0103877837996803,-0.0974578228498636));
#7812=CARTESIAN_POINT('',(0.0178508631873675,0.0102856930238477,-0.0970060480889651));
#7813=CARTESIAN_POINT('',(0.0181972790140568,0.0102520875412977,-0.0968507961539875));
#7814=CARTESIAN_POINT('',(0.0188859468067626,0.0101858824400943,-0.0965312320471952));
#7815=CARTESIAN_POINT('',(0.0192277145682047,0.0101533822007563,-0.0963671455783316));
#7816=CARTESIAN_POINT('',(0.0195682832164003,0.0101212521229668,-0.0961982102262404));
#7817=CARTESIAN_POINT('',(-0.0155922670761446,0.0132939876398559,-0.096157075602092));
#7818=CARTESIAN_POINT('',(-0.0152486033772049,0.0132852186294606,-0.0963202226986898));
#7819=CARTESIAN_POINT('',(-0.0149027241211721,0.0132757781746056,-0.096479302799253));
#7820=CARTESIAN_POINT('',(-0.0142071180984938,0.0132554687144877,-0.0967888230413632));
#7821=CARTESIAN_POINT('',(-0.0138574302181417,0.013244584858922,-0.0969392550903422));
#7822=CARTESIAN_POINT('',(-0.0128029868394437,0.013209698489535,-0.0973771535441597));
#7823=CARTESIAN_POINT('',(-0.0120928165124368,0.0131834575788514,-0.0976512313830096));
#7824=CARTESIAN_POINT('',(-0.00994271935513484,0.0130956054430399,-0.0984167767594203));
#7825=CARTESIAN_POINT('',(-0.00848313719185926,0.0130248445460273,-0.0988514355959255));
#7826=CARTESIAN_POINT('',(-0.00552616407251115,0.0128596242767104,-0.0995540891934221));
#7827=CARTESIAN_POINT('',(-0.00402880625812454,0.0127651556415748,-0.0998219875528539));
#7828=CARTESIAN_POINT('',(-0.00101507344649475,0.0125549129151242,-0.100179878639187));
#7829=CARTESIAN_POINT('',(0.000501196969198538,0.0124391610174098,-0.100269805296523));
#7830=CARTESIAN_POINT('',(0.00353130668895937,0.0121909751104067,-0.100267028114661));
#7831=CARTESIAN_POINT('',(0.00504504206990036,0.0120585365791725,-0.100174329883192));
#7832=CARTESIAN_POINT('',(0.00804847398778335,0.0117836992712919,-0.0998090434619276));
#7833=CARTESIAN_POINT('',(0.00953811997269945,0.0116413322636436,-0.0995365014260615));
#7834=CARTESIAN_POINT('',(0.0124741674120881,0.0113552703625436,-0.0988209095266735));
#7835=CARTESIAN_POINT('',(0.0139205138727991,0.0112115769819119,-0.0983779654325634));
#7836=CARTESIAN_POINT('',(0.0160461414068943,0.0110024179909574,-0.0975960879641471));
#7837=CARTESIAN_POINT('',(0.0167473818779324,0.01093376963001,-0.0973159156868093));
#7838=CARTESIAN_POINT('',(0.0177873350904835,0.010833359688119,-0.0968677401821301));
#7839=CARTESIAN_POINT('',(0.0181319953643857,0.0108003194266323,-0.0967137002766409));
#7840=CARTESIAN_POINT('',(0.0188173923531759,0.010735220282318,-0.096396476347385));
#7841=CARTESIAN_POINT('',(0.0191582443202945,0.0107031430821621,-0.0962332329649858));
#7842=CARTESIAN_POINT('',(0.0194976526311237,0.0106715039014399,-0.0960652993753272));
#7843=CARTESIAN_POINT('',(-0.0154324678483703,0.0143073314227993,-0.0958183349654311));
#7844=CARTESIAN_POINT('',(-0.0150913724468334,0.0142987663859886,-0.09598047079362));
#7845=CARTESIAN_POINT('',(-0.0147482125200311,0.0142895869891756,-0.0961384464634688));
#7846=CARTESIAN_POINT('',(-0.0140580202555718,0.0142698848094636,-0.0964457426521191));
#7847=CARTESIAN_POINT('',(-0.0137109825654429,0.014259366944283,-0.0965950658190108));
#7848=CARTESIAN_POINT('',(-0.0126644862426031,0.0142256788470994,-0.0970296288446194));
#7849=CARTESIAN_POINT('',(-0.0119596324590594,0.0142003666499707,-0.0973014671569573));
#7850=CARTESIAN_POINT('',(-0.00982590434111977,0.0141154533878203,-0.0980605625671595));
#7851=CARTESIAN_POINT('',(-0.00837772001943251,0.0140468270508162,-0.098491341801258));
#7852=CARTESIAN_POINT('',(-0.00544467938620261,0.0138863038665521,-0.099188173222723));
#7853=CARTESIAN_POINT('',(-0.00395983586326278,0.0137944255884753,-0.0994541121654301));
#7854=CARTESIAN_POINT('',(-0.000972058469583399,0.013590044951362,-0.0998105454476952));
#7855=CARTESIAN_POINT('',(0.000530787811313139,0.0134775464344595,-0.0999009813684473));
#7856=CARTESIAN_POINT('',(0.00353341261911066,0.0132364791261802,-0.0999020093165784));
#7857=CARTESIAN_POINT('',(0.00503309536555756,0.01310790733139,-0.0998126096223223));
#7858=CARTESIAN_POINT('',(0.00800809193788327,0.0128412138836527,-0.0994567667270503));
#7859=CARTESIAN_POINT('',(0.00948334890343092,0.0127031153195235,-0.0991903805701904));
#7860=CARTESIAN_POINT('',(0.0123905136987686,0.0124256286075513,-0.098489664783882));
#7861=CARTESIAN_POINT('',(0.0138223268662855,0.0122862329331146,-0.0980554747785941));
#7862=CARTESIAN_POINT('',(0.0159264456048609,0.0120833972937201,-0.0972877477480602));
#7863=CARTESIAN_POINT('',(0.0166205408055034,0.0120168501833678,-0.0970124651777639));
#7864=CARTESIAN_POINT('',(0.0176503751188548,0.0119195512242053,-0.0965714594973788));
#7865=CARTESIAN_POINT('',(0.0179917731344237,0.0118875394381161,-0.0964197760791178));
#7866=CARTESIAN_POINT('',(0.018671242778259,0.0118244288551225,-0.0961070190604418));
#7867=CARTESIAN_POINT('',(0.0190092455580916,0.0117933413183729,-0.0959459761041977));
#7868=CARTESIAN_POINT('',(0.0193461064037472,0.0117626915664335,-0.0957801235134196));
#7869=CARTESIAN_POINT('',(-0.0153484317415988,0.014809483089216,-0.0956401961552081));
#7870=CARTESIAN_POINT('',(-0.0150087702752672,0.0148010216801841,-0.0958017523407865));
#7871=CARTESIAN_POINT('',(-0.0146670833821821,0.0147919724361011,-0.0959591034220995));
#7872=CARTESIAN_POINT('',(-0.0139798194236088,0.0147725868582388,-0.096265123595421));
#7873=CARTESIAN_POINT('',(-0.0136342587719597,0.0147622483543638,-0.0964137895573788));
#7874=CARTESIAN_POINT('',(-0.0125921649564592,0.0147291637718862,-0.0968463743495837));
#7875=CARTESIAN_POINT('',(-0.0118902352713198,0.01470432528359,-0.0971168789806885));
#7876=CARTESIAN_POINT('',(-0.00976544658561192,0.0146209052363271,-0.0978721103428678));
#7877=CARTESIAN_POINT('',(-0.00832344689310854,0.0145533574203716,-0.0983005236588927));
#7878=CARTESIAN_POINT('',(-0.00540336672777231,0.0143951902334224,-0.0989937312913139));
#7879=CARTESIAN_POINT('',(-0.00392528435905357,0.0143046121254073,-0.0992584012058773));
#7880=CARTESIAN_POINT('',(-0.000951489753551292,0.0141031864358809,-0.0996137336966104));
#7881=CARTESIAN_POINT('',(0.000544144587224448,0.0139923381665798,-0.0997043387171163));
#7882=CARTESIAN_POINT('',(0.00353206264328558,0.0137548915707898,-0.0997073168235307));
#7883=CARTESIAN_POINT('',(0.00502425811388351,0.0136282918174671,-0.0996196984436746));
#7884=CARTESIAN_POINT('',(0.00798419253523306,0.0133657337874713,-0.0992690174358594));
#7885=CARTESIAN_POINT('',(0.00945187259291908,0.0132297940996078,-0.0990060188212427));
#7886=CARTESIAN_POINT('',(0.0123439587370314,0.0129565844072592,-0.0983134130286726));
#7887=CARTESIAN_POINT('',(0.0137682317582767,0.0128192993966716,-0.0978839731106818));
#7888=CARTESIAN_POINT('',(0.0158614422730733,0.0126194943415771,-0.0971236879604058));
#7889=CARTESIAN_POINT('',(0.0165519762008172,0.0125539376939005,-0.0968509276748018));
#7890=CARTESIAN_POINT('',(0.0175768732754195,0.0124580869793566,-0.0964135377017986));
#7891=CARTESIAN_POINT('',(0.0179167066806926,0.0124265493384185,-0.0962630259698251));
#7892=CARTESIAN_POINT('',(0.0185931428326471,0.0123643965163083,-0.0959525672615924));
#7893=CARTESIAN_POINT('',(0.0189297530977511,0.0123337787479467,-0.0957926129269483));
#7894=CARTESIAN_POINT('',(0.0192651907616473,0.0123036274529539,-0.0956278585024252));
#7895=CARTESIAN_POINT('',(-0.0150839780973805,0.0163024400573421,-0.0950796102433895));
#7896=CARTESIAN_POINT('',(-0.0147490973309487,0.0162942941898679,-0.0952391918086019));
#7897=CARTESIAN_POINT('',(-0.0144121387456457,0.0162856488949025,-0.0953944756580225));
#7898=CARTESIAN_POINT('',(-0.0137343918941733,0.0162672312393715,-0.0956962250555533));
#7899=CARTESIAN_POINT('',(-0.0133935912639841,0.0162574549032861,-0.0958426928871547));
#7900=CARTESIAN_POINT('',(-0.0123658082256108,0.016226176846575,-0.0962686340095575));
#7901=CARTESIAN_POINT('',(-0.0116734457021149,0.0162027139127404,-0.0965346429374812));
#7902=CARTESIAN_POINT('',(-0.00957777512944637,0.0161236328700528,-0.09727687268292));
#7903=CARTESIAN_POINT('',(-0.0081558125359516,0.0160592174667632,-0.0976973186053299));
#7904=CARTESIAN_POINT('',(-0.00527750261690548,0.0159080178868819,-0.098378171180877));
#7905=CARTESIAN_POINT('',(-0.00382111747678404,0.0158213315961597,-0.0986384236379785));
#7906=CARTESIAN_POINT('',(-0.000892023141340909,0.0156288033933088,-0.098989638361405));
#7907=CARTESIAN_POINT('',(0.000580626317161791,0.0155229523231303,-0.0990805436855745));
#7908=CARTESIAN_POINT('',(0.00352186354111508,0.0152964927974862,-0.099089385365286));
#7909=CARTESIAN_POINT('',(0.00499037457206923,0.0151758865141778,-0.0990073308420974));
#7910=CARTESIAN_POINT('',(0.00790289135852391,0.0149258734263018,-0.0986728903880034));
#7911=CARTESIAN_POINT('',(0.00934682413533596,0.0147964754562784,-0.0984205883353124));
#7912=CARTESIAN_POINT('',(0.0121920153192766,0.0145361408701121,-0.0977534295791863));
#7913=CARTESIAN_POINT('',(0.0135930384888694,0.014405160079951,-0.0973388159949417));
#7914=CARTESIAN_POINT('',(0.0156530619897065,0.0142142312611256,-0.0966014919928245));
#7915=CARTESIAN_POINT('',(0.0163328627936853,0.0141515378437274,-0.0963364627727438));
#7916=CARTESIAN_POINT('',(0.0173426065769886,0.0140599005111765,-0.0959102351177457));
#7917=CARTESIAN_POINT('',(0.017677546798384,0.0140297554231427,-0.0957633717976584));
#7918=CARTESIAN_POINT('',(0.0183444732172885,0.0139704162158546,-0.0954600377400936));
#7919=CARTESIAN_POINT('',(0.0186764618939526,0.0139412254468995,-0.095303570565411));
#7920=CARTESIAN_POINT('',(0.0190071574594862,0.0139125775711209,-0.0951422979535517));
#7921=CARTESIAN_POINT('',(-0.01489121523603,0.0172797473279277,-0.0946709936606446));
#7922=CARTESIAN_POINT('',(-0.0145599990455474,0.0172718176677282,-0.094829019571251));
#7923=CARTESIAN_POINT('',(-0.0142267114007814,0.0172635120367083,-0.0949826404530922));
#7924=CARTESIAN_POINT('',(-0.0135562886595008,0.0172457919453162,-0.0952809568319856));
#7925=CARTESIAN_POINT('',(-0.0132191577301314,0.0172363849358094,-0.0954256558254039));
#7926=CARTESIAN_POINT('',(-0.0122024070196287,0.0172063104291245,-0.0958462095747729));
#7927=CARTESIAN_POINT('',(-0.011517442428383,0.0171837408558412,-0.0961085466145427));
#7928=CARTESIAN_POINT('',(-0.00944423140025364,0.0171073882351492,-0.0968402149341423));
#7929=CARTESIAN_POINT('',(-0.00803762021029805,0.0170448885031621,-0.0972542189650426));
#7930=CARTESIAN_POINT('',(-0.00519101779363107,0.016898170002573,-0.0979248995205692));
#7931=CARTESIAN_POINT('',(-0.00375097970927294,0.0168140582981714,-0.0981814124011364));
#7932=CARTESIAN_POINT('',(-0.000855347798996576,0.016627497349796,-0.0985288146391951));
#7933=CARTESIAN_POINT('',(0.000600192303013571,0.0165250376258127,-0.0986196482800105));
#7934=CARTESIAN_POINT('',(0.00350691146166856,0.0163060652943636,-0.0986324076929081));
#7935=CARTESIAN_POINT('',(0.00495801670814623,0.0161895562891268,-0.0985543443010626));
#7936=CARTESIAN_POINT('',(0.00783597159952864,0.015948092068112,-0.0982316981044349));
#7937=CARTESIAN_POINT('',(0.00926273786324611,0.0158231439536935,-0.0979872096851979));
#7938=CARTESIAN_POINT('',(0.0120744928789925,0.0155714552951098,-0.097338450136742));
#7939=CARTESIAN_POINT('',(0.0134592393559128,0.0154446325496116,-0.0969344504095326));
#7940=CARTESIAN_POINT('',(0.0154964618023253,0.0152593290652104,-0.096213335689508));
#7941=CARTESIAN_POINT('',(0.0161689598062468,0.0151984098071918,-0.0959537351056684));
#7942=CARTESIAN_POINT('',(0.0171680322510499,0.0151094135282422,-0.0955354341151522));
#7943=CARTESIAN_POINT('',(0.0174994573235322,0.0150801475225712,-0.0953911768067845));
#7944=CARTESIAN_POINT('',(0.0181592905723472,0.0150226266272322,-0.0950929734227998));
#7945=CARTESIAN_POINT('',(0.0184876986691823,0.0149943688911519,-0.0949390176279756));
#7946=CARTESIAN_POINT('',(0.0188147534235636,0.014966734261373,-0.0947802368997822));
#7947=CARTESIAN_POINT('',(-0.0144731108082487,0.0191987012209869,-0.0937847005162411));
#7948=CARTESIAN_POINT('',(-0.0141500923295101,0.0191912134572102,-0.0939391772696467));
#7949=CARTESIAN_POINT('',(-0.0138250255059745,0.0191833810810624,-0.094089022890325));
#7950=CARTESIAN_POINT('',(-0.0131710716414748,0.0191668259567994,-0.094379564590691));
#7951=CARTESIAN_POINT('',(-0.0128421857673534,0.0191580871998492,-0.0945202642902014));
#7952=CARTESIAN_POINT('',(-0.0118502995087508,0.0191299486877247,-0.0949288833176598));
#7953=CARTESIAN_POINT('',(-0.011182079267281,0.0191085953629184,-0.0951833473489296));
#7954=CARTESIAN_POINT('',(-0.00915962757126629,0.0190361251127057,-0.0958924477118281));
#7955=CARTESIAN_POINT('',(-0.00778751768788831,0.0189767478695167,-0.0962927005904999));
#7956=CARTESIAN_POINT('',(-0.0050114341600726,0.0188382742977572,-0.0969413565101299));
#7957=CARTESIAN_POINT('',(-0.003607440063372,0.0187591996630741,-0.097189640556588));
#7958=CARTESIAN_POINT('',(-0.000785103134641532,0.0185845060028674,-0.0975282537508499));
#7959=CARTESIAN_POINT('',(0.000633197275175129,0.0184888728699095,-0.0976185346427964));
#7960=CARTESIAN_POINT('',(0.00346514574655579,0.0182850283005735,-0.0976386433289827));
#7961=CARTESIAN_POINT('',(0.00487872844276027,0.0181768237721448,-0.0975684832989155));
#7962=CARTESIAN_POINT('',(0.00768247586053756,0.0179528150681954,-0.0972694265590363));
#7963=CARTESIAN_POINT('',(0.00907255020710541,0.0178370226792032,-0.0970406247638306));
#7964=CARTESIAN_POINT('',(0.0118130169699437,0.0176034475868506,-0.0964288128275851));
#7965=CARTESIAN_POINT('',(0.0131632440868159,0.0174855445050869,-0.096046061642646));
#7966=CARTESIAN_POINT('',(0.0151512301255047,0.017312345429628,-0.0953582529226469));
#7967=CARTESIAN_POINT('',(0.0158077388072199,0.0172552400266114,-0.0951099863300735));
#7968=CARTESIAN_POINT('',(0.0167830663613181,0.0171718287982713,-0.094708573805073));
#7969=CARTESIAN_POINT('',(0.0171066079587006,0.0171444072274146,-0.0945699280364482));
#7970=CARTESIAN_POINT('',(0.0177505870556074,0.0170906490145168,-0.0942827998250099));
#7971=CARTESIAN_POINT('',(0.0180710257901503,0.0170643154275616,-0.0941343213970376));
#7972=CARTESIAN_POINT('',(0.0183899347994131,0.0170387144463432,-0.0939808239457693));
#7973=CARTESIAN_POINT('',(-0.0142476913614568,0.0201402760410063,-0.0933068588646539));
#7974=CARTESIAN_POINT('',(-0.0139292427488041,0.0201330143420304,-0.0934593255687996));
#7975=CARTESIAN_POINT('',(-0.0136086335392334,0.0201258221501409,-0.0936068361658074));
#7976=CARTESIAN_POINT('',(-0.0129637273754775,0.020110108283541,-0.0938928647362371));
#7977=CARTESIAN_POINT('',(-0.0126394365967431,0.0201015821596037,-0.0940313932076328));
#7978=CARTESIAN_POINT('',(-0.0116614545158025,0.0200738941688063,-0.0944336495136765));
#7979=CARTESIAN_POINT('',(-0.0110026448416947,0.0200526511851226,-0.0946840418734127));
#7980=CARTESIAN_POINT('',(-0.00900856455795711,0.0199810835667141,-0.0953813022489128));
#7981=CARTESIAN_POINT('',(-0.00765559192054787,0.0199229345366417,-0.0957742330474588));
#7982=CARTESIAN_POINT('',(-0.00491832084246631,0.0197882119578658,-0.0964110325771296));
#7983=CARTESIAN_POINT('',(-0.00353402492414045,0.0197116028442896,-0.0966548173999297));
#7984=CARTESIAN_POINT('',(-0.000751526608538233,0.0195428101687474,-0.0969884437014421));
#7985=CARTESIAN_POINT('',(0.000646638015766724,0.019450613515536,-0.0970782406592176));
#7986=CARTESIAN_POINT('',(0.0034383227548661,0.019254415147271,-0.0971017814184546));
#7987=CARTESIAN_POINT('',(0.00483178229785114,0.0191504218515461,-0.0970355370982767));
#7988=CARTESIAN_POINT('',(0.00759586561319042,0.0189353349544889,-0.0967482889609835));
#7989=CARTESIAN_POINT('',(0.0089664013635354,0.0188242600340692,-0.0965273712716304));
#7990=CARTESIAN_POINT('',(0.0116689613030806,0.0186001999957852,-0.0959341287428822));
#7991=CARTESIAN_POINT('',(0.0130008683891423,0.0184871250659488,-0.0955620224350495));
#7992=CARTESIAN_POINT('',(0.0149624000094993,0.0183204539745171,-0.0948912922089051));
#7993=CARTESIAN_POINT('',(0.0156102597210048,0.0182653716952084,-0.0946489269066251));
#7994=CARTESIAN_POINT('',(0.0165726125833217,0.0181848002691583,-0.0942564471994861));
#7995=CARTESIAN_POINT('',(0.0168918251328419,0.0181582998076734,-0.0941207869873566));
#7996=CARTESIAN_POINT('',(0.017527036935174,0.0181064194325685,-0.0938395446899205));
#7997=CARTESIAN_POINT('',(0.0178430339951829,0.0180810404973647,-0.0936939584764643));
#7998=CARTESIAN_POINT('',(0.0181574110390303,0.0180564598708808,-0.0935432666081233));
#7999=CARTESIAN_POINT('',(-0.0139450911175824,0.021294465606863,-0.0926654102125458));
#8000=CARTESIAN_POINT('',(-0.0136328928985152,0.0212874907649591,-0.0928150918328734));
#8001=CARTESIAN_POINT('',(-0.0133186919834333,0.0212799850299648,-0.0929600826093277));
#8002=CARTESIAN_POINT('',(-0.0126866988223961,0.0212634980257987,-0.093241189371067));
#8003=CARTESIAN_POINT('',(-0.0123688643005508,0.0212546577705937,-0.0933772155691012));
#8004=CARTESIAN_POINT('',(-0.0114102391527976,0.0212263103171336,-0.0937718827913002));
#8005=CARTESIAN_POINT('',(-0.0107643165270796,0.0212050082943166,-0.0940171055546725));
#8006=CARTESIAN_POINT('',(-0.00880896362485537,0.0211341376015014,-0.0946992292788648));
#8007=CARTESIAN_POINT('',(-0.00748191803932745,0.0210775865702217,-0.0950826098245138));
#8008=CARTESIAN_POINT('',(-0.00479706016246901,0.0209475482884513,-0.0957039643648393));
#8009=CARTESIAN_POINT('',(-0.0034392475956269,0.020874053343173,-0.0959418391043499));
#8010=CARTESIAN_POINT('',(-0.000710113591627835,0.020712674437929,-0.096268723006202));
#8011=CARTESIAN_POINT('',(0.000661179038480429,0.0206247907927494,-0.0963576832252666));
#8012=CARTESIAN_POINT('',(0.00339925729458381,0.0204381888939737,-0.0963850515908736));
#8013=CARTESIAN_POINT('',(0.00476599071388903,0.0203394802369137,-0.0963234710571412));
#8014=CARTESIAN_POINT('',(0.00747739745288031,0.0201356774966066,-0.0960504910898347));
#8015=CARTESIAN_POINT('',(0.00882199323670266,0.0200306036342735,-0.0958391688658164));
#8016=CARTESIAN_POINT('',(0.0114739233833476,0.0198190209259998,-0.0952685682859254));
#8017=CARTESIAN_POINT('',(0.012781171923254,0.0197124891441286,-0.0949094466946826));
#8018=CARTESIAN_POINT('',(0.0147064470835949,0.0195555175593073,-0.0942594820298867));
#8019=CARTESIAN_POINT('',(0.0153423375383124,0.0195036355865196,-0.0940242653938431));
#8020=CARTESIAN_POINT('',(0.0162867518276931,0.0194274300339225,-0.093642832886127));
#8021=CARTESIAN_POINT('',(0.0165999875480046,0.0194023033926582,-0.0935109134011814));
#8022=CARTESIAN_POINT('',(0.0172231681350913,0.0193530145968693,-0.093237199572885));
#8023=CARTESIAN_POINT('',(0.0175331120948278,0.0193288551911675,-0.0930954032772925));
#8024=CARTESIAN_POINT('',(0.0178412937724539,0.0193055460112229,-0.0929484051224868));
#8025=CARTESIAN_POINT('',(-0.0138835087065872,0.0215242232107824,-0.0925348684984327));
#8026=CARTESIAN_POINT('',(-0.013572587469286,0.0215173059540964,-0.0926839794758845));
#8027=CARTESIAN_POINT('',(-0.0132597869231982,0.0215094131746825,-0.0928286492643428));
#8028=CARTESIAN_POINT('',(-0.0126304223076461,0.0214928124697158,-0.0931087361220895));
#8029=CARTESIAN_POINT('',(-0.0123139155444182,0.0214838776469728,-0.0932442739120631));
#8030=CARTESIAN_POINT('',(-0.0113592462575877,0.0214553912229278,-0.0936374102602487));
#8031=CARTESIAN_POINT('',(-0.0107159560983606,0.0214340709466455,-0.0938815920832373));
#8032=CARTESIAN_POINT('',(-0.0087685065079774,0.0213633376359605,-0.0945606583381294));
#8033=CARTESIAN_POINT('',(-0.0074467468813618,0.0213071079349837,-0.0949421087000571));
#8034=CARTESIAN_POINT('',(-0.0047725658149997,0.021178009755571,-0.0955603394920969));
#8035=CARTESIAN_POINT('',(-0.00342014311037293,0.0211051390493699,-0.0957970174335258));
#8036=CARTESIAN_POINT('',(-0.000701860674504549,0.0209452453716261,-0.0961225265182783));
#8037=CARTESIAN_POINT('',(0.000663972096044544,0.0208582251432014,-0.0962113077368114));
#8038=CARTESIAN_POINT('',(0.0033911644326293,0.0206735444233958,-0.0962394191030113));
#8039=CARTESIAN_POINT('',(0.00475247357726846,0.0205758935628377,-0.0961787603707343));
#8040=CARTESIAN_POINT('',(0.00745318953433037,0.0203743532932999,-0.0959086114485654));
#8041=CARTESIAN_POINT('',(0.00879252123407112,0.0202704839787832,-0.0956991967035886));
#8042=CARTESIAN_POINT('',(0.0114341640259463,0.0200614221939919,-0.0951330992490025));
#8043=CARTESIAN_POINT('',(0.0127363946976899,0.01995622003214,-0.0947765610755181));
#8044=CARTESIAN_POINT('',(0.0146542619110873,0.019801260730776,-0.0941307211519609));
#8045=CARTESIAN_POINT('',(0.0152877006430304,0.0197500527622309,-0.0938969217765003));
#8046=CARTESIAN_POINT('',(0.0162284389420366,0.0196747696599522,-0.0935176874562317));
#8047=CARTESIAN_POINT('',(0.016540450197166,0.0196499326591484,-0.0933865142864364));
#8048=CARTESIAN_POINT('',(0.0171611701135128,0.0196011772347841,-0.0931143137884057));
#8049=CARTESIAN_POINT('',(0.0174698778264313,0.0195772615635087,-0.0929732837597928));
#8050=CARTESIAN_POINT('',(0.0177767951291521,0.0195542065872411,-0.09282703320506));
#8051=CARTESIAN_POINT('',(-0.0137587311976018,0.0219797002700247,-0.0922703665141405));
#8052=CARTESIAN_POINT('',(-0.0134504164623857,0.0219728985583902,-0.0924183094990185));
#8053=CARTESIAN_POINT('',(-0.0131402640664589,0.0219650161507415,-0.0925618809827293));
#8054=CARTESIAN_POINT('',(-0.0125162683977551,0.0219481836667425,-0.0928399053325059));
#8055=CARTESIAN_POINT('',(-0.0122024386899453,0.0219391826503557,-0.0929743860834773));
#8056=CARTESIAN_POINT('',(-0.0112558158432948,0.0219105141434214,-0.0933643745336452));
#8057=CARTESIAN_POINT('',(-0.0106178840088098,0.0218891962422915,-0.093606433283331));
#8058=CARTESIAN_POINT('',(-0.00868652880474045,0.0218188046856934,-0.0942792916462786));
#8059=CARTESIAN_POINT('',(-0.0073755334120003,0.0217632340116239,-0.0946568399749095));
#8060=CARTESIAN_POINT('',(-0.00472307931627876,0.0216360406711231,-0.0952687530682466));
#8061=CARTESIAN_POINT('',(-0.00338161749904815,0.0215644244450598,-0.0955030099355655));
#8062=CARTESIAN_POINT('',(-0.000685386930913528,0.0214075089625119,-0.0958257192233384));
#8063=CARTESIAN_POINT('',(0.00066935855639514,0.0213222171519439,-0.0959141195705746));
#8064=CARTESIAN_POINT('',(0.00337445476745066,0.021141380462913,-0.0959436700692301));
#8065=CARTESIAN_POINT('',(0.00472475884716921,0.0210458451298501,-0.0958848309336896));
#8066=CARTESIAN_POINT('',(0.00740378281126797,0.0208488345990093,-0.0956202939942405));
#8067=CARTESIAN_POINT('',(0.0087324332327844,0.0207473778732958,-0.0954146688498556));
#8068=CARTESIAN_POINT('',(0.0113531734940085,0.02054339283732,-0.0948575243643262));
#8069=CARTESIAN_POINT('',(0.0126451941513207,0.0204408752457969,-0.0945061287915417));
#8070=CARTESIAN_POINT('',(0.0145479250793407,0.0202900735804402,-0.0938684710348493));
#8071=CARTESIAN_POINT('',(0.015176341756851,0.0202402804798302,-0.0936374744284363));
#8072=CARTESIAN_POINT('',(0.0161095343882225,0.0201669864773363,-0.0932625760747692));
#8073=CARTESIAN_POINT('',(0.0164190299919282,0.020142782937489,-0.0931328745283463));
#8074=CARTESIAN_POINT('',(0.0170347067857826,0.020095168318732,-0.0928636830994445));
#8075=CARTESIAN_POINT('',(0.0173408910659779,0.0200717466953061,-0.0927241981897463));
#8076=CARTESIAN_POINT('',(0.0176452310748184,0.020049199570778,-0.0925794592915408));
#8077=CARTESIAN_POINT('',(-0.0136954797625297,0.0222056390148234,-0.092136286821238));
#8078=CARTESIAN_POINT('',(-0.0133884945476327,0.0221988952630223,-0.0922836324564179));
#8079=CARTESIAN_POINT('',(-0.0130796749041029,0.0221910858339734,-0.0924266065920928));
#8080=CARTESIAN_POINT('',(-0.0124583810390647,0.0221742787474124,-0.0927035067736303));
#8081=CARTESIAN_POINT('',(-0.0121459145049956,0.0221652535736479,-0.0928374481461234));
#8082=CARTESIAN_POINT('',(-0.0112033767751339,0.0221365620763752,-0.0932258080575943));
#8083=CARTESIAN_POINT('',(-0.0105681731736765,0.0221152558573528,-0.0934667896900939));
#8084=CARTESIAN_POINT('',(-0.00864500784044696,0.0220450731119349,-0.0941364950774425));
#8085=CARTESIAN_POINT('',(-0.00733949130767788,0.0219898379404583,-0.0945120727899804));
#8086=CARTESIAN_POINT('',(-0.00469808707390555,0.0218636104552044,-0.0951207912893979));
#8087=CARTESIAN_POINT('',(-0.00336219642447561,0.0217926239320467,-0.0953538241787653));
#8088=CARTESIAN_POINT('',(-0.000677166082846246,0.0216372017041949,-0.0956751083217698));
#8089=CARTESIAN_POINT('',(0.00067195193977898,0.0215527747518191,-0.0957633068760456));
#8090=CARTESIAN_POINT('',(0.00336583796003013,0.0213738609845707,-0.0957935534728745));
#8091=CARTESIAN_POINT('',(0.00471056123248205,0.0212793833478043,-0.0957356121531726));
#8092=CARTESIAN_POINT('',(0.00737858398893128,0.0210846400774626,-0.0954738561677518));
#8093=CARTESIAN_POINT('',(0.0087018172028852,0.020984391384999,-0.0952701131515465));
#8094=CARTESIAN_POINT('',(0.0113119423019824,0.0207829621041104,-0.0947174185495595));
#8095=CARTESIAN_POINT('',(0.0125987708195738,0.0206817994114755,-0.0943685821709479));
#8096=CARTESIAN_POINT('',(0.0144937733614778,0.0205331431598248,-0.0937349817308952));
#8097=CARTESIAN_POINT('',(0.0151196195408954,0.020484091354023,-0.0935053702610606));
#8098=CARTESIAN_POINT('',(0.0160489416875254,0.0204118664946976,-0.0931326082974432));
#8099=CARTESIAN_POINT('',(0.0163571442223132,0.0203880128310868,-0.0930036282631199));
#8100=CARTESIAN_POINT('',(0.0169702413524396,0.0203409976189179,-0.0927359380849009));
#8101=CARTESIAN_POINT('',(0.017275138577953,0.0203178254584196,-0.0925972321447872));
#8102=CARTESIAN_POINT('',(0.0175781656678186,0.0202955319819541,-0.0924532573030359));
#8103=CARTESIAN_POINT('',(-0.013503159950553,0.0228781029088062,-0.0917286094096583));
#8104=CARTESIAN_POINT('',(-0.0132002402031258,0.0228715335189413,-0.0918741237536136));
#8105=CARTESIAN_POINT('',(-0.0128954923744095,0.0228639449209657,-0.0920152679899239));
#8106=CARTESIAN_POINT('',(-0.0122824117078245,0.0228473743097198,-0.0922886476418527));
#8107=CARTESIAN_POINT('',(-0.0119740778202227,0.0228384004971593,-0.0924208793053782));
#8108=CARTESIAN_POINT('',(-0.0110439626479846,0.0228098643296572,-0.0928041683187465));
#8109=CARTESIAN_POINT('',(-0.0104170683691478,0.0227886873321461,-0.0930418360121459));
#8110=CARTESIAN_POINT('',(-0.00851886566118216,0.0227193174698384,-0.0937018955489756));
#8111=CARTESIAN_POINT('',(-0.00723006195747654,0.0226651285978032,-0.0940714965923658));
#8112=CARTESIAN_POINT('',(-0.00462234578989644,0.0225418610263044,-0.0946705216638018));
#8113=CARTESIAN_POINT('',(-0.00330343320322922,0.0224727759258442,-0.094899844198155));
#8114=CARTESIAN_POINT('',(-0.000652514797074946,0.0223218492176478,-0.0952167802862055));
#8115=CARTESIAN_POINT('',(0.000679473821246241,0.0222400186016091,-0.0953043399146494));
#8116=CARTESIAN_POINT('',(0.00333924897555297,0.022066872778715,-0.0953366029270726));
#8117=CARTESIAN_POINT('',(0.00466699676976148,0.0219755650367274,-0.095281316949089));
#8118=CARTESIAN_POINT('',(0.00730155084188001,0.0217876193189884,-0.0950278249183265));
#8119=CARTESIAN_POINT('',(0.00860830154161226,0.0216909910699197,-0.0948296892288135));
#8120=CARTESIAN_POINT('',(0.0111860874239021,0.021497246902606,-0.0942902692422634));
#8121=CARTESIAN_POINT('',(0.0124570789457294,0.0214001565507222,-0.093949083755912));
#8122=CARTESIAN_POINT('',(0.0143284262861654,0.0212580636199439,-0.0933275723478806));
#8123=CARTESIAN_POINT('',(0.0149463934424132,0.0212112876089053,-0.0931020860941152));
#8124=CARTESIAN_POINT('',(0.0158638026323597,0.0211424990237836,-0.0927356121447468));
#8125=CARTESIAN_POINT('',(0.0161680184193577,0.0211197929096009,-0.0926087466113221));
#8126=CARTESIAN_POINT('',(0.0167731171285431,0.0210749269101885,-0.0923453793805886));
#8127=CARTESIAN_POINT('',(0.0170740708143467,0.0210525438069092,-0.0922090098765416));
#8128=CARTESIAN_POINT('',(0.0173730894200637,0.0210310098646801,-0.0920673500011997));
#8129=CARTESIAN_POINT('',(-0.0133715271101984,0.0233192778942042,-0.0914495755697065));
#8130=CARTESIAN_POINT('',(-0.0130714202164344,0.0233128253888776,-0.0915938167300049));
#8131=CARTESIAN_POINT('',(-0.0127694770068689,0.023305418908131,-0.0917336731748425));
#8132=CARTESIAN_POINT('',(-0.0121620222548909,0.0232891938844885,-0.0920045218190355));
#8133=CARTESIAN_POINT('',(-0.0118565113287591,0.0232803772566596,-0.0921355133620816));
#8134=CARTESIAN_POINT('',(-0.0109348980167932,0.0232522484024065,-0.0925151701611078));
#8135=CARTESIAN_POINT('',(-0.0103137084190252,0.0232312878359644,-0.0927505154423009));
#8136=CARTESIAN_POINT('',(-0.00843266566577066,0.0231627262662605,-0.0934038854717494));
#8137=CARTESIAN_POINT('',(-0.007155372527882,0.0231092892140713,-0.0937694154070536));
#8138=CARTESIAN_POINT('',(-0.00457083141520835,0.0229880817996829,-0.094361830269437));
#8139=CARTESIAN_POINT('',(-0.00326359044673075,0.0229202809679522,-0.0945886281373346));
#8140=CARTESIAN_POINT('',(-0.000636094361164485,0.0227723731416887,-0.0949025680994353));
#8141=CARTESIAN_POINT('',(0.000684145251831155,0.0226922758357475,-0.0949896572390401));
#8142=CARTESIAN_POINT('',(0.00332053970749758,0.0225229743812067,-0.0950231681619144));
#8143=CARTESIAN_POINT('',(0.00463665980070354,0.0224337756582926,-0.0949696017220424));
#8144=CARTESIAN_POINT('',(0.00724828115581493,0.022250355897756,-0.0947215132439649));
#8145=CARTESIAN_POINT('',(0.00854373570021404,0.0221561363122931,-0.0945270637339197));
#8146=CARTESIAN_POINT('',(0.0110993023892879,0.0219675391579226,-0.0939963927215068));
#8147=CARTESIAN_POINT('',(0.0123593886596849,0.0218731740269939,-0.093660271664002));
#8148=CARTESIAN_POINT('',(0.0142143352739243,0.0217356276764907,-0.0930467048307949));
#8149=CARTESIAN_POINT('',(0.01482682720968,0.0216904341269443,-0.092823927927338));
#8150=CARTESIAN_POINT('',(0.0157358905243048,0.0216242341891601,-0.0924614820870897));
#8151=CARTESIAN_POINT('',(0.0160372977462274,0.021602441898299,-0.0923359449813846));
#8152=CARTESIAN_POINT('',(0.0166366965783874,0.0215595417157788,-0.0920751773409042));
#8153=CARTESIAN_POINT('',(0.0169346472048784,0.0215385838299387,-0.0919398686863666));
#8154=CARTESIAN_POINT('',(0.0172309005181969,0.0215175543639325,-0.0917997825180262));
#8155=CARTESIAN_POINT('',(-0.0126965004564871,0.0254899731894839,-0.0900186615307216));
#8156=CARTESIAN_POINT('',(-0.0124109451902281,0.0254841072632547,-0.0901562860665733));
#8157=CARTESIAN_POINT('',(-0.0121234903490232,0.0254775496743208,-0.0902895066813869));
#8158=CARTESIAN_POINT('',(-0.0115450475190173,0.0254631105594217,-0.090547241892863));
#8159=CARTESIAN_POINT('',(-0.0112540575439221,0.025455231231408,-0.0906717558719748));
#8160=CARTESIAN_POINT('',(-0.010376120833633,0.0254298320820145,-0.0910323507173273));
#8161=CARTESIAN_POINT('',(-0.00978419804395062,0.025410580166976,-0.0912554781155395));
#8162=CARTESIAN_POINT('',(-0.00799132959074687,0.0253474151074444,-0.0918740109705953));
#8163=CARTESIAN_POINT('',(-0.00677326612121646,0.0252981966439584,-0.0922186762537107));
#8164=CARTESIAN_POINT('',(-0.00430796024450399,0.0251878682177543,-0.0927772915368665));
#8165=CARTESIAN_POINT('',(-0.0030607526223162,0.0251266095464487,-0.0929912312670606));
#8166=CARTESIAN_POINT('',(-0.000553645791145941,0.0249939222472564,-0.0932897440383536));
#8167=CARTESIAN_POINT('',(0.000706249847531158,0.0249224931594433,-0.0933742656104439));
#8168=CARTESIAN_POINT('',(0.00322260098112323,0.0247723541209233,-0.0934135368472019));
#8169=CARTESIAN_POINT('',(0.00447904257107908,0.0246936407330954,-0.0933682969026688));
#8170=CARTESIAN_POINT('',(0.00697291029562359,0.0245326500023684,-0.09314670311752));
#8171=CARTESIAN_POINT('',(0.00821032944077793,0.0244503469025378,-0.092970422562256));
#8172=CARTESIAN_POINT('',(0.0106515779845166,0.0242870049405648,-0.0924832072354273));
#8173=CARTESIAN_POINT('',(0.0118554344130202,0.0242059787920405,-0.0921723571887718));
#8174=CARTESIAN_POINT('',(0.0136257683025336,0.0240901855576072,-0.0915988584164401));
#8175=CARTESIAN_POINT('',(0.0142099540101309,0.0240526359949293,-0.0913897324748892));
#8176=CARTESIAN_POINT('',(0.0150762077040343,0.0239977717064055,-0.0910482265840271));
#8177=CARTESIAN_POINT('',(0.015363290404424,0.0239797121019877,-0.0909297582255392));
#8178=CARTESIAN_POINT('',(0.0159340598643088,0.0239435284708711,-0.0906836509442563));
#8179=CARTESIAN_POINT('',(0.0162177798195553,0.0239252795862428,-0.090556074878417));
#8180=CARTESIAN_POINT('',(0.0164997830077799,0.0239067554146194,-0.0904239840583857));
#8181=CARTESIAN_POINT('',(-0.0121028268076951,0.0271145961748532,-0.0887601986923118));
#8182=CARTESIAN_POINT('',(-0.0118303038779068,0.0271092060253684,-0.0888918088820392));
#8183=CARTESIAN_POINT('',(-0.011555866326135,0.0271033233581496,-0.0890189792510763));
#8184=CARTESIAN_POINT('',(-0.0110033998886057,0.0270906046457421,-0.0892646270824342));
#8185=CARTESIAN_POINT('',(-0.0107253723545732,0.0270837673628685,-0.089383106323844));
#8186=CARTESIAN_POINT('',(-0.0098863021180502,0.0270618380362676,-0.0897258189004419));
#8187=CARTESIAN_POINT('',(-0.00932027345729064,0.0270453215819365,-0.0899373391260431));
#8188=CARTESIAN_POINT('',(-0.00760542601255659,0.0269903700991487,-0.0905231934263051));
#8189=CARTESIAN_POINT('',(-0.00643989110121324,0.0269465232099633,-0.0908490358822481));
#8190=CARTESIAN_POINT('',(-0.00408052194186666,0.0268471272995567,-0.0913778364581562));
#8191=CARTESIAN_POINT('',(-0.00288666715137636,0.0267915965648044,-0.0915806816826606));
#8192=CARTESIAN_POINT('',(-0.000486313414973267,0.0266716045675893,-0.0918653485205969));
#8193=CARTESIAN_POINT('',(0.00072018597106943,0.0266071334506753,-0.0919471274961649));
#8194=CARTESIAN_POINT('',(0.00313044336697984,0.0264721235626393,-0.0919894620433837));
#8195=CARTESIAN_POINT('',(0.00433419690957476,0.0264015782233017,-0.0919500296899062));
#8196=CARTESIAN_POINT('',(0.00672396043900306,0.0262576675261161,-0.0917480723937867));
#8197=CARTESIAN_POINT('',(0.00790997647611332,0.0261843032173457,-0.0915856049898106));
#8198=CARTESIAN_POINT('',(0.0102496857776261,0.0260385186193418,-0.0911329549520129));
#8199=CARTESIAN_POINT('',(0.0114033645265228,0.0259662402770455,-0.0908427682686204));
#8200=CARTESIAN_POINT('',(0.0130988158244833,0.0258610857206443,-0.0903048363097703));
#8201=CARTESIAN_POINT('',(0.0136581289945131,0.0258265404007178,-0.0901083858165219));
#8202=CARTESIAN_POINT('',(0.0144871282222447,0.0257752806443543,-0.0897870695557732));
#8203=CARTESIAN_POINT('',(0.0147618024022939,0.0257582795491432,-0.0896755268895284));
#8204=CARTESIAN_POINT('',(0.0153076140179759,0.0257245002142286,-0.0894433658488118));
#8205=CARTESIAN_POINT('',(0.0155787378635096,0.0257077749929775,-0.0893227198724295));
#8206=CARTESIAN_POINT('',(0.0158479760374909,0.0256911938352433,-0.0891974301694011));
#8207=CARTESIAN_POINT('',(-0.0111325655086857,0.0293851488781077,-0.0867034495156638));
#8208=CARTESIAN_POINT('',(-0.0108813012008975,0.0293804662968496,-0.0868251387902133));
#8209=CARTESIAN_POINT('',(-0.0106280733765102,0.0293755129975093,-0.0869423927852094));
#8210=CARTESIAN_POINT('',(-0.0101180281599537,0.0293649040805926,-0.0871684967502045));
#8211=CARTESIAN_POINT('',(-0.00986121063727283,0.0293592492850406,-0.0872773460916098));
#8212=CARTESIAN_POINT('',(-0.00908585271699152,0.0293410961363691,-0.0875918623799103));
#8213=CARTESIAN_POINT('',(-0.00856242105124419,0.0293273855929074,-0.0877855383467211));
#8214=CARTESIAN_POINT('',(-0.00697598661681763,0.0292812578021772,-0.0883217506010447));
#8215=CARTESIAN_POINT('',(-0.00589688478433638,0.0292438621983976,-0.0886196348085943));
#8216=CARTESIAN_POINT('',(-0.00371131461270365,0.0291589449970748,-0.0891036845144894));
#8217=CARTESIAN_POINT('',(-0.00260480544570202,0.0291114865879414,-0.0892897074290026));
#8218=CARTESIAN_POINT('',(-0.00037913626227437,0.0290095114201665,-0.0895526945001412));
#8219=CARTESIAN_POINT('',(0.000740026391091223,0.0289549808135396,-0.0896296385469376));
#8220=CARTESIAN_POINT('',(0.00297654613689212,0.0288414115842576,-0.0896746740798527));
#8221=CARTESIAN_POINT('',(0.00409390706471578,0.0287823715594896,-0.0896427727830391));
#8222=CARTESIAN_POINT('',(0.00631258452571477,0.0286622448001938,-0.0894678678909961));
#8223=CARTESIAN_POINT('',(0.00741391608123819,0.0286011707572302,-0.08932489659519));
#8224=CARTESIAN_POINT('',(0.0095862652831956,0.0284791729094783,-0.0889226049757285));
#8225=CARTESIAN_POINT('',(0.0106573463306868,0.0284182020490228,-0.0886634002949281));
#8226=CARTESIAN_POINT('',(0.0122298310183273,0.0283281897538673,-0.0881798745406526));
#8227=CARTESIAN_POINT('',(0.0127482909030203,0.0282984243480392,-0.0880028625042989));
#8228=CARTESIAN_POINT('',(0.0135157454995362,0.0282546088721822,-0.0877119503796691));
#8229=CARTESIAN_POINT('',(0.013769855118293,0.0282401482690874,-0.0876107399981338));
#8230=CARTESIAN_POINT('',(0.0142743650677271,0.028211617891639,-0.0873995101914582));
#8231=CARTESIAN_POINT('',(0.0145247703807228,0.0281975249641633,-0.0872895023386363));
#8232=CARTESIAN_POINT('',(0.0147731806143973,0.0281836979229243,-0.0871749072966041));
#8233=CARTESIAN_POINT('',(-0.0107957931421745,0.0301141440376227,-0.0859895631757192));
#8234=CARTESIAN_POINT('',(-0.0105519134363456,0.0301096967390767,-0.0861077897429815));
#8235=CARTESIAN_POINT('',(-0.0103060307680945,0.0301050658846223,-0.0862215649636669));
#8236=CARTESIAN_POINT('',(-0.00981065680515084,0.030095194198781,-0.0864408000499394));
#8237=CARTESIAN_POINT('',(-0.00956117084985886,0.0300899449370706,-0.0865462716347066));
#8238=CARTESIAN_POINT('',(-0.00880789373571861,0.0300729769085827,-0.0868510401418996));
#8239=CARTESIAN_POINT('',(-0.00829930395808804,0.0300600054980394,-0.087038748811035));
#8240=CARTESIAN_POINT('',(-0.00675766543023401,0.0300161879171887,-0.0875585401291281));
#8241=CARTESIAN_POINT('',(-0.00570870891542826,0.0299805851269316,-0.0878472927484797));
#8242=CARTESIAN_POINT('',(-0.0035836049079579,0.0299001005154968,-0.0883165289119035));
#8243=CARTESIAN_POINT('',(-0.00250743892642222,0.0298552279830022,-0.0884969297940752));
#8244=CARTESIAN_POINT('',(-0.00034243321609129,0.0297590683889421,-0.0887525557471044));
#8245=CARTESIAN_POINT('',(0.000746410615057966,0.0297077657851468,-0.088827768589826));
#8246=CARTESIAN_POINT('',(0.00292258672749654,0.0296011410808501,-0.0888733861479778));
#8247=CARTESIAN_POINT('',(0.00400992609730691,0.0295458198388776,-0.0888437935136653));
#8248=CARTESIAN_POINT('',(0.00616908169748036,0.0294333740278929,-0.0886774642553569));
#8249=CARTESIAN_POINT('',(0.0072409137542103,0.029376264209019,-0.0885407480110313));
#8250=CARTESIAN_POINT('',(0.00935489630382448,0.0292620162671221,-0.0881547996518981));
#8251=CARTESIAN_POINT('',(0.0103971225752367,0.0292048059835089,-0.0879057029817404));
#8252=CARTESIAN_POINT('',(0.0119267362619933,0.029119973066613,-0.0874402361138304));
#8253=CARTESIAN_POINT('',(0.0124309704206772,0.0290918605179869,-0.0872697292044381));
#8254=CARTESIAN_POINT('',(0.0131770712141696,0.0290504489938651,-0.086989145834884));
#8255=CARTESIAN_POINT('',(0.0134240588251666,0.0290367763925186,-0.0868914717960147));
#8256=CARTESIAN_POINT('',(0.0139142692777516,0.0290098507397039,-0.0866874322272763));
#8257=CARTESIAN_POINT('',(0.0141574879490349,0.0289966134019178,-0.0865810573524204));
#8258=CARTESIAN_POINT('',(0.0143986492562764,0.0289836783930336,-0.0864701236493132));
#8259=CARTESIAN_POINT('',(-0.0103577463883187,0.0309897517880433,-0.0850609965089398));
#8260=CARTESIAN_POINT('',(-0.0101234197597024,0.0309855952293213,-0.085174723179257));
#8261=CARTESIAN_POINT('',(-0.00988707446819868,0.030981282924731,-0.0852840637486827));
#8262=CARTESIAN_POINT('',(-0.00941092129159372,0.0309718692149673,-0.0854949424226299));
#8263=CARTESIAN_POINT('',(-0.00917110792290919,0.0309667788554238,-0.0855964682039984));
#8264=CARTESIAN_POINT('',(-0.0084469447396424,0.0309502908741141,-0.0858899008845315));
#8265=CARTESIAN_POINT('',(-0.0079578642236508,0.0309376985505325,-0.0860706555885554));
#8266=CARTESIAN_POINT('',(-0.00647479453510813,0.0308956792421666,-0.0865708547493898));
#8267=CARTESIAN_POINT('',(-0.00546499623591885,0.0308620573431385,-0.086848324589247));
#8268=CARTESIAN_POINT('',(-0.00341839285031626,0.0307866803712662,-0.0872991401610315));
#8269=CARTESIAN_POINT('',(-0.00238157841770755,0.0307449179648567,-0.0874724390178015));
#8270=CARTESIAN_POINT('',(-0.000295267668453101,0.0306557722001496,-0.0877186373312691));
#8271=CARTESIAN_POINT('',(0.000754236823994146,0.0306083784864241,-0.0877915273525156));
#8272=CARTESIAN_POINT('',(0.0028520582943479,0.0305101536457978,-0.0878374793254655));
#8273=CARTESIAN_POINT('',(0.00390038697345679,0.0304593252179549,-0.0878105423133561));
#8274=CARTESIAN_POINT('',(0.0059820975266386,0.0303562294565058,-0.0876543638170827));
#8275=CARTESIAN_POINT('',(0.00701549673129648,0.030303978519374,-0.0875251325585178));
#8276=CARTESIAN_POINT('',(0.00905325070917803,0.0301995747893218,-0.0871586733862935));
#8277=CARTESIAN_POINT('',(0.0100576649763837,0.0301473874234628,-0.0869215297328425));
#8278=CARTESIAN_POINT('',(0.0115310119093251,0.0300698340733689,-0.0864774727585973));
#8279=CARTESIAN_POINT('',(0.0120165798356948,0.030044084375535,-0.0863147094843078));
#8280=CARTESIAN_POINT('',(0.0127347924215939,0.0300060061948423,-0.0860467266245366));
#8281=CARTESIAN_POINT('',(0.0129725022501521,0.0299934098736081,-0.0859534160968925));
#8282=CARTESIAN_POINT('',(0.0134441374519878,0.0299686062148927,-0.0857583580143698));
#8283=CARTESIAN_POINT('',(0.0136780625328873,0.0299563960444042,-0.0856566105309133));
#8284=CARTESIAN_POINT('',(0.013909862338143,0.0299445362146569,-0.0855503367758231));
#8285=CARTESIAN_POINT('',(-0.010269281685537,0.0311630888426801,-0.0848734700098467));
#8286=CARTESIAN_POINT('',(-0.0100368817886013,0.0311589902637445,-0.0849862881251331));
#8287=CARTESIAN_POINT('',(-0.00980245805034552,0.0311547440127844,-0.0850947307846815));
#8288=CARTESIAN_POINT('',(-0.0093301999697722,0.0311453869259351,-0.0853039652811959));
#8289=CARTESIAN_POINT('',(-0.00909235505569527,0.0311402962876391,-0.0854047343492262));
#8290=CARTESIAN_POINT('',(-0.00837409422877102,0.0311238501070055,-0.0856959511173668));
#8291=CARTESIAN_POINT('',(-0.007888959934658,0.031111313182154,-0.0858753337980377));
#8292=CARTESIAN_POINT('',(-0.00641772760057673,0.0310696107292007,-0.0863716492982177));
#8293=CARTESIAN_POINT('',(-0.00541583250984652,0.0310363751217291,-0.0866468651623396));
#8294=CARTESIAN_POINT('',(-0.00338507339023818,0.0309620019941871,-0.087093997108566));
#8295=CARTESIAN_POINT('',(-0.0023561997281326,0.0309208561864616,-0.0872658709782441));
#8296=CARTESIAN_POINT('',(-0.000285770677427021,0.0308331013301892,-0.0875101716003367));
#8297=CARTESIAN_POINT('',(0.000755794255153585,0.0307864831688115,-0.0875825888575281));
#8298=CARTESIAN_POINT('',(0.00283779903934786,0.0306899242152359,-0.0876285882055707));
#8299=CARTESIAN_POINT('',(0.00387825169518333,0.0306399863722065,-0.0876021707641475));
#8300=CARTESIAN_POINT('',(0.00594432198546416,0.0305387469420998,-0.0874479950251295));
#8301=CARTESIAN_POINT('',(0.00696995716784466,0.0304874619071846,-0.0873202448338823));
#8302=CARTESIAN_POINT('',(0.00899230383414049,0.0303850308102112,-0.0869576396038797));
#8303=CARTESIAN_POINT('',(0.00998906980960123,0.0303338593314245,-0.0867228564492766));
#8304=CARTESIAN_POINT('',(0.0114510283850648,0.0302578028889453,-0.0862830202859548));
#8305=CARTESIAN_POINT('',(0.0119328157335829,0.0302325449839437,-0.0861217820085706));
#8306=CARTESIAN_POINT('',(0.0126453875685804,0.0301951544502515,-0.0858562966368794));
#8307=CARTESIAN_POINT('',(0.0128812220477751,0.0301827788127713,-0.0857638539892446));
#8308=CARTESIAN_POINT('',(0.0133491087838875,0.0301583986031762,-0.0855705936354735));
#8309=CARTESIAN_POINT('',(0.013581159661654,0.0301463955115236,-0.0854697734961602));
#8310=CARTESIAN_POINT('',(0.0138110721493154,0.0301347487245385,-0.0853644358943914));
#8311=CARTESIAN_POINT('',(-0.0100906264944026,0.0315061624968706,-0.0844947587104836));
#8312=CARTESIAN_POINT('',(-0.00986211102659171,0.0315021794749798,-0.0846057431433401));
#8313=CARTESIAN_POINT('',(-0.0096316116874864,0.0314979734600917,-0.0847124825563526));
#8314=CARTESIAN_POINT('',(-0.00916732772949763,0.0314885165633335,-0.0849186639227708));
#8315=CARTESIAN_POINT('',(-0.00893346229278349,0.0314834112560404,-0.085017934136844));
#8316=CARTESIAN_POINT('',(-0.00822715659312127,0.0314669608356307,-0.0853048145592888));
#8317=CARTESIAN_POINT('',(-0.00774998490583587,0.031454529474269,-0.0854814556612823));
#8318=CARTESIAN_POINT('',(-0.00630264431174291,0.0314134264756502,-0.0859700257139417));
#8319=CARTESIAN_POINT('',(-0.00531668857571118,0.0313809588304342,-0.0862407211065702));
#8320=CARTESIAN_POINT('',(-0.0033178918487891,0.0313085739846578,-0.0866804675375965));
#8321=CARTESIAN_POINT('',(-0.00230503657937565,0.0312686538338533,-0.0868494770852128));
#8322=CARTESIAN_POINT('',(-0.000266649601224573,0.0311836598838748,-0.0870899523977261));
#8323=CARTESIAN_POINT('',(0.000758895057619822,0.0311385806182387,-0.0871614068856755));
#8324=CARTESIAN_POINT('',(0.00280897943037291,0.0310453243728174,-0.0872074621296284));
#8325=CARTESIAN_POINT('',(0.00383353437299348,0.0309971508831982,-0.0871820622048519));
#8326=CARTESIAN_POINT('',(0.00586802669643077,0.0308995935239036,-0.0870318414120851));
#8327=CARTESIAN_POINT('',(0.00687798260888299,0.0308502258224106,-0.0869070254051558));
#8328=CARTESIAN_POINT('',(0.00886919842164865,0.0307517394913231,-0.0865520471479755));
#8329=CARTESIAN_POINT('',(0.00985050357212744,0.0307026125443645,-0.0863219323292439));
#8330=CARTESIAN_POINT('',(0.0112894080306739,0.0306296384336237,-0.085890393598903));
#8331=CARTESIAN_POINT('',(0.0117635342241503,0.0306054100064987,-0.0857321408184831));
#8332=CARTESIAN_POINT('',(0.0124646795278548,0.0305694652772544,-0.0854715621573073));
#8333=CARTESIAN_POINT('',(0.0126967176620432,0.0305575516709063,-0.0853808300113966));
#8334=CARTESIAN_POINT('',(0.0131570292346073,0.030534046058244,-0.0851911386428653));
#8335=CARTESIAN_POINT('',(0.0133853022204547,0.0305224538372671,-0.0850921785601026));
#8336=CARTESIAN_POINT('',(0.0136114121011737,0.0305112289658452,-0.084988720660149));
#8337=CARTESIAN_POINT('',(-0.0100003387219591,0.0316760745817522,-0.0843033676884732));
#8338=CARTESIAN_POINT('',(-0.00977378095159231,0.0316721491371198,-0.0844134269939307));
#8339=CARTESIAN_POINT('',(-0.00954541845728262,0.0316676706084577,-0.0845196451913291));
#8340=CARTESIAN_POINT('',(-0.00908516535183237,0.0316581491574709,-0.0847243153405229));
#8341=CARTESIAN_POINT('',(-0.0088533288664536,0.0316529960283568,-0.0848228814965638));
#8342=CARTESIAN_POINT('',(-0.00815306778521855,0.0316365154809382,-0.0851076240223839));
#8343=CARTESIAN_POINT('',(-0.0076799154256987,0.0316241285757645,-0.0852829020210044));
#8344=CARTESIAN_POINT('',(-0.00624462753795565,0.0315833115714369,-0.0857676065996875));
#8345=CARTESIAN_POINT('',(-0.00526670865832245,0.0315512241394791,-0.0860360371329647));
#8346=CARTESIAN_POINT('',(-0.00328402967531851,0.0314798245498782,-0.0864720807750885));
#8347=CARTESIAN_POINT('',(-0.00227925218952224,0.0314405131023817,-0.0866396513784508));
#8348=CARTESIAN_POINT('',(-0.000257025496884679,0.0313568893565057,-0.0868781988516466));
#8349=CARTESIAN_POINT('',(0.000760438408066532,0.0313125733391514,-0.0869491634298251));
#8350=CARTESIAN_POINT('',(0.0027944190811057,0.0312209539661004,-0.0869952271487367));
#8351=CARTESIAN_POINT('',(0.00381095231738477,0.0311736542180507,-0.0869703251905381));
#8352=CARTESIAN_POINT('',(0.00582950696206598,0.031077922595591,-0.0868220565911597));
#8353=CARTESIAN_POINT('',(0.00683154760403289,0.031029506303681,-0.0866986937256936));
#8354=CARTESIAN_POINT('',(0.00880703990910667,0.0309329920899584,-0.0863474884615407));
#8355=CARTESIAN_POINT('',(0.0097805324800747,0.0308848937148393,-0.0861196815857855));
#8356=CARTESIAN_POINT('',(0.0112077709378419,0.0308135054407091,-0.0856922187601922));
#8357=CARTESIAN_POINT('',(0.011678016085172,0.030789815225037,-0.0855354258849154));
#8358=CARTESIAN_POINT('',(0.0123733746663274,0.030754630482572,-0.0852772544091943));
#8359=CARTESIAN_POINT('',(0.0126034916023007,0.0307429589987644,-0.0851873646429086));
#8360=CARTESIAN_POINT('',(0.0130599776259172,0.0307199013777156,-0.0849994469081692));
#8361=CARTESIAN_POINT('',(0.0132863476539322,0.0307085127024231,-0.0849014206652782));
#8362=CARTESIAN_POINT('',(0.0135105422453034,0.0306974967038024,-0.0847989063138185));
#8363=CARTESIAN_POINT('',(-0.00981872234124077,0.0320109827246638,-0.0839183792921623));
#8364=CARTESIAN_POINT('',(-0.0095961096648126,0.0320071719658483,-0.0840265723493689));
#8365=CARTESIAN_POINT('',(-0.00937178814351968,0.0320026631564947,-0.0841311793509573));
#8366=CARTESIAN_POINT('',(-0.00891965056097191,0.0319930405236564,-0.0843327943749357));
#8367=CARTESIAN_POINT('',(-0.00869186378238319,0.0319878719309785,-0.0844298636230343));
#8368=CARTESIAN_POINT('',(-0.00800375707383067,0.0319713974113366,-0.0847102556538732));
#8369=CARTESIAN_POINT('',(-0.00753869476402066,0.0319591250354349,-0.0848827760596345));
#8370=CARTESIAN_POINT('',(-0.00612768236654961,0.0319189231725126,-0.0853596847683787));
#8371=CARTESIAN_POINT('',(-0.00516596206375244,0.0318876004968951,-0.0856235607997239));
#8372=CARTESIAN_POINT('',(-0.00321577530473525,0.0318181726492352,-0.0860521536396899));
#8373=CARTESIAN_POINT('',(-0.0022272861590091,0.0317800735077943,-0.0862168274723761));
#8374=CARTESIAN_POINT('',(-0.000237651394285236,0.0316991731438203,-0.0864514823659043));
#8375=CARTESIAN_POINT('',(0.000763512307378418,0.0316563714435717,-0.0865214490684077));
#8376=CARTESIAN_POINT('',(0.00276500356505483,0.0315679957434046,-0.0865674913935221));
#8377=CARTESIAN_POINT('',(0.00376535012945897,0.0315224254527847,-0.0865435653851504));
#8378=CARTESIAN_POINT('',(0.00575173862260072,0.0314303095740863,-0.0863991571428563));
#8379=CARTESIAN_POINT('',(0.00673780186396792,0.0313837774514569,-0.0862786781132933));
#8380=CARTESIAN_POINT('',(0.00868154369745246,0.031291190479095,-0.0859349546328993));
#8381=CARTESIAN_POINT('',(0.00963925764975348,0.0312451460795933,-0.0857117274304834));
#8382=CARTESIAN_POINT('',(0.0110428977974609,0.0311769949478359,-0.085292282374414));
#8383=CARTESIAN_POINT('',(0.0115052845988741,0.0311544166905951,-0.0851383480007142));
#8384=CARTESIAN_POINT('',(0.0121889017205412,0.0311208547093438,-0.0848848498396765));
#8385=CARTESIAN_POINT('',(0.0124151132013083,0.0311097155781972,-0.0847965838073828));
#8386=CARTESIAN_POINT('',(0.0128638426106286,0.0310876233717316,-0.0846121285861916));
#8387=CARTESIAN_POINT('',(0.0130863678286623,0.0310766578931469,-0.0845159530812935));
#8388=CARTESIAN_POINT('',(0.013306705932225,0.0310660552863373,-0.0844153322897301));
#8389=CARTESIAN_POINT('',(-0.00972735325139824,0.0321760645895396,-0.083724696105482));
#8390=CARTESIAN_POINT('',(-0.00950672797146459,0.0321723109392828,-0.0838319480418368));
#8391=CARTESIAN_POINT('',(-0.00928439016464778,0.0321678858186934,-0.0839356336419101));
#8392=CARTESIAN_POINT('',(-0.00883629148390785,0.0321583130084684,-0.0841356077499622));
#8393=CARTESIAN_POINT('',(-0.00861053919921639,0.0321531500691665,-0.0842319132852591));
#8394=CARTESIAN_POINT('',(-0.00792853391995455,0.0321367271730474,-0.084510075117871));
#8395=CARTESIAN_POINT('',(-0.00746754500409421,0.0321245197637737,-0.0846812067103044));
#8396=CARTESIAN_POINT('',(-0.00606875352330189,0.0320846504809792,-0.0851541811447204));
#8397=CARTESIAN_POINT('',(-0.00511519570438737,0.0320537109488053,-0.0854157690996641));
#8398=CARTESIAN_POINT('',(-0.00318138300422384,0.0319852703609618,-0.0858406130471038));
#8399=CARTESIAN_POINT('',(-0.00220110459825545,0.0319477744942965,-0.086003829421844));
#8400=CARTESIAN_POINT('',(-0.000227901370373451,0.0318682274999552,-0.0862365193525341));
#8401=CARTESIAN_POINT('',(0.000765042833362077,0.0318261767807327,-0.0863059781918975));
#8402=CARTESIAN_POINT('',(0.00275014840377668,0.0317394079304807,-0.0863519905870848));
#8403=CARTESIAN_POINT('',(0.00374232999705581,0.0316946933181211,-0.0863285426093946));
#8404=CARTESIAN_POINT('',(0.005712490022826,0.0316043674553459,-0.0861860425135226));
#8405=CARTESIAN_POINT('',(0.00669049117283363,0.0315587680161803,-0.0860669942653802));
#8406=CARTESIAN_POINT('',(0.00861820601474423,0.0314681361741047,-0.0857269795422608));
#8407=CARTESIAN_POINT('',(0.0095679541277329,0.0314231168670489,-0.0855060244129202));
#8408=CARTESIAN_POINT('',(0.0109596617141517,0.0313566172285989,-0.0850905207882168));
#8409=CARTESIAN_POINT('',(0.011418071967697,0.031334611286157,-0.0849379863728497));
#8410=CARTESIAN_POINT('',(0.012095731239305,0.0313019170597202,-0.084686748501566));
#8411=CARTESIAN_POINT('',(0.0123199573522151,0.0312910695393796,-0.084599261709137));
#8412=CARTESIAN_POINT('',(0.0127647438999367,0.0312695153965752,-0.0844164731895763));
#8413=CARTESIAN_POINT('',(0.0129853425740838,0.0312587442266224,-0.0843212433999782));
#8414=CARTESIAN_POINT('',(0.0132037394791858,0.0312483461388228,-0.0842215726198173));
#8415=CARTESIAN_POINT('',(-0.00954350331828784,0.0325015263916395,-0.0833349730494994));
#8416=CARTESIAN_POINT('',(-0.00932688126368068,0.0324978864236288,-0.0834403273296132));
#8417=CARTESIAN_POINT('',(-0.00910854717216728,0.0324936081256571,-0.0835421777026607));
#8418=CARTESIAN_POINT('',(-0.00866852354158655,0.0324842432935164,-0.0837387280808477));
#8419=CARTESIAN_POINT('',(-0.00844683550428417,0.0324791558660065,-0.0838334294149953));
#8420=CARTESIAN_POINT('',(-0.00777705101685469,0.0324629694252842,-0.0841069677275128));
#8421=CARTESIAN_POINT('',(-0.00732424264929942,0.0324509431774395,-0.0842752573113498));
#8422=CARTESIAN_POINT('',(-0.00595002278646366,0.0324118388752999,-0.0847402232279225));
#8423=CARTESIAN_POINT('',(-0.00501290599350172,0.0323816794629688,-0.0849971956221633));
#8424=CARTESIAN_POINT('',(-0.00311208155945671,0.0323152324380108,-0.0854144701410836));
#8425=CARTESIAN_POINT('',(-0.00214835311613261,0.0322789406797504,-0.0855747477261142));
#8426=CARTESIAN_POINT('',(-0.000208276861163615,0.032202086981035,-0.0858034639375566));
#8427=CARTESIAN_POINT('',(0.000768092254860112,0.0321615260379541,-0.0858718881966617));
#8428=CARTESIAN_POINT('',(0.00272014984430968,0.0320779395243771,-0.0859178032663945));
#8429=CARTESIAN_POINT('',(0.00369586094802877,0.0320349168041374,-0.0858952931906551));
#8430=CARTESIAN_POINT('',(0.0056332810232265,0.031948128695106,-0.0857565736522131));
#8431=CARTESIAN_POINT('',(0.00659501621936686,0.0319043710385208,-0.085640370890192));
#8432=CARTESIAN_POINT('',(0.00849039159627474,0.0318176085539308,-0.0853077361769346));
#8433=CARTESIAN_POINT('',(0.0094240678423913,0.0317746178124625,-0.0850913102407651));
#8434=CARTESIAN_POINT('',(0.0107916806913876,0.0317114254205917,-0.0846836147961558));
#8435=CARTESIAN_POINT('',(0.0112420613386138,0.0316905658257528,-0.0845338520835199));
#8436=CARTESIAN_POINT('',(0.0119076643026583,0.0316596532865807,-0.08428703647787));
#8437=CARTESIAN_POINT('',(0.0121278689826718,0.0316494119750053,-0.0842010669317045));
#8438=CARTESIAN_POINT('',(0.0125646100104592,0.0316290789541817,-0.0840214165106582));
#8439=CARTESIAN_POINT('',(0.0127811993889355,0.0316189067508553,-0.083927835688205));
#8440=CARTESIAN_POINT('',(0.0129956900506446,0.0316089131634542,-0.0838300704614942));
#8441=CARTESIAN_POINT('',(-0.00945102247312151,0.0326619063208343,-0.0831389331761727));
#8442=CARTESIAN_POINT('',(-0.00923641624734632,0.032658322926511,-0.0832433309208973));
#8443=CARTESIAN_POINT('',(-0.0090200911226285,0.0326541285320907,-0.0833442441423973));
#8444=CARTESIAN_POINT('',(-0.00858411082490535,0.0326449093181517,-0.0835390266584476));
#8445=CARTESIAN_POINT('',(-0.00836445538330145,0.0326398860712301,-0.0836328934827404));
#8446=CARTESIAN_POINT('',(-0.00770079175225987,0.0326238810923324,-0.0839040421567277));
#8447=CARTESIAN_POINT('',(-0.00725209049414441,0.0326119713674776,-0.0840708779608932));
#8448=CARTESIAN_POINT('',(-0.00589022086408212,0.0325732997745627,-0.0845317692095839));
#8449=CARTESIAN_POINT('',(-0.00496138279833946,0.0325435373950354,-0.084786414008598));
#8450=CARTESIAN_POINT('',(-0.00307717237705756,0.0324780967494685,-0.0851998678657668));
#8451=CARTESIAN_POINT('',(-0.00212178325873617,0.0324424058321319,-0.0853586641323163));
#8452=CARTESIAN_POINT('',(-0.000198402351777484,0.0323668920882587,-0.0855853715079114));
#8453=CARTESIAN_POINT('',(0.000769611125548842,0.0323270699410331,-0.0856532690956292));
#8454=CARTESIAN_POINT('',(0.00270500645451016,0.0322450589101174,-0.0856991167223599));
#8455=CARTESIAN_POINT('',(0.00367241203656045,0.0322028724120531,-0.0856770665571888));
#8456=CARTESIAN_POINT('',(0.00559332062927208,0.0321178319805343,-0.0855402194585618));
#8457=CARTESIAN_POINT('',(0.00654685201683272,0.0320749834680568,-0.0854254313660813));
#8458=CARTESIAN_POINT('',(0.00842591493984469,0.0319901349043547,-0.0850964682706149));
#8459=CARTESIAN_POINT('',(0.00935148528007067,0.0319481478993387,-0.0848822990783226));
#8460=CARTESIAN_POINT('',(0.0107069363959863,0.0318866098493696,-0.0844784720167338));
#8461=CARTESIAN_POINT('',(0.0111532637450855,0.031866325063273,-0.0843300797429164));
#8462=CARTESIAN_POINT('',(0.0118127739814681,0.0318363159234816,-0.0840854375038775));
#8463=CARTESIAN_POINT('',(0.0120309439643266,0.0318263857940261,-0.0840002082002442));
#8464=CARTESIAN_POINT('',(0.0124636018826458,0.0318067047665783,-0.0838220659578437));
#8465=CARTESIAN_POINT('',(0.0126780440725556,0.0317970347853403,-0.0837290673060741));
#8466=CARTESIAN_POINT('',(0.0128905696893324,0.0317872411793277,-0.0836322576214109));
#8467=CARTESIAN_POINT('',(-0.00861373074120527,0.0340843309575588,-0.081364051418041));
#8468=CARTESIAN_POINT('',(-0.00841738922022809,0.0340812540217299,-0.0814597735839634));
#8469=CARTESIAN_POINT('',(-0.0082192824224749,0.0340777575904333,-0.0815522795167957));
#8470=CARTESIAN_POINT('',(-0.00781985269817007,0.0340699508139412,-0.0817309427051623));
#8471=CARTESIAN_POINT('',(-0.00761852800511238,0.0340656417872815,-0.0818171011629043));
#8472=CARTESIAN_POINT('',(-0.00701007275471333,0.0340517019708262,-0.0820661345849959));
#8473=CARTESIAN_POINT('',(-0.00659844658437982,0.0340410942068497,-0.0822195330064108));
#8474=CARTESIAN_POINT('',(-0.00534824684384719,0.0340068034480529,-0.0826429931769548));
#8475=CARTESIAN_POINT('',(-0.00449438401244697,0.0339807258266961,-0.0828764302718892));
#8476=CARTESIAN_POINT('',(-0.00276072535848432,0.0339244771445037,-0.0832550851579565));
#8477=CARTESIAN_POINT('',(-0.00188094338639116,0.0338941957433723,-0.0834004159555368));
#8478=CARTESIAN_POINT('',(-0.000108979400178226,0.0338306917774842,-0.0836088238588215));
#8479=CARTESIAN_POINT('',(0.000783235113801892,0.0337974638865653,-0.0836718904116286));
#8480=CARTESIAN_POINT('',(0.00256744955513166,0.0337294834351786,-0.0837169715811364));
#8481=CARTESIAN_POINT('',(0.00345948574338102,0.0336947292205186,-0.0836989835123047));
#8482=CARTESIAN_POINT('',(0.00523055741935237,0.033625193993851,-0.0835788731643574));
#8483=CARTESIAN_POINT('',(0.00610963614720996,0.0335904019594409,-0.083476768526257));
#8484=CARTESIAN_POINT('',(0.00784070773466043,0.0335224655850099,-0.0831808366144672));
#8485=CARTESIAN_POINT('',(0.00869273997919885,0.0334893416796666,-0.0829870026064687));
#8486=CARTESIAN_POINT('',(0.00993797867869165,0.033442320177626,-0.0826181097819578));
#8487=CARTESIAN_POINT('',(0.0103475363196036,0.0334271369043311,-0.0824820320416362));
#8488=CARTESIAN_POINT('',(0.01095201028959,0.0334047643143653,-0.0822572749767946));
#8489=CARTESIAN_POINT('',(0.0111518593524634,0.0333973646228322,-0.0821789223015279));
#8490=CARTESIAN_POINT('',(0.0115481597414066,0.0333823188617049,-0.0820155215795722));
#8491=CARTESIAN_POINT('',(0.011744656372738,0.0333745916512158,-0.081930556930822));
#8492=CARTESIAN_POINT('',(0.0119393985578848,0.0333665766311675,-0.0818423678173028));
#8493=CARTESIAN_POINT('',(-0.00783438482339657,0.0352003170033442,-0.079712002556138));
#8494=CARTESIAN_POINT('',(-0.00765485852573252,0.0351976693527347,-0.0797996743872081));
#8495=CARTESIAN_POINT('',(-0.00747360666483969,0.0351947531231793,-0.0798842162760488));
#8496=CARTESIAN_POINT('',(-0.00710790724717137,0.0351884309860488,-0.0800471881508981));
#8497=CARTESIAN_POINT('',(-0.00692346105851864,0.0351850245653674,-0.0801256194519021));
#8498=CARTESIAN_POINT('',(-0.00636573658279639,0.0351741052992931,-0.0803520235499621));
#8499=CARTESIAN_POINT('',(-0.00598808321426643,0.0351658822516253,-0.0804911179480383));
#8500=CARTESIAN_POINT('',(-0.00484062949546159,0.0351387847347088,-0.0808750327660252));
#8501=CARTESIAN_POINT('',(-0.00405638273587987,0.0351175464433419,-0.0810865624445562));
#8502=CARTESIAN_POINT('',(-0.00246348926865332,0.0350710926849137,-0.0814301084700392));
#8503=CARTESIAN_POINT('',(-0.00165482781614281,0.0350458531951541,-0.0815621757633628));
#8504=CARTESIAN_POINT('',(-2.56787326195807E-5,0.0349929219349986,-0.0817523200943085));
#8505=CARTESIAN_POINT('',(0.000794840676444015,0.0349652209248306,-0.0818103917405688));
#8506=CARTESIAN_POINT('',(0.00243591820359994,0.034908680761761,-0.0818536387422938));
#8507=CARTESIAN_POINT('',(0.00325651143935513,0.0348798392615038,-0.0818388165195859));
#8508=CARTESIAN_POINT('',(0.00488567213791826,0.0348222471277387,-0.0817331783835699));
#8509=CARTESIAN_POINT('',(0.00569427373648153,0.0347935055176972,-0.0816423658916378));
#8510=CARTESIAN_POINT('',(0.0072860207667538,0.0347372242299325,-0.0813772808410712));
#8511=CARTESIAN_POINT('',(0.00806914277997621,0.0347097796919209,-0.0812028844430365));
#8512=CARTESIAN_POINT('',(0.00921316800455093,0.0346695607210588,-0.0808704234639348));
#8513=CARTESIAN_POINT('',(0.00958939888785982,0.034656274788752,-0.0807477927671998));
#8514=CARTESIAN_POINT('',(0.0101445946596265,0.0346362656954878,-0.0805452266929391));
#8515=CARTESIAN_POINT('',(0.0103281358674981,0.0346295798769034,-0.0804746047576222));
#8516=CARTESIAN_POINT('',(0.010691866244172,0.0346162190426881,-0.0803269306719594));
#8517=CARTESIAN_POINT('',(0.01087203605401,0.0346095779178856,-0.0802498426777338));
#8518=CARTESIAN_POINT('',(0.0110503648268112,0.034602977317992,-0.0801694066033359));
#8519=CARTESIAN_POINT('',(-0.00661378877977168,0.0366561612754183,-0.0771245965549831));
#8520=CARTESIAN_POINT('',(-0.00646013696998884,0.0366541093835222,-0.077199801313241));
#8521=CARTESIAN_POINT('',(-0.00630485226202295,0.0366519287032238,-0.0772720518959799));
#8522=CARTESIAN_POINT('',(-0.00599132123162291,0.0366472751629886,-0.0774109858143379));
#8523=CARTESIAN_POINT('',(-0.00583307368524538,0.0366448030431809,-0.0774776671081525));
#8524=CARTESIAN_POINT('',(-0.00535430031114076,0.0366369353776285,-0.0776697937007116));
#8525=CARTESIAN_POINT('',(-0.00502975157464167,0.0366310869683368,-0.0777873351308814));
#8526=CARTESIAN_POINT('',(-0.00404301473398689,0.036611796430463,-0.0781112503233831));
#8527=CARTESIAN_POINT('',(-0.00336784998842756,0.0365965822391051,-0.0782891253857758));
#8528=CARTESIAN_POINT('',(-0.00199599031095752,0.0365627897724702,-0.0785786932925126));
#8529=CARTESIAN_POINT('',(-0.00129922983110886,0.0365442511269761,-0.0786902998079606));
#8530=CARTESIAN_POINT('',(0.000104938736213842,0.0365053048507394,-0.0788519587912618));
#8531=CARTESIAN_POINT('',(0.000812380221092435,0.036484897055405,-0.0789019975766985));
#8532=CARTESIAN_POINT('',(0.00222763583580615,0.0364432898500526,-0.0789414409158756));
#8533=CARTESIAN_POINT('',(0.00293547959743433,0.0364220900386628,-0.0789308483049643));
#8534=CARTESIAN_POINT('',(0.00434096668898747,0.0363796720087146,-0.0788462810445452));
#8535=CARTESIAN_POINT('',(0.00503864570653609,0.0363584559121633,-0.0787723211214219));
#8536=CARTESIAN_POINT('',(0.00641197370172572,0.0363164425680618,-0.0785543960515473));
#8537=CARTESIAN_POINT('',(0.00708768158103988,0.0362956138520069,-0.0784104855674766));
#8538=CARTESIAN_POINT('',(0.00807394295017288,0.0362648521578871,-0.078133661800188));
#8539=CARTESIAN_POINT('',(0.00839812340963446,0.0362546813909616,-0.0780311825086346));
#8540=CARTESIAN_POINT('',(0.00887586243462113,0.0362397061282225,-0.0778606034324854));
#8541=CARTESIAN_POINT('',(0.00903368401713638,0.0362347636260482,-0.077800928675855));
#8542=CARTESIAN_POINT('',(0.00934618397345622,0.0362249964718595,-0.0776756737464046));
#8543=CARTESIAN_POINT('',(0.00950087042279286,0.0362201578708977,-0.0776101084577675));
#8544=CARTESIAN_POINT('',(0.00965383095302016,0.0362153933175338,-0.0775414444426406));
#8545=CARTESIAN_POINT('',(-0.00619828755158993,0.0371049190571608,-0.0762438216443157));
#8546=CARTESIAN_POINT('',(-0.00605338098514835,0.0371030580225526,-0.0763147999957396));
#8547=CARTESIAN_POINT('',(-0.00590688412328327,0.0371011024544226,-0.0763829035482761));
#8548=CARTESIAN_POINT('',(-0.00561099741277109,0.0370969674036321,-0.0765136981402702));
#8549=CARTESIAN_POINT('',(-0.00546161138504324,0.0370947856911934,-0.0765763969857835));
#8550=CARTESIAN_POINT('',(-0.00500955777775515,0.0370878583840494,-0.0767569066034411));
#8551=CARTESIAN_POINT('',(-0.00470300774087181,0.0370827226938191,-0.0768671587465192));
#8552=CARTESIAN_POINT('',(-0.00377087809863345,0.0370657108586925,-0.0771709260676699));
#8553=CARTESIAN_POINT('',(-0.00313291836017826,0.0370522198077487,-0.0773376657112441));
#8554=CARTESIAN_POINT('',(-0.0018364704402341,0.0370222018241153,-0.0776093055170315));
#8555=CARTESIAN_POINT('',(-0.00117790399791903,0.0370057105087859,-0.0777140894484407));
#8556=CARTESIAN_POINT('',(0.000149454882432742,0.036971064191146,-0.0778661787132847));
#8557=CARTESIAN_POINT('',(0.00081828143079897,0.0369529106260593,-0.0779134681676424));
#8558=CARTESIAN_POINT('',(0.00215640502211491,0.036915910036804,-0.0779514622892425));
#8559=CARTESIAN_POINT('',(0.00282573055453739,0.0368970632313786,-0.0779421668615859));
#8560=CARTESIAN_POINT('',(0.00415481411332791,0.0368593134833381,-0.0778643894159193));
#8561=CARTESIAN_POINT('',(0.00481460805636017,0.0368404089692584,-0.0777959237090241));
#8562=CARTESIAN_POINT('',(0.00611339750215757,0.0368028376295522,-0.0775935061951086));
#8563=CARTESIAN_POINT('',(0.00675247069150684,0.0367841293662854,-0.0774596580393771));
#8564=CARTESIAN_POINT('',(0.00768503075175893,0.0367565028891738,-0.0772012647030917));
#8565=CARTESIAN_POINT('',(0.00799150900350356,0.036747374532094,-0.0771054719211836));
#8566=CARTESIAN_POINT('',(0.00844300264886151,0.0367339445413398,-0.076945638342691));
#8567=CARTESIAN_POINT('',(0.0085921272361366,0.0367295119874606,-0.0768896660480889));
#8568=CARTESIAN_POINT('',(0.00888732223335123,0.0367207786896374,-0.0767720096058384));
#8569=CARTESIAN_POINT('',(0.00903338682627928,0.0367164864840699,-0.0767103147940151));
#8570=CARTESIAN_POINT('',(0.00917776658830607,0.0367122863489322,-0.0766455985487434));
#8571=CARTESIAN_POINT('',(-0.00556185283393716,0.0377223015266674,-0.0748947143648035));
#8572=CARTESIAN_POINT('',(-0.00543021836962029,0.0377207123007859,-0.0749592608830695));
#8573=CARTESIAN_POINT('',(-0.00529705069012949,0.0377190656946662,-0.0750210373903089));
#8574=CARTESIAN_POINT('',(-0.00502801581106501,0.0377155806188124,-0.0751395922792135));
#8575=CARTESIAN_POINT('',(-0.00489214505930691,0.0377137448534457,-0.0751963632001424));
#8576=CARTESIAN_POINT('',(-0.00448093503621357,0.0377078979772565,-0.0753597786388306));
#8577=CARTESIAN_POINT('',(-0.00420201716807497,0.0377035390062925,-0.0754595639039463));
#8578=CARTESIAN_POINT('',(-0.00335374836760312,0.0376891029571049,-0.0757345323079915));
#8579=CARTESIAN_POINT('',(-0.00277293253417633,0.0376776936691733,-0.0758854086938957));
#8580=CARTESIAN_POINT('',(-0.00159211904909114,0.0376524911019912,-0.0761311414542173));
#8581=CARTESIAN_POINT('',(-0.000992071805413224,0.037638711178307,-0.0762259295980749));
#8582=CARTESIAN_POINT('',(0.000217626242073988,0.037609857001424,-0.0763638381022308));
#8583=CARTESIAN_POINT('',(0.000827304560204004,0.0375947833418773,-0.0764069526019188));
#8584=CARTESIAN_POINT('',(0.00204724411893339,0.0375641294946297,-0.0764424699797834));
#8585=CARTESIAN_POINT('',(0.00265753151738243,0.0375485501170325,-0.0764348737378337));
#8586=CARTESIAN_POINT('',(0.00386941558354001,0.0375173875164406,-0.0763664988308598));
#8587=CARTESIAN_POINT('',(0.0044710437165166,0.0375018036246507,-0.0763057303918912));
#8588=CARTESIAN_POINT('',(0.00565523174962644,0.0374708277542324,-0.0761250278622368));
#8589=CARTESIAN_POINT('',(0.00623786833564685,0.0374554051404551,-0.0760051929927793));
#8590=CARTESIAN_POINT('',(0.00708792551957559,0.0374325421145746,-0.0757731749192992));
#8591=CARTESIAN_POINT('',(0.00736727584459485,0.0374249656208053,-0.0756870846811015));
#8592=CARTESIAN_POINT('',(0.00777866161947657,0.0374138304237214,-0.0755430865222974));
#8593=CARTESIAN_POINT('',(0.00791451295509324,0.0374101590953273,-0.0754926019419803));
#8594=CARTESIAN_POINT('',(0.00818333015601076,0.0374029540383079,-0.0753862680578842));
#8595=CARTESIAN_POINT('',(0.00831629845753951,0.0373994166157898,-0.0753304231122141));
#8596=CARTESIAN_POINT('',(0.00844764013028791,0.037395987241318,-0.0752716650264683));
#8597=CARTESIAN_POINT('',(-0.00534750824776407,0.0379187925973057,-0.0744403490803378));
#8598=CARTESIAN_POINT('',(-0.00522032352367423,0.0379172915614655,-0.0745027362837334));
#8599=CARTESIAN_POINT('',(-0.00509162541929368,0.0379157454223562,-0.0745623901471924));
#8600=CARTESIAN_POINT('',(-0.00483157776157566,0.0379124810151359,-0.0746768045851753));
#8601=CARTESIAN_POINT('',(-0.00470024611564633,0.0379107490111453,-0.0747316029972221));
#8602=CARTESIAN_POINT('',(-0.00430279000471195,0.0379052015064379,-0.0748894063473573));
#8603=CARTESIAN_POINT('',(-0.0040332084927601,0.0379010380271038,-0.0749858295601547));
#8604=CARTESIAN_POINT('',(-0.00321324826499918,0.0378873032250837,-0.0752514986897497));
#8605=CARTESIAN_POINT('',(-0.00265169449730913,0.0378765090323784,-0.0753972183666194));
#8606=CARTESIAN_POINT('',(-0.00150983884468569,0.0378527778471082,-0.0756344691991536));
#8607=CARTESIAN_POINT('',(-0.000929496399281958,0.0378398447870159,-0.0757259579608378));
#8608=CARTESIAN_POINT('',(0.000240580199017025,0.0378128150020597,-0.0758591620313022));
#8609=CARTESIAN_POINT('',(0.000830341903200462,0.0377987182237309,-0.0759008739066085));
#8610=CARTESIAN_POINT('',(0.0020104780022889,0.0377700857810621,-0.0759355155591815));
#8611=CARTESIAN_POINT('',(0.00260087895255944,0.0377555509444824,-0.075928444837415));
#8612=CARTESIAN_POINT('',(0.00377327080025092,0.0377265109189382,-0.0758630794205154));
#8613=CARTESIAN_POINT('',(0.00435529054730515,0.0377120060052814,-0.0758047897089834));
#8614=CARTESIAN_POINT('',(0.00550081874766191,0.0376832092261029,-0.0756310716059619));
#8615=CARTESIAN_POINT('',(0.00606439141134331,0.0376688943345964,-0.0755157250171725));
#8616=CARTESIAN_POINT('',(0.00688660213938032,0.0376476504345783,-0.0752922342444181));
#8617=CARTESIAN_POINT('',(0.00715679948532604,0.0376406036800676,-0.0752092990225663));
#8618=CARTESIAN_POINT('',(0.00755469495148071,0.0376302252898847,-0.0750705311627965));
#8619=CARTESIAN_POINT('',(0.00768608732507983,0.0376268003605472,-0.0750218706837383));
#8620=CARTESIAN_POINT('',(0.00794605281402217,0.037620079297795,-0.0749193184514892));
#8621=CARTESIAN_POINT('',(0.00807462178635578,0.0376167865086385,-0.0748654193156712));
#8622=CARTESIAN_POINT('',(0.0082015896065151,0.037613601409943,-0.0748086533672244));
#8623=CARTESIAN_POINT('',(-0.00502263915814704,0.0381993517334976,-0.073751695175178));
#8624=CARTESIAN_POINT('',(-0.00490216430568114,0.0381979790029454,-0.0738108220819086));
#8625=CARTESIAN_POINT('',(-0.0047802135256234,0.0381965696322045,-0.0738672929505607));
#8626=CARTESIAN_POINT('',(-0.00453391994751398,0.0381934744397009,-0.0739758995984504));
#8627=CARTESIAN_POINT('',(-0.004409543209305,0.0381918162882915,-0.0740279630278081));
#8628=CARTESIAN_POINT('',(-0.00403309067827402,0.0381865310161855,-0.0741778813524802));
#8629=CARTESIAN_POINT('',(-0.00377769606057297,0.038182597380983,-0.0742694694443973));
#8630=CARTESIAN_POINT('',(-0.00300066643791196,0.0381697646492448,-0.0745216279509046));
#8631=CARTESIAN_POINT('',(-0.0024682505481718,0.0381598339729867,-0.0746597013708924));
#8632=CARTESIAN_POINT('',(-0.00138533552659312,0.0381381685221305,-0.074884354908178));
#8633=CARTESIAN_POINT('',(-0.000834802014672318,0.0381264369020419,-0.0749709049225375));
#8634=CARTESIAN_POINT('',(0.00027532506976917,0.0381020008459908,-0.0750970407998));
#8635=CARTESIAN_POINT('',(0.000834945666583306,0.0380892969420644,-0.0751366241089108));
#8636=CARTESIAN_POINT('',(0.00195483478159736,0.0380635528753479,-0.0751698715926497));
#8637=CARTESIAN_POINT('',(0.00251513010968278,0.0380505135898873,-0.0751635358446951));
#8638=CARTESIAN_POINT('',(0.00362771888332707,0.038024529814068,-0.0751025209986146));
#8639=CARTESIAN_POINT('',(0.00418003956477894,0.0380115864352136,-0.0750478439536316));
#8640=CARTESIAN_POINT('',(0.00526695290866172,0.0379859910991792,-0.0748842387071527));
#8641=CARTESIAN_POINT('',(0.00580159284227382,0.0379733280600488,-0.0747753564408697));
#8642=CARTESIAN_POINT('',(0.00658140544907213,0.0379545841915504,-0.0745639923779367));
#8643=CARTESIAN_POINT('',(0.00683764248670139,0.0379483742178406,-0.0744855104193111));
#8644=CARTESIAN_POINT('',(0.00721498778828361,0.0379391866556954,-0.0743542338246358));
#8645=CARTESIAN_POINT('',(0.00733959923378929,0.0379361451748727,-0.0743082122895851));
#8646=CARTESIAN_POINT('',(0.00758614253842606,0.0379301593397075,-0.0742112166022524));
#8647=CARTESIAN_POINT('',(0.00770807656759541,0.0379272129719917,-0.0741602466257402));
#8648=CARTESIAN_POINT('',(0.00782844438638125,0.037924374761449,-0.0741064781193773));
#8649=CARTESIAN_POINT('',(-0.00491368547613167,0.0382905922625765,-0.0735207363643848));
#8650=CARTESIAN_POINT('',(-0.00479545312442098,0.038289261637158,-0.0735787729515005));
#8651=CARTESIAN_POINT('',(-0.00467584645025491,0.0382878233115789,-0.0736343692009491));
#8652=CARTESIAN_POINT('',(-0.00443421380789464,0.0382847352767624,-0.0737411726060918));
#8653=CARTESIAN_POINT('',(-0.00431218033516723,0.038283088190741,-0.0737923633397823));
#8654=CARTESIAN_POINT('',(-0.00394279050889559,0.0382778613582054,-0.0739397407199487));
#8655=CARTESIAN_POINT('',(-0.00369215052732426,0.0382739971885995,-0.0740297432052056));
#8656=CARTESIAN_POINT('',(-0.00292950478081423,0.0382614442263541,-0.0742774607579625));
#8657=CARTESIAN_POINT('',(-0.00240684040646814,0.0382517919248508,-0.0744129980886082));
#8658=CARTESIAN_POINT('',(-0.00134365531085835,0.0382307921273165,-0.0746334709906887));
#8659=CARTESIAN_POINT('',(-0.000803099301613761,0.0382194495777948,-0.0747183758442985));
#8660=CARTESIAN_POINT('',(0.000286958770564374,0.0381958543994421,-0.0748421532722789));
#8661=CARTESIAN_POINT('',(0.000836488390720728,0.0381836027043441,-0.0748810226790523));
#8662=CARTESIAN_POINT('',(0.00193620531836834,0.0381587973913579,-0.0749137922813181));
#8663=CARTESIAN_POINT('',(0.00248641972321108,0.0381462446580497,-0.0749076926130728));
#8664=CARTESIAN_POINT('',(0.00357898089526708,0.0381212580122653,-0.0748481017294822));
#8665=CARTESIAN_POINT('',(0.0041213544037427,0.0381088254011109,-0.0747946119456741));
#8666=CARTESIAN_POINT('',(0.0051886273739968,0.0380842851309076,-0.0746343195952782));
#8667=CARTESIAN_POINT('',(0.00571356757671302,0.0380721702387487,-0.0745275503772526));
#8668=CARTESIAN_POINT('',(0.00647914485039847,0.0380542703408732,-0.0743201189825502));
#8669=CARTESIAN_POINT('',(0.00673068825854649,0.0380483467078205,-0.0742430735043263));
#8670=CARTESIAN_POINT('',(0.00710112486915939,0.0380395698344784,-0.0741142218267329));
#8671=CARTESIAN_POINT('',(0.00722345549024693,0.0380366620103086,-0.0740690542300866));
#8672=CARTESIAN_POINT('',(0.00746550957231953,0.0380309149693086,-0.0739739081091242));
#8673=CARTESIAN_POINT('',(0.00758522289722988,0.0380280828507401,-0.0739239107993956));
#8674=CARTESIAN_POINT('',(0.00770338417847624,0.0380253570153297,-0.0738711429797499));
#8675=CARTESIAN_POINT('',(-0.00469516380640802,0.0384678856261291,-0.0730575165443809));
#8676=CARTESIAN_POINT('',(-0.00458142766030308,0.0384666378243081,-0.0731133656727082));
#8677=CARTESIAN_POINT('',(-0.00446648384941383,0.0384651887481698,-0.073167133011626));
#8678=CARTESIAN_POINT('',(-0.00423416028885579,0.0384621596011729,-0.0732702528807081));
#8679=CARTESIAN_POINT('',(-0.00411681733033737,0.0384605492937306,-0.0733196824939875));
#8680=CARTESIAN_POINT('',(-0.00376157284124138,0.0384554721114485,-0.0734619464671336));
#8681=CARTESIAN_POINT('',(-0.00352046493359336,0.0384517567259266,-0.0735487741105166));
#8682=CARTESIAN_POINT('',(-0.00278666027776764,0.0384397767793178,-0.0737875994746541));
#8683=CARTESIAN_POINT('',(-0.00228356178592037,0.0384306690588771,-0.0739180660846557));
#8684=CARTESIAN_POINT('',(-0.00125996944051886,0.0384109710214121,-0.074130167149633));
#8685=CARTESIAN_POINT('',(-0.00073944194153311,0.0384003867113561,-0.0742117742774983));
#8686=CARTESIAN_POINT('',(0.000310324312228005,0.0383784301197544,-0.0743308158097873));
#8687=CARTESIAN_POINT('',(0.000839590728619265,0.038367059121685,-0.074368246643366));
#8688=CARTESIAN_POINT('',(0.0018987979472918,0.0383440823296584,-0.0744000340464794));
#8689=CARTESIAN_POINT('',(0.00242876626764146,0.038332477281363,-0.0743943918816227));
#8690=CARTESIAN_POINT('',(0.00348110341245679,0.0383094353649997,-0.0743376099247511));
#8691=CARTESIAN_POINT('',(0.00400349943705688,0.0382979996192781,-0.0742864730718252));
#8692=CARTESIAN_POINT('',(0.00503131625614101,0.038275528245168,-0.0741327289509535));
#8693=CARTESIAN_POINT('',(0.00553677091604763,0.0382644908281027,-0.0740301372389454));
#8694=CARTESIAN_POINT('',(0.00627369583995275,0.0382482765585852,-0.0738303853190808));
#8695=CARTESIAN_POINT('',(0.00651578582783882,0.038242926405899,-0.0737561355759855));
#8696=CARTESIAN_POINT('',(0.00687225894550819,0.0382350046748943,-0.0736319304769307));
#8697=CARTESIAN_POINT('',(0.00698997170386562,0.0382323809454016,-0.0735883886166043));
#8698=CARTESIAN_POINT('',(0.00722289754372596,0.0382271780617473,-0.0734967071914452));
#8699=CARTESIAN_POINT('',(0.00733815895438016,0.0382245641026602,-0.0734486594152061));
#8700=CARTESIAN_POINT('',(0.00745189450501003,0.0382220564158699,-0.0733978960660315));
#8701=CARTESIAN_POINT('',(-0.00458570838938316,0.0385538533942718,-0.0728254941612607));
#8702=CARTESIAN_POINT('',(-0.00447422594812876,0.0385526463109144,-0.0728802461504145));
#8703=CARTESIAN_POINT('',(-0.00436152402596798,0.0385512705605226,-0.0729328972631268));
#8704=CARTESIAN_POINT('',(-0.0041338262696975,0.0385483116052089,-0.0730340890157119));
#8705=CARTESIAN_POINT('',(-0.00401882742083028,0.0385467295244368,-0.0730826230433236));
#8706=CARTESIAN_POINT('',(-0.00367065839570315,0.0385417493725145,-0.0732223001975161));
#8707=CARTESIAN_POINT('',(-0.0034343278957149,0.0385381142705951,-0.0733075364210601));
#8708=CARTESIAN_POINT('',(-0.00271497679412285,0.0385264297164469,-0.0735419056079604));
#8709=CARTESIAN_POINT('',(-0.00222169414430281,0.0385175879363185,-0.0736698381225079));
#8710=CARTESIAN_POINT('',(-0.0012179634780052,0.0384985262457668,-0.073877747227967));
#8711=CARTESIAN_POINT('',(-0.000707487607433411,0.0384883110855519,-0.073957701983268));
#8712=CARTESIAN_POINT('',(0.000322056311830873,0.0384671522483312,-0.0740743657143597));
#8713=CARTESIAN_POINT('',(0.000841150225589364,0.0384562097405119,-0.0741110721155112));
#8714=CARTESIAN_POINT('',(0.00188002008555232,0.0384341227140515,-0.0741423549353629));
#8715=CARTESIAN_POINT('',(0.00239982325078312,0.0384229787907777,-0.0741369344767713));
#8716=CARTESIAN_POINT('',(0.0034319638527288,0.0384008844333057,-0.0740815373442132));
#8717=CARTESIAN_POINT('',(0.00394433004963639,0.0383899347508203,-0.0740315664347458));
#8718=CARTESIAN_POINT('',(0.0049523304097371,0.0383684770658142,-0.0738810579315188));
#8719=CARTESIAN_POINT('',(0.00544800089745841,0.0383579689614396,-0.073780530671432));
#8720=CARTESIAN_POINT('',(0.00617050714873775,0.038342595756918,-0.0735845263359909));
#8721=CARTESIAN_POINT('',(0.00640783975520254,0.0383375315275414,-0.073511637297989));
#8722=CARTESIAN_POINT('',(0.00675725939633576,0.0383300512044751,-0.073389658757671));
#8723=CARTESIAN_POINT('',(0.00687263420925817,0.0383275781973996,-0.0733468866696227));
#8724=CARTESIAN_POINT('',(0.00710090950915405,0.0383226887165857,-0.0732567988989945));
#8725=CARTESIAN_POINT('',(0.00721379862455021,0.0383202832039846,-0.0732094614832392));
#8726=CARTESIAN_POINT('',(0.00732531498210306,0.0383178812906821,-0.0731597019178184));
#8727=CARTESIAN_POINT('',(-0.00359887452485167,0.0393036751295965,-0.0707336146434074));
#8728=CARTESIAN_POINT('',(-0.00350772337218499,0.0393028280020422,-0.0707784629905118));
#8729=CARTESIAN_POINT('',(-0.0034155652044804,0.039301887805157,-0.0708217381822955));
#8730=CARTESIAN_POINT('',(-0.00322935451659519,0.0392998003053074,-0.0709050848267865));
#8731=CARTESIAN_POINT('',(-0.00313530604237965,0.0392986524549049,-0.0709451661347372));
#8732=CARTESIAN_POINT('',(-0.00285051304173617,0.0392949587341785,-0.0710606443048281));
#8733=CARTESIAN_POINT('',(-0.00265710820475921,0.0392921761777799,-0.0711312475421436));
#8734=CARTESIAN_POINT('',(-0.00206789505540799,0.0392833581428873,-0.0713248916370198));
#8735=CARTESIAN_POINT('',(-0.00166311795369762,0.0392768812976633,-0.0714298867350895));
#8736=CARTESIAN_POINT('',(-0.000838609679841616,0.0392634757669654,-0.0715997869822884));
#8737=CARTESIAN_POINT('',(-0.000418866204154842,0.039256507085688,-0.0716647786886381));
#8738=CARTESIAN_POINT('',(0.000428054182555683,0.0392423513835587,-0.0717598961122042));
#8739=CARTESIAN_POINT('',(0.000855270647946637,0.039235160377248,-0.0717900146136352));
#8740=CARTESIAN_POINT('',(0.0017104227968002,0.0392208548940963,-0.0718166511312323));
#8741=CARTESIAN_POINT('',(0.00213839575311217,0.0392137392488332,-0.071813165480083));
#8742=CARTESIAN_POINT('',(0.002988102756958,0.0391999145621534,-0.0717701515066104));
#8743=CARTESIAN_POINT('',(0.00340987251077463,0.0391932044167146,-0.0717306309700949));
#8744=CARTESIAN_POINT('',(0.00423895236853666,0.0391805757939626,-0.0716091955781957));
#8745=CARTESIAN_POINT('',(0.00464626565521355,0.0391746813372238,-0.0715272415492998));
#8746=CARTESIAN_POINT('',(0.00523862739211811,0.039166636547508,-0.0713647746723456));
#8747=CARTESIAN_POINT('',(0.00543293137354163,0.0391640952381144,-0.0713039681019133));
#8748=CARTESIAN_POINT('',(0.0057187491693777,0.0391603108682776,-0.0712020607382673));
#8749=CARTESIAN_POINT('',(0.00581308266064244,0.0391590506140299,-0.0711663147049134));
#8750=CARTESIAN_POINT('',(0.00599982570287253,0.0391564293078747,-0.0710913824545758));
#8751=CARTESIAN_POINT('',(0.00609224348123959,0.0391550581307841,-0.071052211462209));
#8752=CARTESIAN_POINT('',(0.00618373203499629,0.0391535780523386,-0.0710114999696997));
#8753=CARTESIAN_POINT('',(-0.00270942598060868,0.0398013538101913,-0.068848171451032));
#8754=CARTESIAN_POINT('',(-0.00263629689994123,0.0398007779386879,-0.0688841909540392));
#8755=CARTESIAN_POINT('',(-0.00256225078814342,0.0398001696467856,-0.0689185754046347));
#8756=CARTESIAN_POINT('',(-0.00241254282034194,0.0397988989204316,-0.0689844084411946));
#8757=CARTESIAN_POINT('',(-0.00233687836562414,0.0397982367531047,-0.069015850619133));
#8758=CARTESIAN_POINT('',(-0.00210771681065744,0.039796159385042,-0.0691061045374401));
#8759=CARTESIAN_POINT('',(-0.00195206334490901,0.0397946474029827,-0.0691608590178704));
#8760=CARTESIAN_POINT('',(-0.00147813300143002,0.0397897207579355,-0.0693108629060316));
#8761=CARTESIAN_POINT('',(-0.00115294057885861,0.0397859260330868,-0.0693918960846627));
#8762=CARTESIAN_POINT('',(-0.000490965664326798,0.0397778142566144,-0.0695231405624872));
#8763=CARTESIAN_POINT('',(-0.000154171610005354,0.0397735028839086,-0.0695733604002287));
#8764=CARTESIAN_POINT('',(0.000525297356184036,0.0397647048636654,-0.0696471708175479));
#8765=CARTESIAN_POINT('',(0.000867988960157217,0.0397602151888122,-0.0696707666519642));
#8766=CARTESIAN_POINT('',(0.0015540822051909,0.0397512921588845,-0.0696923769110607));
#8767=CARTESIAN_POINT('',(0.00189750653679822,0.0397468586484859,-0.0696903966258111));
#8768=CARTESIAN_POINT('',(0.00257968716520012,0.0397382351001648,-0.0696587461549266));
#8769=CARTESIAN_POINT('',(0.00291846297739871,0.0397340497889219,-0.069629076834782));
#8770=CARTESIAN_POINT('',(0.00358502604945399,0.0397260165802169,-0.0695367266238465));
#8771=CARTESIAN_POINT('',(0.00391281786797967,0.0397221807656857,-0.069474002436585));
#8772=CARTESIAN_POINT('',(0.00439052842779427,0.0397164950544801,-0.0693491161182425));
#8773=CARTESIAN_POINT('',(0.00454744660786022,0.0397146009573172,-0.0693023555949792));
#8774=CARTESIAN_POINT('',(0.00477846630958555,0.0397117493627781,-0.0692235366052877));
#8775=CARTESIAN_POINT('',(0.00485474629478242,0.0397107978273327,-0.0691958150244995));
#8776=CARTESIAN_POINT('',(0.00500563788989634,0.0397089212351558,-0.0691371844892358));
#8777=CARTESIAN_POINT('',(0.0050802477497011,0.039707999875453,-0.069106272700637));
#8778=CARTESIAN_POINT('',(0.00515386780930471,0.0397071155643691,-0.0690735274890005));
#8779=CARTESIAN_POINT('',(-0.00135742962871817,0.0403024859664363,-0.0659822245288772));
#8780=CARTESIAN_POINT('',(-0.00131147946721179,0.0403022204790352,-0.0660048817037472));
#8781=CARTESIAN_POINT('',(-0.0012649499956457,0.0403019545115469,-0.0660263910291648));
#8782=CARTESIAN_POINT('',(-0.0011708430449089,0.0403014105371735,-0.0660672873751894));
#8783=CARTESIAN_POINT('',(-0.00112326667298471,0.0403011324809745,-0.0660866775068357));
#8784=CARTESIAN_POINT('',(-0.000979137740847292,0.0403002768105021,-0.0661419638831331));
#8785=CARTESIAN_POINT('',(-0.000881189321752495,0.0402996786804,-0.066174987542318));
#8786=CARTESIAN_POINT('',(-0.000582974072679706,0.0402977910422991,-0.0662646068755789));
#8787=CARTESIAN_POINT('',(-0.000378397881102957,0.0402964006760099,-0.0663119099535394));
#8788=CARTESIAN_POINT('',(3.74804039684401E-5,0.0402933668025643,-0.0663885166846686));
#8789=CARTESIAN_POINT('',(0.000248820265519093,0.0402917284092258,-0.0664177524362076));
#8790=CARTESIAN_POINT('',(0.000674907261263707,0.0402883200195174,-0.0664611473826093));
#8791=CARTESIAN_POINT('',(0.000889679024750104,0.0402865518971163,-0.0664752767261535));
#8792=CARTESIAN_POINT('',(0.00131980761225945,0.0402829857322212,-0.0664890677708133));
#8793=CARTESIAN_POINT('',(0.00153518473904775,0.0402811879878626,-0.0664887302575918));
#8794=CARTESIAN_POINT('',(0.00196357184028624,0.040277620448044,-0.0664722785704578));
#8795=CARTESIAN_POINT('',(0.00217660637524137,0.0402758491376761,-0.0664561953047146));
#8796=CARTESIAN_POINT('',(0.0025965934713135,0.0402723585629923,-0.0664045467478232));
#8797=CARTESIAN_POINT('',(0.00280358738229407,0.040270628821465,-0.0663690605928253));
#8798=CARTESIAN_POINT('',(0.00310546342906788,0.040268165998082,-0.066295507724112));
#8799=CARTESIAN_POINT('',(0.00320463165027381,0.0402673705434706,-0.0662675580219732));
#8800=CARTESIAN_POINT('',(0.00335048582934221,0.0402662517123974,-0.066219333449402));
#8801=CARTESIAN_POINT('',(0.00339861880796696,0.0402658912758441,-0.066202204875532));
#8802=CARTESIAN_POINT('',(0.00349379108684731,0.0402651970004097,-0.0661656419061205));
#8803=CARTESIAN_POINT('',(0.00354083059403096,0.0402648619231365,-0.0661462073182873));
#8804=CARTESIAN_POINT('',(0.00358727047490657,0.0402645400710422,-0.0661255442047364));
#8805=CARTESIAN_POINT('',(-0.000903786318916186,0.0404286254878477,-0.0650205964552029));
#8806=CARTESIAN_POINT('',(-0.000866916407179057,0.040428447429195,-0.0650387813890653));
#8807=CARTESIAN_POINT('',(-0.000829556008594892,0.0404282684888774,-0.065055910718586));
#8808=CARTESIAN_POINT('',(-0.000753992230843388,0.0404279083322636,-0.0650883793737286));
#8809=CARTESIAN_POINT('',(-0.000715787484543205,0.0404277271371606,-0.0651037143906201));
#8810=CARTESIAN_POINT('',(-0.000600060644820283,0.0404271755237256,-0.0651473415175752));
#8811=CARTESIAN_POINT('',(-0.000521430986273814,0.0404267960951073,-0.065173264714856));
#8812=CARTESIAN_POINT('',(-0.000282110179506953,0.0404256027504327,-0.0652434294490314));
#8813=CARTESIAN_POINT('',(-0.000118051204414276,0.0404247336607175,-0.0652801966022955));
#8814=CARTESIAN_POINT('',(0.000215230456610295,0.0404228554523208,-0.0653397853546081));
#8815=CARTESIAN_POINT('',(0.000384476843287632,0.0404218474972217,-0.0653625412773305));
#8816=CARTESIAN_POINT('',(0.000725581888479636,0.0404197400014173,-0.0653964635764326));
#8817=CARTESIAN_POINT('',(0.00089745969166708,0.0404186414768227,-0.0654075949970132));
#8818=CARTESIAN_POINT('',(0.00124173434570694,0.0404164066127069,-0.06541870535379));
#8819=CARTESIAN_POINT('',(0.00141414730356375,0.0404152703268147,-0.0654186866049133));
#8820=CARTESIAN_POINT('',(0.00175729522322427,0.0404130021531801,-0.0654064963648789));
#8821=CARTESIAN_POINT('',(0.00192805400265892,0.0404118690206511,-0.0653943651035718));
#8822=CARTESIAN_POINT('',(0.00226501833159275,0.0404096541944274,-0.0653549368298106));
#8823=CARTESIAN_POINT('',(0.00243125765909416,0.0404085719679797,-0.0653277046287679));
#8824=CARTESIAN_POINT('',(0.00267387547048488,0.0404070626432141,-0.0652704292694697));
#8825=CARTESIAN_POINT('',(0.00275361577856993,0.0404065786010645,-0.0652485654624367));
#8826=CARTESIAN_POINT('',(0.00287094728299084,0.0404058939134479,-0.065210608296295));
#8827=CARTESIAN_POINT('',(0.00290967771192908,0.0404056725939292,-0.0651970937866927));
#8828=CARTESIAN_POINT('',(0.0029862557939285,0.0404052486669034,-0.0651681100076903));
#8829=CARTESIAN_POINT('',(0.00302410435752226,0.040405046687883,-0.0651526436597631));
#8830=CARTESIAN_POINT('',(0.00306142768350091,0.0404048570955043,-0.0651360265251278));
#8831=CARTESIAN_POINT('',(-0.000218776481767973,0.040555193250434,-0.0635685201743198));
#8832=CARTESIAN_POINT('',(-0.000195628948912738,0.0405551135753407,-0.0635799397692423));
#8833=CARTESIAN_POINT('',(-0.000172172158248924,0.0405550347180314,-0.0635906694445031));
#8834=CARTESIAN_POINT('',(-0.000124709995593336,0.0405548770135625,-0.0636108995507828));
#8835=CARTESIAN_POINT('',(-0.000100705636130661,0.0405547981557397,-0.0636204031386638));
#8836=CARTESIAN_POINT('',(-2.79877454418383E-5,0.0405545605840143,-0.0636473413506942));
#8837=CARTESIAN_POINT('',(2.14246314493658E-5,0.0405544009858982,-0.0636632224467377));
#8838=CARTESIAN_POINT('',(0.000171710691485044,0.0405539108893765,-0.063706229782093));
#8839=CARTESIAN_POINT('',(0.000274592410326598,0.04055356730074,-0.0637288363435767));
#8840=CARTESIAN_POINT('',(0.000483344819706457,0.040552828504516,-0.0637657648816249));
#8841=CARTESIAN_POINT('',(0.000589250347491826,0.0405524342537438,-0.0637799941546262));
#8842=CARTESIAN_POINT('',(0.000802617611636096,0.0405516045760302,-0.0638012582975639));
#8843=CARTESIAN_POINT('',(0.000910092143119052,0.0405511694798678,-0.0638082695816248));
#8844=CARTESIAN_POINT('',(0.00112538580045995,0.0405502754961477,-0.0638152699785039));
#8845=CARTESIAN_POINT('',(0.00123321429770281,0.0405498165893314,-0.0638152603694833));
#8846=CARTESIAN_POINT('',(0.00144794747044994,0.0405488949332994,-0.0638077044068458));
#8847=CARTESIAN_POINT('',(0.00155486635960279,0.0405484318566472,-0.0638001844323657));
#8848=CARTESIAN_POINT('',(0.00176613409224075,0.0405475299805738,-0.0637760135304252));
#8849=CARTESIAN_POINT('',(0.00187051950587731,0.0405470900857946,-0.0637594611492978));
#8850=CARTESIAN_POINT('',(0.0020231556837106,0.0405464873313949,-0.0637246290162464));
#8851=CARTESIAN_POINT('',(0.0020733648021517,0.0405462963250854,-0.0637113191694275));
#8852=CARTESIAN_POINT('',(0.00214723808275924,0.0405460346883863,-0.0636879277652249));
#8853=CARTESIAN_POINT('',(0.00217162035015153,0.0405459516769624,-0.0636795544721054));
#8854=CARTESIAN_POINT('',(0.00221981235300487,0.0405457955460176,-0.0636614689185958));
#8855=CARTESIAN_POINT('',(0.00224362111455153,0.0405457222452862,-0.0636517538990057));
#8856=CARTESIAN_POINT('',(0.00226710378070678,0.0405456545688635,-0.0636412878732021));
#8857=CARTESIAN_POINT('',(1.03176093556368E-5,0.0405869422513743,-0.0630828890522969));
#8858=CARTESIAN_POINT('',(2.88646928287954E-5,0.0405868898967363,-0.0630920396478682));
#8859=CARTESIAN_POINT('',(4.7695566311826E-5,0.0405868383081602,-0.0631005318519007));
#8860=CARTESIAN_POINT('',(8.5791146188064E-5,0.0405867358165296,-0.0631165584397377));
#8861=CARTESIAN_POINT('',(0.000105057504791725,0.0405866849225824,-0.0631240875885621));
#8862=CARTESIAN_POINT('',(0.000163396548112148,0.0405865321764418,-0.0631454998991238));
#8863=CARTESIAN_POINT('',(0.000203004168327032,0.0405864301721743,-0.0631582178844505));
#8864=CARTESIAN_POINT('',(0.000323417956089041,0.0405861180753928,-0.0631928241037744));
#8865=CARTESIAN_POINT('',(0.000405779710494246,0.0405859015922602,-0.0632111992152244));
#8866=CARTESIAN_POINT('',(0.000572898485455737,0.0405854397010667,-0.0632412282090958));
#8867=CARTESIAN_POINT('',(0.000657666545222479,0.040585194519465,-0.0632528366428843));
#8868=CARTESIAN_POINT('',(0.000828445823406453,0.0405846779904432,-0.0632701654758299));
#8869=CARTESIAN_POINT('',(0.000914462615907706,0.0405844068727816,-0.063275867752748));
#8870=CARTESIAN_POINT('',(0.00108677313217208,0.0405838482701878,-0.0632814852909662));
#8871=CARTESIAN_POINT('',(0.00117307187893924,0.0405835608025823,-0.0632814033186657));
#8872=CARTESIAN_POINT('',(0.00134493929621825,0.0405829829117169,-0.0632750741025062));
#8873=CARTESIAN_POINT('',(0.00143051845563568,0.0405826923039826,-0.0632688505823639));
#8874=CARTESIAN_POINT('',(0.00159965478238036,0.0405821282160034,-0.063249054322198));
#8875=CARTESIAN_POINT('',(0.00168323727857948,0.040581854439289,-0.0632355329952417));
#8876=CARTESIAN_POINT('',(0.00180555749556381,0.0405814829134362,-0.0632074917588727));
#8877=CARTESIAN_POINT('',(0.00184582494211061,0.0405813656492314,-0.0631968406313372));
#8878=CARTESIAN_POINT('',(0.0019051343960483,0.0405812048513104,-0.063178286762448));
#8879=CARTESIAN_POINT('',(0.00192472182349934,0.0405811537770759,-0.0631716697027649));
#8880=CARTESIAN_POINT('',(0.00196344066884472,0.040581058256978,-0.0631573702958249));
#8881=CARTESIAN_POINT('',(0.00198257394701265,0.0405810138295334,-0.0631496930886955));
#8882=CARTESIAN_POINT('',(0.00200140252716114,0.0405809740494275,-0.0631412979671415));
#8883=CARTESIAN_POINT('',(0.000470033763032515,0.0406293456261573,-0.0621083878313041));
#8884=CARTESIAN_POINT('',(0.000479319989272591,0.0406293329615418,-0.0621129701753519));
#8885=CARTESIAN_POINT('',(0.000488724063836486,0.0406293206772251,-0.0621173456424886));
#8886=CARTESIAN_POINT('',(0.000507752981557993,0.0406292967044591,-0.062125665672628));
#8887=CARTESIAN_POINT('',(0.000517377191533621,0.0406292850121249,-0.0621296123907876));
#8888=CARTESIAN_POINT('',(0.000546538918298205,0.0406292505930068,-0.0621408627494314));
#8889=CARTESIAN_POINT('',(0.000566363455408898,0.0406292285248349,-0.0621475812978222));
#8890=CARTESIAN_POINT('',(0.000626680925169725,0.0406291630001837,-0.0621658914255872));
#8891=CARTESIAN_POINT('',(0.000667998973565482,0.0406291199447604,-0.0621756986359989));
#8892=CARTESIAN_POINT('',(0.000751852157604932,0.040629028952127,-0.0621918565617534));
#8893=CARTESIAN_POINT('',(0.000794405117768291,0.0406289811092917,-0.0621981693394734));
#8894=CARTESIAN_POINT('',(0.000880151554218,0.040628879148141,-0.0622075574722322));
#8895=CARTESIAN_POINT('',(0.000923350479421701,0.0406288250525721,-0.0622106189401368));
#8896=CARTESIAN_POINT('',(0.00100987279872542,0.0406287117859917,-0.0622134702932424));
#8897=CARTESIAN_POINT('',(0.00105319871768451,0.0406286525948141,-0.062213260870756));
#8898=CARTESIAN_POINT('',(0.00113944300847843,0.0406285325860172,-0.0622094528371073));
#8899=CARTESIAN_POINT('',(0.00118236755081353,0.0406284716984903,-0.0622058696832731));
#8900=CARTESIAN_POINT('',(0.00126716236868971,0.0406283551815673,-0.0621948885805917));
#8901=CARTESIAN_POINT('',(0.0013090495467461,0.0406282994865008,-0.0621875299243817));
#8902=CARTESIAN_POINT('',(0.00137027917236419,0.0406282292921249,-0.0621724955830538));
#8903=CARTESIAN_POINT('',(0.00139041471509605,0.0406282082170796,-0.0621668015407253));
#8904=CARTESIAN_POINT('',(0.00142003794986007,0.04062818152882,-0.0621569575020057));
#8905=CARTESIAN_POINT('',(0.0014298148991005,0.040628173456974,-0.0621534578246457));
#8906=CARTESIAN_POINT('',(0.00144914520368087,0.0406281589756732,-0.0621459844881068));
#8907=CARTESIAN_POINT('',(0.00145869783490062,0.0406281525620128,-0.0621420087132563));
#8908=CARTESIAN_POINT('',(0.00146813108221193,0.0406281467649957,-0.0621378012349774));
#8909=CARTESIAN_POINT('',(0.000700655825585784,0.04064,-0.0616195177323343));
#8910=CARTESIAN_POINT('',(0.000705290201874767,0.04064,-0.0616218048228353));
#8911=CARTESIAN_POINT('',(0.000709976117602291,0.04064,-0.0616240289343865));
#8912=CARTESIAN_POINT('',(0.000719444721524891,0.04064,-0.0616283505091181));
#8913=CARTESIAN_POINT('',(0.000724227409719967,0.04064,-0.0616304479722985));
#8914=CARTESIAN_POINT('',(0.000738711173392231,0.04064,-0.0616365493535771));
#8915=CARTESIAN_POINT('',(0.000748547947956455,0.04064,-0.0616403622634126));
#8916=CARTESIAN_POINT('',(0.000778525391082927,0.04064,-0.0616510286742157));
#8917=CARTESIAN_POINT('',(0.000799133179078977,0.04064,-0.0616571098564799));
#8918=CARTESIAN_POINT('',(0.000841190796684714,0.04064,-0.0616671685143193));
#8919=CARTESIAN_POINT('',(0.000862640626294402,0.04064,-0.0616711459898943));
#8920=CARTESIAN_POINT('',(0.000905978716917586,0.04064,-0.0616769530442085));
#8921=CARTESIAN_POINT('',(0.000927866977931084,0.04064,-0.0616787826229475));
#8922=CARTESIAN_POINT('',(0.000971678321152057,0.04064,-0.0616802496934426));
#8923=CARTESIAN_POINT('',(0.000993601403359533,0.04064,-0.0616798871851987));
#8924=CARTESIAN_POINT('',(0.00103707877875864,0.04064,-0.061676925891581));
#8925=CARTESIAN_POINT('',(0.00105863307195026,0.04064,-0.0616743271062072));
#8926=CARTESIAN_POINT('',(0.00110096925910784,0.04064,-0.0616668490681829));
#8927=CARTESIAN_POINT('',(0.00112175115307378,0.04064,-0.0616619698155324));
#8928=CARTESIAN_POINT('',(0.00115204198694607,0.04064,-0.0616529074434888));
#8929=CARTESIAN_POINT('',(0.00116199193039073,0.04064,-0.0616495960706296));
#8930=CARTESIAN_POINT('',(0.00117665850533139,0.04064,-0.0616441889952477));
#8931=CARTESIAN_POINT('',(0.00118150430694055,0.04064,-0.0616423133007715));
#8932=CARTESIAN_POINT('',(0.00119110349034057,0.04064,-0.061638414549317));
#8933=CARTESIAN_POINT('',(0.00119585687213143,0.04064,-0.0616363914923387));
#8934=CARTESIAN_POINT('',(0.00120056089080837,0.04064,-0.0616342944088738));
#8935=CARTESIAN_POINT('',(0.000932048380827841,0.04064,-0.0611290143514796));
#8936=CARTESIAN_POINT('',(0.000932048380827841,0.04064,-0.0611290143514796));
#8937=CARTESIAN_POINT('',(0.000932048380827841,0.04064,-0.0611290143514796));
#8938=CARTESIAN_POINT('',(0.000932048380827841,0.04064,-0.0611290143514796));
#8939=CARTESIAN_POINT('',(0.000932048380827841,0.04064,-0.0611290143514796));
#8940=CARTESIAN_POINT('',(0.000932048380827841,0.04064,-0.0611290143514796));
#8941=CARTESIAN_POINT('',(0.000932048380827841,0.04064,-0.0611290143514796));
#8942=CARTESIAN_POINT('',(0.000932048380827841,0.04064,-0.0611290143514796));
#8943=CARTESIAN_POINT('',(0.000932048380827841,0.04064,-0.0611290143514796));
#8944=CARTESIAN_POINT('',(0.000932048380827841,0.04064,-0.0611290143514796));
#8945=CARTESIAN_POINT('',(0.000932048380827841,0.04064,-0.0611290143514796));
#8946=CARTESIAN_POINT('',(0.000932048380827841,0.04064,-0.0611290143514796));
#8947=CARTESIAN_POINT('',(0.000932048380827841,0.04064,-0.0611290143514796));
#8948=CARTESIAN_POINT('',(0.000932048380827841,0.04064,-0.0611290143514796));
#8949=CARTESIAN_POINT('',(0.000932048380827841,0.04064,-0.0611290143514796));
#8950=CARTESIAN_POINT('',(0.000932048380827841,0.04064,-0.0611290143514796));
#8951=CARTESIAN_POINT('',(0.000932048380827841,0.04064,-0.0611290143514796));
#8952=CARTESIAN_POINT('',(0.000932048380827841,0.04064,-0.0611290143514796));
#8953=CARTESIAN_POINT('',(0.000932048380827841,0.04064,-0.0611290143514796));
#8954=CARTESIAN_POINT('',(0.000932048380827841,0.04064,-0.0611290143514796));
#8955=CARTESIAN_POINT('',(0.000932048380827841,0.04064,-0.0611290143514796));
#8956=CARTESIAN_POINT('',(0.000932048380827841,0.04064,-0.0611290143514796));
#8957=CARTESIAN_POINT('',(0.000932048380827841,0.04064,-0.0611290143514796));
#8958=CARTESIAN_POINT('',(0.000932048380827841,0.04064,-0.0611290143514796));
#8959=CARTESIAN_POINT('',(0.000932048380827841,0.04064,-0.0611290143514796));
#8960=CARTESIAN_POINT('',(0.000932048380827841,0.04064,-0.0611290143514796));
#8961=CARTESIAN_POINT('',(0.0577380271792708,0.00254,8.67361737988404E-19));
#8962=CARTESIAN_POINT('',(0.0577380271792708,0.0408686,8.67361737988404E-19));
#8963=CARTESIAN_POINT('',(0.0581677446228705,0.00254,0.00540210485628477));
#8964=CARTESIAN_POINT('',(0.0581677446228705,0.0408686,0.00540210485628477));
#8965=CARTESIAN_POINT('',(0.0572642821619484,0.00254,0.0201499045526864));
#8966=CARTESIAN_POINT('',(0.0572642821619484,0.0408686,0.0201499045526864));
#8967=CARTESIAN_POINT('',(0.0510799924065457,0.00254,0.0454665894399941));
#8968=CARTESIAN_POINT('',(0.0510799924065457,0.0408686,0.0454665894399941));
#8969=CARTESIAN_POINT('',(0.0414412580339231,0.00254,0.0677751223254621));
#8970=CARTESIAN_POINT('',(0.0414412580339231,0.0408686,0.0677751223254621));
#8971=CARTESIAN_POINT('',(0.031864593989263,0.00254,0.080982447074237));
#8972=CARTESIAN_POINT('',(0.031864593989263,0.0408686,0.080982447074237));
#8973=CARTESIAN_POINT('',(0.0118909447350181,0.00254,0.0955699001920798));
#8974=CARTESIAN_POINT('',(0.0118909447350181,0.0408686,0.0955699001920798));
#8975=CARTESIAN_POINT('',(0.000223288752579862,0.00254,0.0976070883368453));
#8976=CARTESIAN_POINT('',(0.000223288752579862,0.0408686,0.0976070883368453));
#8977=CARTESIAN_POINT('',(-0.0185735498274486,0.00254,0.0954108393198));
#8978=CARTESIAN_POINT('',(-0.0185735498274486,0.0408686,0.0954108393198));
#8979=CARTESIAN_POINT('',(-0.0346160320007457,0.00254,0.0778292478983838));
#8980=CARTESIAN_POINT('',(-0.0346160320007457,0.0408686,0.0778292478983838));
#8981=CARTESIAN_POINT('',(-0.0474868009535216,0.00254,0.0601875187492371));
#8982=CARTESIAN_POINT('',(-0.0474868009535216,0.0408686,0.0601875187492371));
#8983=CARTESIAN_POINT('',(-0.0529279006331452,0.00254,0.0393499767714318));
#8984=CARTESIAN_POINT('',(-0.0529279006331452,0.0408686,0.0393499767714318));
#8985=CARTESIAN_POINT('',(-0.0575207624277562,0.00254,0.026075080385743));
#8986=CARTESIAN_POINT('',(-0.0575207624277562,0.0408686,0.026075080385743));
#8987=CARTESIAN_POINT('',(-0.0588414527115115,0.00254,0.00616867921511317));
#8988=CARTESIAN_POINT('',(-0.0588414527115115,0.0408686,0.00616867921511317));
#8989=CARTESIAN_POINT('',(-0.0433207110800371,0.00254,0.0259392960090837));
#8990=CARTESIAN_POINT('',(-0.0433207110800371,0.0408686,0.0259392960090837));
#8991=CARTESIAN_POINT('',(-0.0325725309161247,0.00254,0.0284164687248354));
#8992=CARTESIAN_POINT('',(-0.0325725309161247,0.0408686,0.0284164687248354));
#8993=CARTESIAN_POINT('',(-0.0174868362786005,0.00254,0.0345410124410211));
#8994=CARTESIAN_POINT('',(-0.0174868362786005,0.0408686,0.0345410124410211));
#8995=CARTESIAN_POINT('',(0.000531509493480357,0.00254,0.031578981804964));
#8996=CARTESIAN_POINT('',(0.000531509493480357,0.0408686,0.031578981804964));
#8997=CARTESIAN_POINT('',(0.0214072457868759,0.00254,0.0192491708024988));
#8998=CARTESIAN_POINT('',(0.0214072457868759,0.0408686,0.0192491708024988));
#8999=CARTESIAN_POINT('',(0.0322839777098985,0.00254,0.00477811114606331));
#9000=CARTESIAN_POINT('',(0.0322839777098985,0.0408686,0.00477811114606331));
#9001=CARTESIAN_POINT('',(0.0405787606649846,0.00254,-0.00972641559533163));
#9002=CARTESIAN_POINT('',(0.0405787606649846,0.0408686,-0.00972641559533163));
#9003=CARTESIAN_POINT('',(0.0521344154251962,0.00254,-0.025587685036705));
#9004=CARTESIAN_POINT('',(0.0521344154251962,0.0408686,-0.025587685036705));
#9005=CARTESIAN_POINT('',(0.0557512091057862,0.00254,-0.0107492462014834));
#9006=CARTESIAN_POINT('',(0.0557512091057862,0.0408686,-0.0107492462014834));
#9007=CARTESIAN_POINT('',(0.0573970947274975,0.00254,-0.00428596251053157));
#9008=CARTESIAN_POINT('',(0.0573970947274975,0.0408686,-0.00428596251053157));
#9009=CARTESIAN_POINT('',(0.0577380271792708,0.00254,8.67361737988404E-19));
#9010=CARTESIAN_POINT('',(0.0577380271792708,0.0408686,8.67361737988404E-19));
#9011=CARTESIAN_POINT('',(0.0577380271792708,0.00254,8.67361737988404E-19));
#9012=CARTESIAN_POINT('',(0.0581677446228705,0.00254,0.00540210485628477));
#9013=CARTESIAN_POINT('',(0.0572642821619484,0.00254,0.0201499045526864));
#9014=CARTESIAN_POINT('',(0.0510799924065457,0.00254,0.0454665894399941));
#9015=CARTESIAN_POINT('',(0.0414412580339231,0.00254,0.0677751223254621));
#9016=CARTESIAN_POINT('',(0.031864593989263,0.00254,0.080982447074237));
#9017=CARTESIAN_POINT('',(0.0118909447350181,0.00254,0.0955699001920798));
#9018=CARTESIAN_POINT('',(0.000223288752579862,0.00254,0.0976070883368453));
#9019=CARTESIAN_POINT('',(-0.0185735498274486,0.00254,0.0954108393198));
#9020=CARTESIAN_POINT('',(-0.0346160320007457,0.00254,0.0778292478983838));
#9021=CARTESIAN_POINT('',(-0.0474868009535216,0.00254,0.0601875187492371));
#9022=CARTESIAN_POINT('',(-0.0529279006331452,0.00254,0.0393499767714318));
#9023=CARTESIAN_POINT('',(-0.0575207624277562,0.00254,0.026075080385743));
#9024=CARTESIAN_POINT('',(-0.0588414527115115,0.00254,0.00616867921511317));
#9025=CARTESIAN_POINT('',(-0.0433207110800371,0.00254,0.0259392960090837));
#9026=CARTESIAN_POINT('',(-0.0325725309161247,0.00254,0.0284164687248354));
#9027=CARTESIAN_POINT('',(-0.0174868362786005,0.00254,0.0345410124410211));
#9028=CARTESIAN_POINT('',(0.000531509493480357,0.00254,0.031578981804964));
#9029=CARTESIAN_POINT('',(0.0214072457868759,0.00254,0.0192491708024988));
#9030=CARTESIAN_POINT('',(0.0322839777098985,0.00254,0.00477811114606331));
#9031=CARTESIAN_POINT('',(0.0405787606649846,0.00254,-0.00972641559533163));
#9032=CARTESIAN_POINT('',(0.0521344154251962,0.00254,-0.025587685036705));
#9033=CARTESIAN_POINT('',(0.0557512091057862,0.00254,-0.0107492462014834));
#9034=CARTESIAN_POINT('',(0.0573970947274975,0.00254,-0.00428596251053157));
#9035=CARTESIAN_POINT('',(0.0577380271792708,0.00254,8.67361737988404E-19));
#9036=CARTESIAN_POINT('',(0.0577380271792708,0.00254,8.67361737988404E-19));
#9037=CARTESIAN_POINT('',(-0.000172370433199773,0.00254,0.0360097016500701));
#9038=CARTESIAN_POINT('',(0.102954997425922,0.03937,0.00576162356397516));
#9039=CARTESIAN_POINT('',(-0.0539851627440358,0.04064,0.00699284469624528));
#9040=CARTESIAN_POINT('',(-0.0539851627440358,0.04064,0.00699284469624528));
#9041=CARTESIAN_POINT('',(-0.0539851627440358,0.03429,0.00699284469624528));
#9042=CARTESIAN_POINT('',(0.102954997425922,0.04064,0.00576162356397516));
#9043=CARTESIAN_POINT('',(-0.0534176800275578,0.04064,-0.00762925115273009));
#9044=CARTESIAN_POINT('',(-0.0534176800275578,0.04064,-0.00762925115273009));
#9045=CARTESIAN_POINT('',(-0.0534176800275578,0.03429,-0.00762925115273009));
#9046=CARTESIAN_POINT('',(0.102954997425922,0.03429,0.00576162356397516));
#9047=CARTESIAN_POINT('',(-0.0455024085036223,0.04064,6.73157601768718E-19));
#9048=CARTESIAN_POINT('',(-0.0455024085036223,0.03429,6.73157601768718E-19));
#9049=CARTESIAN_POINT('',(-0.0455024085036223,0.03429,6.73157601768718E-19));
#9050=CARTESIAN_POINT('',(-0.0455024085036223,0.04064,6.73157601768718E-19));
#9051=CARTESIAN_POINT('',(-0.00125297351986243,0.03429,0.));
#9052=CARTESIAN_POINT('',(-0.00125297351986243,0.04064,0.));
#9053=CARTESIAN_POINT('',(-0.0289623733925993,0.04064,-0.0640427588893263));
#9054=CARTESIAN_POINT('',(-0.0289623733925993,0.03429,-0.0640427588893263));
#9055=CARTESIAN_POINT('',(-0.0289623733925993,0.04064,-0.0640427588893263));
#9056=CARTESIAN_POINT('',(-0.0289623733925993,0.04064,-0.0702506529998343));
#9057=CARTESIAN_POINT('',(0.,0.03429,0.));
#9058=CARTESIAN_POINT('',(0.,0.04064,0.));
#9059=CARTESIAN_POINT('',(-0.0487448385638379,0.04064,-0.0342688402527769));
#9060=CARTESIAN_POINT('',(-0.0487448385638379,0.03429,-0.0342688402527769));
#9061=CARTESIAN_POINT('',(-0.0478406623789461,0.04064,-0.0375930720467392));
#9062=CARTESIAN_POINT('',(-0.0478406623789461,0.03429,-0.0375930720467392));
#9063=CARTESIAN_POINT('',(-0.0468254319414591,0.04064,-0.0408392176274525));
#9064=CARTESIAN_POINT('',(-0.0468254319414591,0.03429,-0.0408392176274525));
#9065=CARTESIAN_POINT('',(-0.0457060643124913,0.04064,-0.0439851600581709));
#9066=CARTESIAN_POINT('',(-0.0457060643124913,0.03429,-0.0439851600581709));
#9067=CARTESIAN_POINT('',(-0.0487448385638379,0.04064,-0.0342688402527768));
#9068=CARTESIAN_POINT('',(-0.0487448385638379,0.04064,-0.0342688402527768));
#9069=CARTESIAN_POINT('',(-0.0487448385638379,0.03429,-0.0342688402527768));
#9070=CARTESIAN_POINT('',(0.,0.04064,0.));
#9071=CARTESIAN_POINT('',(-0.0457060643124913,0.04064,-0.0439851600581709));
#9072=CARTESIAN_POINT('',(-0.0457060643124913,0.04064,-0.0439851600581709));
#9073=CARTESIAN_POINT('',(-0.0457060643124913,0.03429,-0.0439851600581709));
#9074=CARTESIAN_POINT('',(0.,0.03429,0.));
#9075=CARTESIAN_POINT('',(-0.0403453711123113,0.04064,-0.0369752584096132));
#9076=CARTESIAN_POINT('',(-0.0403453711123113,0.03429,-0.0369752584096132));
#9077=CARTESIAN_POINT('',(-0.0403453711123113,0.03429,-0.0369752584096132));
#9078=CARTESIAN_POINT('',(-0.0403453711123113,0.04064,-0.0369752584096132));
#9079=CARTESIAN_POINT('',(0.,0.03429,0.));
#9080=CARTESIAN_POINT('',(0.,0.04064,0.));
#9081=MECHANICAL_DESIGN_GEOMETRIC_PRESENTATION_REPRESENTATION('',(#528),
#9083);
#9082=MECHANICAL_DESIGN_GEOMETRIC_PRESENTATION_REPRESENTATION('',(#529,
#20,#21,#22,#23,#24,#25,#26,#27,#28,#29,#30),#9084);
#9083=(
GEOMETRIC_REPRESENTATION_CONTEXT(3)
GLOBAL_UNCERTAINTY_ASSIGNED_CONTEXT((#9085))
GLOBAL_UNIT_ASSIGNED_CONTEXT((#9091,#9089,#9087))
REPRESENTATION_CONTEXT('Part 2','TOP_LEVEL_ASSEMBLY_PART')
);
#9084=(
GEOMETRIC_REPRESENTATION_CONTEXT(3)
GLOBAL_UNCERTAINTY_ASSIGNED_CONTEXT((#9086))
GLOBAL_UNIT_ASSIGNED_CONTEXT((#9092,#9090,#9088))
REPRESENTATION_CONTEXT('Part 1','TOP_LEVEL_ASSEMBLY_PART')
);
#9085=UNCERTAINTY_MEASURE_WITH_UNIT(LENGTH_MEASURE(2.E-5),#9091,
'DISTANCE_ACCURACY_VALUE','Maximum Tolerance applied to model');
#9086=UNCERTAINTY_MEASURE_WITH_UNIT(LENGTH_MEASURE(2.E-5),#9092,
'DISTANCE_ACCURACY_VALUE','Maximum Tolerance applied to model');
#9087=(
NAMED_UNIT(*)
SI_UNIT($,.STERADIAN.)
SOLID_ANGLE_UNIT()
);
#9088=(
NAMED_UNIT(*)
SI_UNIT($,.STERADIAN.)
SOLID_ANGLE_UNIT()
);
#9089=(
NAMED_UNIT(*)
PLANE_ANGLE_UNIT()
SI_UNIT($,.RADIAN.)
);
#9090=(
NAMED_UNIT(*)
PLANE_ANGLE_UNIT()
SI_UNIT($,.RADIAN.)
);
#9091=(
LENGTH_UNIT()
NAMED_UNIT(*)
SI_UNIT($,.METRE.)
);
#9092=(
LENGTH_UNIT()
NAMED_UNIT(*)
SI_UNIT($,.METRE.)
);
#9093=PRODUCT_DEFINITION_SHAPE('','',#9095);
#9094=PRODUCT_DEFINITION_SHAPE('','',#9096);
#9095=PRODUCT_DEFINITION('','',#9099,#9097);
#9096=PRODUCT_DEFINITION('','',#9100,#9098);
#9097=PRODUCT_DEFINITION_CONTEXT('',#9111,'design');
#9098=PRODUCT_DEFINITION_CONTEXT('',#9112,'design');
#9099=PRODUCT_DEFINITION_FORMATION_WITH_SPECIFIED_SOURCE('','',#9103,
 .NOT_KNOWN.);
#9100=PRODUCT_DEFINITION_FORMATION_WITH_SPECIFIED_SOURCE('','',#9104,
 .NOT_KNOWN.);
#9101=PRODUCT_RELATED_PRODUCT_CATEGORY('','',(#9103));
#9102=PRODUCT_RELATED_PRODUCT_CATEGORY('','',(#9104));
#9103=PRODUCT('Part 2','Part 2','Part 2',(#9107));
#9104=PRODUCT('Part 1','Part 1','Part 1',(#9108));
#9105=PRODUCT_CATEGORY('','');
#9106=PRODUCT_CATEGORY('','');
#9107=PRODUCT_CONTEXT('',#9111,'mechanical');
#9108=PRODUCT_CONTEXT('',#9112,'mechanical');
#9109=APPLICATION_PROTOCOL_DEFINITION('international standard',
'ap242_managed_model_based_3d_engineering',2020,#9111);
#9110=APPLICATION_PROTOCOL_DEFINITION('international standard',
'ap242_managed_model_based_3d_engineering',2020,#9112);
#9111=APPLICATION_CONTEXT('managed model based 3d engineering');
#9112=APPLICATION_CONTEXT('managed model based 3d engineering');
ENDSEC;
END-ISO-10303-21;
